purchase_id,user_id,purchase_time,product_category,order_value,payment_method
1,1,2024-12-25 19:51:00,Entertainment,67.9,Credit Card
2,1,2024-12-29 04:49:00,Entertainment,30.01,Credit Card
3,3,2024-07-23 10:13:00,Electronics,389.02,Debit Card
4,6,2025-02-23 20:46:00,Electronics,373.55,Debit Card
5,6,2025-02-23 20:36:00,Fashion,73.91,PayPal
6,8,2025-06-02 04:06:00,Food,94.92,PayPal
7,8,2025-06-02 04:17:00,Entertainment,92.33,UPI
8,8,2025-08-18 00:11:00,Food,442.67,PayPal
9,10,2024-12-27 11:56:00,Fashion,192.21,UPI
10,14,2024-06-28 04:13:00,Entertainment,201.52,UPI
11,16,2024-08-30 14:06:00,Entertainment,37.31,UPI
12,16,2024-12-06 05:52:00,Entertainment,302.86,UPI
13,17,2024-08-03 17:47:00,Fashion,422.34,Credit Card
14,17,2024-08-03 17:58:00,Electronics,157.52,Credit Card
15,18,2025-04-08 13:24:00,Entertainment,117.08,Debit Card
16,19,2024-05-26 14:25:00,Fashion,177.27,Debit Card
17,20,2025-10-10 18:09:00,Electronics,454.8,UPI
18,22,2024-10-22 19:40:00,Electronics,101.45,PayPal
19,23,2024-04-07 17:33:00,Electronics,131.79,Credit Card
20,23,2024-03-23 09:39:00,Entertainment,9.2,PayPal
21,28,2025-09-04 18:30:00,Fashion,78.27,Debit Card
22,28,2025-09-04 19:18:00,Fashion,59.68,Debit Card
23,29,2025-11-09 05:20:00,Fashion,116.45,Debit Card
24,29,2026-01-15 06:09:00,Fashion,397.66,Credit Card
25,29,2026-01-15 06:52:00,Fashion,354.46,Credit Card
26,31,2025-02-04 03:57:00,Entertainment,452.18,Credit Card
27,31,2025-02-04 03:55:00,Electronics,292.84,Credit Card
28,32,2026-03-09 00:54:00,Electronics,128.29,Debit Card
29,33,2025-10-17 08:48:00,Entertainment,189.14,PayPal
30,33,2025-09-01 21:46:00,Food,453.77,Credit Card
31,35,2024-12-21 06:24:00,Food,482.87,PayPal
32,35,2024-12-21 05:58:00,Food,82.86,PayPal
33,41,2024-10-13 21:27:00,Entertainment,63.7,Credit Card
34,42,2025-01-11 06:49:00,Entertainment,94.9,Debit Card
35,43,2025-02-04 10:22:00,Electronics,314.35,PayPal
36,43,2025-04-05 07:43:00,Entertainment,269.73,PayPal
37,45,2025-11-18 19:18:00,Fashion,122.34,UPI
38,46,2024-08-21 17:14:00,Fashion,329.37,Credit Card
39,47,2024-07-11 04:48:00,Electronics,440.36,Credit Card
40,47,2024-05-01 02:23:00,Entertainment,170.78,Credit Card
41,48,2024-03-12 22:48:00,Food,159.93,Credit Card
42,48,2024-03-12 22:30:00,Entertainment,490.8,Credit Card
43,50,2024-05-26 08:59:00,Electronics,307.28,Credit Card
44,50,2024-05-26 08:47:00,Food,317.76,Debit Card
45,50,2024-07-29 00:43:00,Food,149.65,PayPal
46,50,2024-07-29 00:46:00,Fashion,473.72,Debit Card
47,50,2024-07-30 10:05:00,Food,297.02,Debit Card
48,50,2024-07-30 09:32:00,Food,369.14,Debit Card
49,51,2025-06-03 13:45:00,Fashion,314.54,Credit Card
50,51,2025-06-03 13:41:00,Food,299.24,UPI
51,53,2024-11-27 08:22:00,Entertainment,372.89,UPI
52,54,2025-12-05 12:58:00,Food,461.95,PayPal
53,57,2024-12-30 23:36:00,Food,286.38,UPI
54,57,2025-01-17 04:48:00,Fashion,350.0,UPI
55,60,2025-12-01 08:14:00,Electronics,99.02,PayPal
56,62,2024-12-07 11:29:00,Electronics,457.69,Credit Card
57,63,2025-01-13 04:37:00,Food,396.64,Debit Card
58,63,2025-03-15 01:38:00,Entertainment,217.9,Debit Card
59,63,2025-03-11 22:50:00,Entertainment,206.57,PayPal
60,63,2025-03-11 22:57:00,Electronics,296.93,Credit Card
61,63,2025-01-01 15:47:00,Entertainment,63.48,Debit Card
62,65,2025-04-28 05:20:00,Food,273.47,PayPal
63,65,2025-04-28 05:16:00,Food,435.73,UPI
64,65,2025-05-09 07:22:00,Electronics,473.59,UPI
65,66,2025-11-20 20:28:00,Electronics,263.98,PayPal
66,66,2025-12-19 12:30:00,Entertainment,478.18,UPI
67,66,2025-11-26 08:57:00,Electronics,325.21,Debit Card
68,67,2026-02-05 05:26:00,Electronics,296.38,PayPal
69,67,2026-02-05 05:43:00,Entertainment,263.84,PayPal
70,69,2025-01-21 17:31:00,Electronics,268.15,UPI
71,72,2024-10-17 07:39:00,Entertainment,240.91,UPI
72,72,2024-07-18 20:55:00,Fashion,259.43,Debit Card
73,72,2024-07-18 20:40:00,Food,72.77,Credit Card
74,75,2025-09-13 09:53:00,Electronics,168.15,UPI
75,75,2025-09-13 09:21:00,Electronics,319.05,UPI
76,76,2025-05-24 15:28:00,Electronics,199.57,UPI
77,77,2025-09-08 21:53:00,Fashion,168.91,PayPal
78,77,2025-09-08 21:05:00,Fashion,242.73,Credit Card
79,78,2025-01-19 09:14:00,Food,67.87,Debit Card
80,78,2025-01-19 09:01:00,Entertainment,44.07,Credit Card
81,82,2025-07-27 23:45:00,Electronics,340.44,PayPal
82,82,2025-08-30 10:41:00,Electronics,8.2,PayPal
83,83,2024-10-11 16:37:00,Fashion,299.97,Credit Card
84,83,2024-08-30 04:51:00,Entertainment,297.94,UPI
85,83,2024-07-09 17:16:00,Entertainment,436.41,PayPal
86,83,2024-07-09 16:56:00,Electronics,382.19,UPI
87,83,2024-08-30 19:55:00,Entertainment,315.88,UPI
88,83,2024-08-30 19:55:00,Entertainment,456.43,Credit Card
89,84,2024-12-26 19:40:00,Electronics,460.6,UPI
90,84,2025-01-27 23:40:00,Entertainment,235.7,Credit Card
91,86,2025-10-07 09:21:00,Electronics,255.2,Debit Card
92,86,2025-09-07 15:17:00,Electronics,204.65,UPI
93,87,2025-05-29 17:32:00,Electronics,141.59,Credit Card
94,89,2024-05-28 00:33:00,Food,164.85,UPI
95,89,2024-05-28 00:33:00,Entertainment,279.73,Credit Card
96,89,2024-08-23 03:16:00,Entertainment,89.33,Credit Card
97,90,2024-08-25 17:28:00,Fashion,387.99,Credit Card
98,94,2024-11-29 04:11:00,Fashion,272.58,UPI
99,95,2024-08-06 21:58:00,Fashion,98.02,UPI
100,95,2024-08-06 21:46:00,Fashion,229.27,Credit Card
101,96,2025-07-14 02:32:00,Entertainment,334.44,UPI
102,96,2025-05-05 00:41:00,Entertainment,464.56,PayPal
103,98,2025-01-31 14:23:00,Fashion,22.9,PayPal
104,99,2025-06-13 17:53:00,Food,182.36,UPI
105,100,2025-04-29 00:56:00,Fashion,350.48,Debit Card
106,101,2025-09-30 13:07:00,Food,99.32,Debit Card
107,101,2025-11-20 22:33:00,Fashion,321.51,PayPal
108,102,2024-12-16 07:25:00,Food,26.69,Debit Card
109,103,2024-11-20 08:49:00,Electronics,195.4,Credit Card
110,103,2024-09-08 04:59:00,Fashion,408.74,Debit Card
111,104,2024-04-12 08:33:00,Electronics,266.56,PayPal
112,105,2024-10-27 13:07:00,Fashion,349.07,Credit Card
113,105,2024-10-27 13:08:00,Fashion,472.75,Credit Card
114,106,2024-01-26 14:06:00,Food,111.07,Debit Card
115,106,2024-03-31 19:47:00,Food,401.61,UPI
116,106,2024-03-31 19:38:00,Entertainment,465.14,Credit Card
117,109,2025-10-12 22:55:00,Entertainment,494.83,PayPal
118,109,2025-10-12 23:50:00,Electronics,173.86,UPI
119,110,2024-12-30 12:05:00,Food,28.19,UPI
120,110,2025-01-04 06:53:00,Entertainment,477.57,PayPal
121,110,2025-03-08 08:42:00,Food,165.58,Credit Card
122,110,2025-03-08 08:14:00,Electronics,498.86,Debit Card
123,111,2025-10-28 23:16:00,Fashion,481.75,PayPal
124,111,2025-09-30 12:02:00,Electronics,413.81,Debit Card
125,112,2024-10-15 04:19:00,Fashion,74.25,Credit Card
126,112,2024-10-15 12:58:00,Fashion,376.06,UPI
127,112,2024-10-15 13:18:00,Electronics,79.99,Debit Card
128,119,2024-11-19 16:24:00,Entertainment,190.54,Debit Card
129,119,2024-11-19 16:14:00,Entertainment,270.91,PayPal
130,119,2024-10-07 21:36:00,Fashion,176.06,PayPal
131,120,2025-05-01 06:57:00,Fashion,140.41,Debit Card
132,122,2024-09-27 20:03:00,Food,393.47,PayPal
133,122,2024-09-27 19:50:00,Food,309.9,Debit Card
134,123,2024-01-18 14:14:00,Entertainment,408.72,PayPal
135,124,2025-07-26 20:38:00,Food,316.89,Credit Card
136,125,2025-02-04 06:19:00,Electronics,488.33,Credit Card
137,125,2025-01-30 10:11:00,Entertainment,443.31,Credit Card
138,126,2024-10-14 03:17:00,Electronics,169.58,Debit Card
139,126,2024-10-14 03:33:00,Entertainment,102.29,UPI
140,127,2026-01-26 11:03:00,Entertainment,470.64,Credit Card
141,127,2026-01-26 10:46:00,Fashion,361.52,Credit Card
142,127,2026-01-03 04:30:00,Electronics,345.93,Credit Card
143,127,2026-01-03 04:15:00,Food,20.91,Credit Card
144,131,2024-12-26 13:18:00,Food,316.72,Debit Card
145,131,2024-12-26 13:30:00,Entertainment,33.94,UPI
146,134,2025-06-20 16:20:00,Fashion,460.92,Credit Card
147,135,2025-04-06 10:06:00,Electronics,187.1,UPI
148,135,2025-04-06 10:16:00,Food,13.92,PayPal
149,135,2024-12-27 01:56:00,Electronics,407.24,Credit Card
150,136,2025-02-15 17:01:00,Electronics,230.06,Credit Card
151,136,2025-01-13 04:37:00,Entertainment,392.48,PayPal
152,136,2025-02-23 16:28:00,Electronics,165.35,PayPal
153,136,2025-02-23 16:51:00,Electronics,330.7,UPI
154,137,2025-11-04 18:48:00,Entertainment,75.82,Debit Card
155,138,2025-08-28 17:17:00,Food,466.81,PayPal
156,138,2025-08-28 17:27:00,Fashion,197.68,Debit Card
157,138,2025-09-15 06:09:00,Food,362.98,UPI
158,139,2024-03-14 20:10:00,Electronics,160.75,Debit Card
159,140,2025-07-22 21:55:00,Entertainment,479.94,Credit Card
160,141,2025-04-10 03:25:00,Food,176.36,PayPal
161,142,2025-02-03 07:11:00,Electronics,92.1,PayPal
162,142,2025-02-03 07:08:00,Fashion,298.27,Credit Card
163,146,2025-07-11 16:06:00,Fashion,71.96,Debit Card
164,146,2025-07-04 22:59:00,Food,288.16,UPI
165,149,2025-07-23 18:00:00,Electronics,407.48,Debit Card
166,149,2025-07-09 14:18:00,Electronics,107.13,PayPal
167,149,2025-07-09 14:40:00,Electronics,296.63,UPI
168,150,2025-04-10 06:53:00,Electronics,327.59,PayPal
169,152,2025-03-01 20:25:00,Electronics,37.57,PayPal
170,152,2025-03-01 20:38:00,Food,134.44,Debit Card
171,153,2024-05-25 01:41:00,Food,327.95,Debit Card
172,153,2024-09-17 17:24:00,Food,486.6,Credit Card
173,154,2026-02-06 09:48:00,Entertainment,50.78,PayPal
174,154,2026-02-06 10:14:00,Entertainment,339.91,PayPal
175,154,2026-02-26 02:53:00,Fashion,408.88,Debit Card
176,154,2026-02-26 02:28:00,Food,322.21,Credit Card
177,158,2024-11-27 10:54:00,Entertainment,386.06,UPI
178,158,2024-11-27 11:47:00,Food,141.48,Credit Card
179,160,2025-07-29 03:29:00,Food,416.11,PayPal
180,160,2025-07-29 03:19:00,Electronics,252.19,UPI
181,160,2025-06-13 08:44:00,Food,210.81,Credit Card
182,163,2025-09-30 07:52:00,Food,212.92,PayPal
183,164,2026-03-08 23:05:00,Food,288.89,Debit Card
184,165,2024-10-16 19:53:00,Electronics,314.83,UPI
185,168,2025-05-05 19:16:00,Entertainment,296.7,Debit Card
186,168,2025-03-21 03:39:00,Entertainment,446.23,UPI
187,173,2026-03-23 15:15:00,Entertainment,313.35,Debit Card
188,173,2026-03-23 15:19:00,Entertainment,244.17,Debit Card
189,173,2026-02-24 01:22:00,Electronics,385.15,Credit Card
190,173,2026-02-24 01:19:00,Electronics,89.91,Debit Card
191,176,2026-01-28 01:29:00,Electronics,387.51,UPI
192,176,2025-12-15 23:46:00,Food,303.28,PayPal
193,176,2025-12-15 23:50:00,Fashion,403.99,Debit Card
194,177,2025-01-09 12:00:00,Entertainment,192.81,PayPal
195,179,2024-11-08 15:15:00,Electronics,50.28,Credit Card
196,180,2025-04-01 21:38:00,Entertainment,338.27,Credit Card
197,181,2025-07-06 09:08:00,Electronics,261.3,UPI
198,181,2025-07-06 09:16:00,Entertainment,323.09,PayPal
199,185,2025-12-11 13:22:00,Food,421.46,UPI
200,187,2024-11-26 13:32:00,Electronics,351.85,Credit Card
201,188,2024-11-02 22:49:00,Fashion,148.57,Debit Card
202,188,2024-09-20 19:07:00,Fashion,149.84,UPI
203,189,2024-05-30 07:14:00,Fashion,118.46,PayPal
204,189,2024-05-30 07:14:00,Fashion,402.64,UPI
205,192,2026-01-24 17:35:00,Electronics,65.07,Credit Card
206,192,2025-12-10 13:03:00,Fashion,213.95,Debit Card
207,192,2025-12-10 13:11:00,Entertainment,356.4,PayPal
208,194,2025-09-05 17:35:00,Entertainment,301.58,Debit Card
209,194,2025-09-05 17:15:00,Electronics,226.07,Credit Card
210,195,2025-11-16 20:42:00,Electronics,213.79,UPI
211,196,2025-07-28 17:06:00,Fashion,179.42,Credit Card
212,198,2024-08-17 13:40:00,Electronics,280.32,Credit Card
213,200,2026-02-10 02:23:00,Entertainment,335.45,UPI
214,200,2026-01-06 11:33:00,Electronics,111.85,Debit Card
215,202,2025-08-11 21:41:00,Food,425.12,PayPal
216,202,2025-08-11 21:14:00,Entertainment,353.21,UPI
217,202,2025-08-05 08:06:00,Electronics,417.57,Credit Card
218,203,2024-12-30 08:00:00,Fashion,386.1,Debit Card
219,204,2024-12-30 18:27:00,Fashion,280.8,UPI
220,205,2024-02-02 09:45:00,Entertainment,429.27,Debit Card
221,205,2024-01-14 10:52:00,Food,296.01,Debit Card
222,208,2026-02-14 08:05:00,Entertainment,68.23,Debit Card
223,209,2026-03-01 17:25:00,Fashion,435.49,UPI
224,209,2026-03-01 17:18:00,Electronics,44.95,Debit Card
225,212,2025-11-19 04:21:00,Fashion,160.94,Credit Card
226,212,2025-11-19 04:30:00,Food,475.37,UPI
227,213,2025-05-10 22:03:00,Electronics,41.25,UPI
228,217,2025-04-15 05:47:00,Fashion,218.28,UPI
229,217,2025-04-15 06:19:00,Food,66.92,PayPal
230,219,2024-09-18 02:08:00,Electronics,82.06,PayPal
231,219,2024-09-18 01:46:00,Fashion,391.84,Credit Card
232,219,2024-08-17 22:29:00,Electronics,139.7,UPI
233,219,2024-09-03 19:33:00,Entertainment,460.31,Credit Card
234,219,2024-09-03 19:32:00,Food,33.46,Debit Card
235,219,2024-08-25 20:37:00,Entertainment,321.95,PayPal
236,220,2024-12-18 12:37:00,Food,478.44,Credit Card
237,220,2024-12-18 13:24:00,Food,483.72,UPI
238,220,2024-11-12 00:33:00,Electronics,451.3,PayPal
239,222,2024-08-20 09:05:00,Food,242.07,PayPal
240,225,2024-12-26 22:47:00,Fashion,48.25,UPI
241,225,2024-12-26 23:24:00,Food,106.61,UPI
242,226,2025-12-11 05:51:00,Fashion,339.34,UPI
243,226,2025-12-11 06:08:00,Entertainment,260.34,Debit Card
244,228,2025-09-10 13:01:00,Electronics,367.01,Debit Card
245,230,2025-12-14 19:27:00,Fashion,185.28,PayPal
246,230,2025-12-14 19:34:00,Entertainment,174.6,PayPal
247,232,2024-04-17 10:13:00,Food,230.84,Debit Card
248,232,2024-06-14 12:23:00,Food,258.9,UPI
249,233,2024-08-26 00:07:00,Food,214.37,Credit Card
250,233,2024-08-26 00:15:00,Entertainment,424.59,UPI
251,235,2025-08-22 05:56:00,Entertainment,191.94,UPI
252,237,2026-04-05 09:33:00,Electronics,33.77,Credit Card
253,238,2025-05-23 00:27:00,Fashion,22.5,Debit Card
254,239,2024-08-19 13:08:00,Electronics,126.66,Credit Card
255,239,2024-11-20 22:57:00,Electronics,439.34,UPI
256,240,2025-05-11 01:57:00,Fashion,311.57,UPI
257,240,2025-04-27 03:50:00,Electronics,282.21,Debit Card
258,240,2025-04-27 03:20:00,Food,312.96,UPI
259,241,2025-12-28 11:04:00,Fashion,370.99,UPI
260,243,2025-08-15 07:15:00,Fashion,486.65,UPI
261,243,2025-06-07 04:45:00,Food,76.69,PayPal
262,243,2025-05-28 12:03:00,Entertainment,224.63,PayPal
263,243,2025-08-28 04:12:00,Food,203.9,Credit Card
264,244,2024-07-16 21:49:00,Food,395.5,Credit Card
265,244,2024-07-16 21:10:00,Food,339.07,PayPal
266,247,2025-04-06 07:36:00,Electronics,273.09,Debit Card
267,248,2024-09-26 22:29:00,Fashion,447.11,Debit Card
268,249,2024-12-08 10:32:00,Fashion,265.64,PayPal
269,250,2026-02-09 16:40:00,Electronics,151.21,Credit Card
270,250,2026-03-05 21:34:00,Electronics,224.11,PayPal
271,250,2026-03-05 21:55:00,Entertainment,311.28,Debit Card
272,252,2024-07-15 22:02:00,Entertainment,107.91,Credit Card
273,252,2024-06-14 16:39:00,Electronics,66.59,PayPal
274,253,2025-10-05 09:03:00,Electronics,6.67,Credit Card
275,253,2025-11-13 18:45:00,Electronics,244.88,Debit Card
276,254,2025-03-30 15:52:00,Fashion,136.39,Credit Card
277,254,2025-01-04 17:05:00,Entertainment,277.93,PayPal
278,255,2025-01-04 15:47:00,Fashion,369.71,PayPal
279,255,2025-01-04 15:17:00,Entertainment,475.49,PayPal
280,255,2024-11-10 19:16:00,Food,243.31,Debit Card
281,255,2024-11-10 19:01:00,Food,100.81,PayPal
282,258,2024-03-11 06:11:00,Fashion,308.19,PayPal
283,258,2024-02-07 04:52:00,Entertainment,403.3,Debit Card
284,258,2024-02-07 04:49:00,Electronics,210.73,Debit Card
285,259,2025-07-15 07:54:00,Entertainment,488.8,UPI
286,259,2025-07-15 08:12:00,Entertainment,128.0,UPI
287,260,2026-04-04 16:28:00,Electronics,201.92,PayPal
288,260,2026-04-04 16:14:00,Fashion,120.26,Credit Card
289,261,2025-12-05 18:49:00,Fashion,194.11,UPI
290,261,2025-12-05 18:53:00,Fashion,435.96,UPI
291,262,2024-09-13 03:37:00,Entertainment,146.87,PayPal
292,262,2024-09-13 03:38:00,Electronics,56.2,Credit Card
293,262,2024-10-04 08:20:00,Food,470.03,Credit Card
294,262,2024-10-04 08:43:00,Food,332.48,UPI
295,262,2024-08-09 05:22:00,Food,422.68,UPI
296,262,2024-08-09 05:02:00,Electronics,69.76,Credit Card
297,269,2025-09-21 08:59:00,Food,382.48,Credit Card
298,269,2025-09-21 09:22:00,Electronics,296.44,Credit Card
299,269,2025-07-06 09:11:00,Entertainment,423.17,UPI
300,271,2024-05-25 14:10:00,Entertainment,201.39,Credit Card
301,271,2024-06-15 21:33:00,Food,499.79,Debit Card
302,272,2024-07-06 23:32:00,Fashion,42.79,Credit Card
303,272,2024-07-06 23:01:00,Food,94.78,UPI
304,273,2025-04-17 10:48:00,Entertainment,471.62,UPI
305,275,2025-11-07 18:04:00,Food,251.61,Credit Card
306,277,2024-05-01 07:18:00,Electronics,284.79,Debit Card
307,279,2025-04-08 11:53:00,Food,198.79,UPI
308,282,2025-03-03 00:13:00,Food,164.79,PayPal
309,283,2025-12-11 05:34:00,Electronics,415.35,Credit Card
310,283,2025-12-11 05:31:00,Fashion,39.21,Credit Card
311,284,2025-01-29 02:47:00,Electronics,36.32,UPI
312,286,2025-12-11 13:28:00,Entertainment,444.91,Credit Card
313,286,2026-02-11 00:30:00,Fashion,108.01,Debit Card
314,288,2025-05-21 05:14:00,Fashion,120.46,Debit Card
315,289,2025-11-21 15:48:00,Entertainment,183.81,Debit Card
316,293,2024-05-31 22:51:00,Food,98.8,PayPal
317,293,2024-03-27 10:28:00,Entertainment,274.52,Credit Card
318,294,2025-10-25 03:34:00,Food,207.56,PayPal
319,294,2025-08-04 23:04:00,Food,26.23,PayPal
320,295,2026-03-12 13:42:00,Entertainment,417.52,PayPal
321,295,2026-03-12 13:59:00,Entertainment,11.03,Credit Card
322,298,2025-08-15 06:12:00,Fashion,137.99,Debit Card
323,298,2025-10-31 00:13:00,Fashion,157.44,UPI
324,299,2024-11-01 18:51:00,Entertainment,412.11,Debit Card
325,300,2025-09-29 05:25:00,Food,295.43,PayPal
326,302,2026-04-19 18:58:00,Fashion,262.51,Debit Card
327,303,2025-05-23 21:52:00,Fashion,409.11,Debit Card
328,303,2025-05-25 05:37:00,Entertainment,45.48,UPI
329,303,2025-05-25 06:17:00,Food,16.29,Credit Card
330,305,2025-10-26 18:09:00,Fashion,42.81,UPI
331,305,2025-10-26 18:00:00,Electronics,229.57,Credit Card
332,307,2025-02-10 08:48:00,Fashion,362.14,Debit Card
333,307,2025-01-03 07:55:00,Food,230.0,PayPal
334,307,2025-01-03 07:41:00,Food,466.96,Credit Card
335,309,2025-09-15 08:51:00,Fashion,486.2,Credit Card
336,310,2025-12-17 07:50:00,Entertainment,380.12,Credit Card
337,310,2025-12-17 08:19:00,Fashion,398.81,UPI
338,310,2025-12-26 01:44:00,Food,9.18,Debit Card
339,310,2025-12-26 01:35:00,Food,292.69,Credit Card
340,310,2026-01-17 19:22:00,Entertainment,415.31,Credit Card
341,313,2025-08-21 20:34:00,Entertainment,478.76,Debit Card
342,316,2025-11-01 13:26:00,Entertainment,380.02,UPI
343,316,2025-11-01 13:22:00,Food,452.69,PayPal
344,317,2024-05-30 22:52:00,Electronics,341.93,Credit Card
345,317,2024-05-30 22:38:00,Fashion,358.56,Debit Card
346,318,2025-08-04 17:51:00,Electronics,313.14,PayPal
347,318,2025-08-21 10:54:00,Fashion,145.62,PayPal
348,318,2025-08-21 10:59:00,Entertainment,49.84,UPI
349,318,2025-08-09 07:05:00,Food,309.42,UPI
350,326,2025-06-20 15:43:00,Electronics,363.08,UPI
351,326,2025-06-20 15:33:00,Food,46.07,Credit Card
352,326,2025-09-20 17:48:00,Entertainment,89.38,PayPal
353,326,2025-09-20 18:06:00,Fashion,262.85,Credit Card
354,327,2025-07-23 12:24:00,Entertainment,369.23,Debit Card
355,327,2025-06-23 06:46:00,Food,315.9,Debit Card
356,328,2025-09-12 17:47:00,Fashion,184.98,PayPal
357,329,2025-08-11 20:23:00,Food,368.2,PayPal
358,329,2025-10-01 10:46:00,Fashion,206.61,Debit Card
359,329,2025-10-01 10:11:00,Electronics,354.06,Credit Card
360,335,2025-07-13 08:47:00,Electronics,394.53,Debit Card
361,335,2025-09-22 08:34:00,Fashion,397.28,Debit Card
362,335,2025-06-17 21:54:00,Fashion,17.15,Debit Card
363,335,2025-09-30 00:04:00,Fashion,392.68,UPI
364,336,2024-09-25 08:32:00,Electronics,334.88,PayPal
365,336,2024-09-25 08:18:00,Fashion,200.01,UPI
366,336,2024-10-07 06:46:00,Electronics,398.5,Debit Card
367,336,2024-11-27 19:50:00,Electronics,414.07,UPI
368,337,2024-04-21 09:26:00,Entertainment,105.51,Debit Card
369,337,2024-04-21 09:31:00,Electronics,125.74,PayPal
370,341,2024-05-17 05:57:00,Entertainment,42.3,PayPal
371,342,2024-12-26 13:57:00,Entertainment,28.34,Credit Card
372,342,2025-01-06 08:04:00,Electronics,225.69,PayPal
373,342,2025-01-06 08:25:00,Entertainment,450.63,PayPal
374,343,2025-10-21 06:54:00,Food,426.36,UPI
375,345,2025-07-04 03:02:00,Food,121.05,Credit Card
376,349,2024-07-19 23:32:00,Electronics,204.52,PayPal
377,351,2025-05-05 06:44:00,Fashion,387.8,Credit Card
378,351,2025-03-09 19:02:00,Electronics,129.42,Credit Card
379,355,2026-01-13 14:45:00,Entertainment,15.47,PayPal
380,356,2026-03-20 20:44:00,Entertainment,408.02,Debit Card
381,356,2026-03-20 20:34:00,Fashion,271.38,Credit Card
382,358,2025-10-05 08:06:00,Entertainment,190.67,PayPal
383,359,2025-11-07 17:25:00,Entertainment,406.45,UPI
384,359,2026-02-02 19:17:00,Entertainment,192.47,PayPal
385,359,2026-02-02 18:46:00,Fashion,133.3,UPI
386,360,2025-05-05 01:27:00,Entertainment,452.42,Debit Card
387,360,2025-05-05 00:43:00,Electronics,63.47,UPI
388,360,2025-02-27 12:30:00,Entertainment,212.82,UPI
389,360,2025-02-27 12:42:00,Food,257.01,PayPal
390,361,2024-07-23 15:47:00,Electronics,20.05,PayPal
391,362,2024-05-17 08:58:00,Electronics,78.41,UPI
392,362,2024-05-03 08:15:00,Entertainment,316.85,PayPal
393,362,2024-05-31 10:25:00,Food,267.47,UPI
394,363,2024-09-10 08:10:00,Fashion,293.38,PayPal
395,365,2024-12-24 09:06:00,Electronics,362.3,Credit Card
396,365,2024-11-12 18:04:00,Food,315.9,Credit Card
397,365,2024-11-12 17:56:00,Food,186.89,Debit Card
398,366,2024-04-11 20:59:00,Food,340.41,PayPal
399,366,2024-02-19 19:22:00,Food,33.83,PayPal
400,366,2024-02-19 19:25:00,Entertainment,363.52,PayPal
401,366,2024-05-19 20:11:00,Entertainment,17.5,Debit Card
402,367,2024-07-01 12:29:00,Electronics,447.84,UPI
403,368,2024-10-22 09:55:00,Food,378.18,PayPal
404,369,2024-05-25 12:22:00,Electronics,163.22,PayPal
405,369,2024-05-25 12:50:00,Food,66.31,Credit Card
406,370,2025-03-16 04:04:00,Entertainment,147.61,Credit Card
407,372,2024-08-06 17:42:00,Entertainment,226.51,Debit Card
408,373,2024-11-09 20:26:00,Electronics,133.26,PayPal
409,375,2025-08-04 17:25:00,Entertainment,95.15,Debit Card
410,375,2025-08-04 17:34:00,Fashion,389.81,PayPal
411,375,2025-10-07 23:39:00,Food,32.42,Credit Card
412,377,2026-01-20 12:21:00,Entertainment,265.71,PayPal
413,377,2026-01-20 12:32:00,Fashion,227.76,Debit Card
414,377,2026-03-25 08:03:00,Entertainment,241.78,UPI
415,377,2026-03-25 08:23:00,Fashion,192.66,UPI
416,379,2024-09-22 02:36:00,Entertainment,309.29,Credit Card
417,379,2024-12-25 12:30:00,Entertainment,313.26,Debit Card
418,380,2025-06-07 06:17:00,Fashion,172.58,Credit Card
419,380,2025-06-07 05:56:00,Electronics,84.58,Debit Card
420,384,2024-12-09 06:00:00,Fashion,275.55,UPI
421,385,2025-12-27 12:37:00,Entertainment,394.52,Credit Card
422,386,2025-02-04 14:00:00,Food,201.85,Debit Card
423,386,2025-02-04 14:41:00,Entertainment,462.26,Credit Card
424,386,2024-12-21 01:07:00,Electronics,42.75,UPI
425,386,2024-12-22 08:17:00,Food,128.77,PayPal
426,387,2025-12-08 19:39:00,Fashion,432.24,Debit Card
427,387,2025-12-08 19:05:00,Electronics,465.75,UPI
428,392,2025-02-12 18:22:00,Food,378.1,Credit Card
429,393,2025-05-07 16:24:00,Entertainment,56.7,Credit Card
430,393,2025-08-19 00:18:00,Electronics,243.89,PayPal
431,393,2025-05-27 23:01:00,Fashion,171.74,UPI
432,394,2024-06-25 16:56:00,Food,424.26,UPI
433,394,2024-04-07 01:20:00,Food,343.52,Credit Card
434,394,2024-07-23 19:38:00,Electronics,173.33,Debit Card
435,397,2025-06-30 00:49:00,Entertainment,359.44,Debit Card
436,398,2024-10-08 00:41:00,Entertainment,137.14,Credit Card
437,398,2024-10-08 00:49:00,Food,471.44,UPI
438,398,2024-10-22 15:45:00,Electronics,389.51,PayPal
439,398,2024-10-22 15:43:00,Electronics,477.01,Credit Card
440,398,2024-08-27 05:44:00,Electronics,431.95,Credit Card
441,400,2025-08-17 17:57:00,Entertainment,25.87,Debit Card
442,400,2025-08-06 01:44:00,Fashion,58.23,Credit Card
443,402,2026-01-15 15:48:00,Entertainment,218.58,PayPal
444,405,2025-12-25 02:15:00,Food,294.63,UPI
445,407,2025-05-19 04:29:00,Entertainment,374.47,Debit Card
446,409,2025-02-11 06:24:00,Entertainment,100.31,Credit Card
447,409,2025-02-11 05:51:00,Entertainment,236.33,Debit Card
448,409,2025-04-01 21:50:00,Food,88.96,Debit Card
449,409,2025-05-10 08:32:00,Food,34.6,Credit Card
450,409,2025-05-10 08:18:00,Fashion,435.11,UPI
451,410,2024-05-01 15:35:00,Electronics,226.15,Debit Card
452,411,2024-09-07 10:38:00,Entertainment,300.3,PayPal
453,412,2025-08-18 19:47:00,Entertainment,180.13,UPI
454,412,2025-08-18 19:30:00,Food,399.93,PayPal
455,412,2025-08-01 12:26:00,Entertainment,391.46,PayPal
456,413,2024-05-11 16:20:00,Fashion,133.43,Debit Card
457,416,2025-02-05 12:36:00,Electronics,118.19,Credit Card
458,417,2025-06-15 02:09:00,Entertainment,101.26,PayPal
459,419,2025-12-01 13:25:00,Food,434.57,UPI
460,421,2024-06-06 18:38:00,Fashion,455.61,UPI
461,422,2025-04-01 20:03:00,Food,373.79,Credit Card
462,424,2024-09-27 10:11:00,Entertainment,170.28,Debit Card
463,425,2024-03-25 08:58:00,Entertainment,227.36,PayPal
464,426,2025-01-27 06:50:00,Entertainment,459.83,PayPal
465,427,2025-05-23 13:30:00,Food,255.69,PayPal
466,427,2025-03-15 18:53:00,Electronics,270.53,Debit Card
467,428,2025-02-27 01:27:00,Electronics,97.96,PayPal
468,429,2024-06-09 12:49:00,Entertainment,409.75,Debit Card
469,430,2025-01-19 06:07:00,Food,254.05,Credit Card
470,431,2025-04-16 19:12:00,Electronics,148.53,PayPal
471,431,2025-06-18 03:02:00,Fashion,421.63,UPI
472,433,2026-01-13 12:24:00,Fashion,428.8,Debit Card
473,433,2026-01-13 12:12:00,Fashion,70.76,PayPal
474,436,2024-10-21 01:42:00,Electronics,403.43,Debit Card
475,436,2024-09-20 22:22:00,Fashion,271.47,Debit Card
476,437,2024-11-02 00:05:00,Electronics,279.81,Debit Card
477,442,2024-05-07 04:00:00,Entertainment,114.05,UPI
478,443,2025-01-20 12:01:00,Fashion,70.45,UPI
479,444,2026-03-01 06:02:00,Food,216.55,Debit Card
480,446,2024-07-15 13:14:00,Food,311.02,PayPal
481,446,2024-07-15 12:42:00,Fashion,378.61,Debit Card
482,446,2024-07-13 13:17:00,Fashion,20.79,PayPal
483,446,2024-08-24 09:57:00,Food,377.15,Debit Card
484,450,2024-12-26 15:56:00,Electronics,230.4,Debit Card
485,450,2025-01-19 01:54:00,Electronics,325.48,Credit Card
486,450,2024-11-28 19:03:00,Entertainment,234.91,Debit Card
487,450,2024-11-21 02:43:00,Electronics,384.88,UPI
488,456,2026-01-01 06:00:00,Fashion,143.43,Debit Card
489,459,2025-02-28 05:59:00,Electronics,253.11,Credit Card
490,460,2025-10-15 22:02:00,Entertainment,257.7,Credit Card
491,460,2025-10-15 22:19:00,Entertainment,138.31,Debit Card
492,464,2025-02-02 10:50:00,Entertainment,498.93,PayPal
493,464,2025-01-14 08:03:00,Entertainment,326.34,Debit Card
494,464,2025-01-14 07:23:00,Electronics,267.45,Credit Card
495,465,2026-01-27 12:33:00,Food,394.41,PayPal
496,466,2025-11-28 03:08:00,Food,36.64,UPI
497,467,2025-12-25 20:03:00,Food,30.89,Credit Card
498,469,2026-03-12 16:17:00,Entertainment,361.75,Debit Card
499,469,2026-02-16 02:57:00,Food,456.68,Debit Card
500,470,2024-05-11 21:39:00,Electronics,191.91,Credit Card
501,470,2024-05-11 21:14:00,Electronics,200.69,Credit Card
502,470,2024-05-02 20:22:00,Fashion,463.84,PayPal
503,470,2024-05-02 19:58:00,Food,291.65,UPI
504,471,2025-12-22 23:47:00,Food,475.39,PayPal
505,472,2025-01-17 18:18:00,Entertainment,315.88,UPI
506,472,2025-01-17 18:04:00,Fashion,325.61,UPI
507,472,2024-12-13 21:59:00,Entertainment,385.16,UPI
508,472,2024-12-28 19:20:00,Fashion,473.74,Credit Card
509,472,2024-12-28 19:54:00,Electronics,475.16,UPI
510,475,2025-08-08 05:56:00,Food,377.64,PayPal
511,483,2025-09-10 16:04:00,Entertainment,227.46,Debit Card
512,484,2025-11-12 15:24:00,Fashion,135.39,Debit Card
513,485,2025-07-30 23:03:00,Electronics,211.69,UPI
514,485,2025-07-30 23:27:00,Fashion,413.81,PayPal
515,488,2025-01-09 03:50:00,Food,414.33,UPI
516,491,2025-08-14 10:23:00,Entertainment,36.69,Credit Card
517,491,2025-10-13 19:54:00,Fashion,202.84,PayPal
518,492,2025-05-12 16:25:00,Fashion,152.1,UPI
519,492,2025-05-12 16:35:00,Electronics,14.3,PayPal
520,492,2025-03-27 15:19:00,Entertainment,483.45,PayPal
521,492,2025-06-03 23:22:00,Entertainment,298.82,Debit Card
522,493,2025-02-18 07:56:00,Food,256.69,Debit Card
523,493,2025-03-21 09:10:00,Electronics,106.52,PayPal
524,494,2025-06-30 05:37:00,Fashion,355.01,PayPal
525,496,2024-05-02 10:09:00,Entertainment,178.89,UPI
526,496,2024-05-02 10:33:00,Food,184.45,Debit Card
527,498,2025-05-24 19:56:00,Entertainment,299.28,Debit Card
528,499,2025-12-27 04:57:00,Entertainment,365.6,Credit Card
529,500,2024-09-11 07:51:00,Fashion,316.5,Debit Card
530,500,2024-10-17 07:40:00,Entertainment,407.33,UPI
531,500,2024-10-17 07:11:00,Fashion,186.02,PayPal
532,503,2024-06-10 18:59:00,Food,411.74,PayPal
533,503,2024-05-27 17:42:00,Fashion,32.87,Debit Card
534,503,2024-05-27 17:34:00,Fashion,91.55,Credit Card
535,504,2025-12-20 09:08:00,Food,31.83,Credit Card
536,504,2026-03-14 09:32:00,Electronics,273.68,Debit Card
537,504,2026-03-14 09:33:00,Electronics,317.72,UPI
538,505,2025-02-06 06:44:00,Electronics,231.96,UPI
539,506,2025-03-04 07:59:00,Entertainment,133.72,UPI
540,507,2024-03-29 10:41:00,Fashion,97.17,Debit Card
541,507,2024-03-22 03:30:00,Entertainment,158.96,Credit Card
542,509,2025-06-22 17:58:00,Entertainment,247.28,Credit Card
543,511,2024-03-24 10:39:00,Electronics,250.63,Credit Card
544,511,2024-03-24 11:12:00,Fashion,361.08,Credit Card
545,511,2024-06-09 18:29:00,Electronics,462.59,Credit Card
546,513,2026-03-03 23:54:00,Entertainment,423.25,PayPal
547,516,2024-12-03 19:57:00,Electronics,343.4,Credit Card
548,517,2024-07-14 19:31:00,Entertainment,379.49,UPI
549,517,2024-04-15 22:57:00,Fashion,451.12,Credit Card
550,517,2024-04-15 23:11:00,Entertainment,117.33,UPI
551,518,2025-04-26 15:16:00,Food,283.48,Debit Card
552,518,2025-04-26 14:46:00,Food,95.22,Credit Card
553,521,2024-06-21 09:34:00,Entertainment,239.23,Debit Card
554,521,2024-06-21 08:57:00,Fashion,342.77,Credit Card
555,525,2025-02-13 16:46:00,Fashion,50.29,Debit Card
556,525,2025-02-13 01:15:00,Electronics,139.89,Debit Card
557,525,2025-04-03 00:44:00,Food,218.11,PayPal
558,530,2025-10-02 08:36:00,Fashion,129.05,Credit Card
559,530,2025-11-03 15:43:00,Food,34.04,UPI
560,532,2025-06-06 23:59:00,Fashion,463.93,UPI
561,534,2025-04-24 12:20:00,Fashion,476.04,Debit Card
562,535,2025-07-31 04:11:00,Electronics,271.7,UPI
563,535,2025-08-12 20:45:00,Fashion,134.11,PayPal
564,535,2025-08-12 20:32:00,Entertainment,288.23,PayPal
565,536,2024-11-10 17:29:00,Fashion,100.48,UPI
566,536,2024-11-10 17:00:00,Fashion,21.72,PayPal
567,536,2024-10-11 23:42:00,Electronics,407.05,PayPal
568,538,2025-09-08 07:16:00,Entertainment,13.05,PayPal
569,538,2025-09-08 07:10:00,Electronics,431.09,UPI
570,538,2025-11-20 12:13:00,Entertainment,64.23,Credit Card
571,538,2025-11-20 11:47:00,Food,312.44,Credit Card
572,538,2025-10-19 00:06:00,Electronics,383.15,UPI
573,545,2024-03-24 14:04:00,Food,285.84,Credit Card
574,546,2025-03-26 22:09:00,Fashion,71.55,Debit Card
575,546,2025-03-26 22:28:00,Food,444.05,Credit Card
576,546,2025-02-11 03:08:00,Fashion,92.23,Debit Card
577,546,2025-03-23 08:38:00,Food,110.18,PayPal
578,550,2025-04-22 16:26:00,Electronics,320.11,PayPal
579,550,2025-04-22 16:36:00,Entertainment,495.4,PayPal
580,550,2025-06-17 20:51:00,Fashion,295.58,Debit Card
581,550,2025-04-19 12:38:00,Fashion,167.48,UPI
582,550,2025-04-19 12:58:00,Fashion,495.01,Debit Card
583,553,2025-02-03 03:47:00,Entertainment,131.21,UPI
584,555,2024-09-18 10:25:00,Fashion,406.48,Credit Card
585,555,2024-09-18 10:35:00,Food,351.02,Debit Card
586,559,2025-11-12 15:34:00,Food,452.32,PayPal
587,560,2025-03-28 23:45:00,Entertainment,317.3,Credit Card
588,562,2025-05-02 05:31:00,Electronics,77.23,Debit Card
589,562,2025-04-15 11:20:00,Entertainment,191.85,Credit Card
590,562,2025-04-03 16:10:00,Electronics,11.31,PayPal
591,563,2025-05-19 19:47:00,Food,124.49,PayPal
592,563,2025-02-17 05:44:00,Food,442.99,UPI
593,563,2025-04-25 22:32:00,Entertainment,257.31,PayPal
594,563,2025-04-25 22:11:00,Food,408.32,PayPal
595,564,2024-12-02 15:26:00,Fashion,29.36,PayPal
596,564,2025-01-04 06:24:00,Food,148.6,Debit Card
597,564,2025-01-04 06:15:00,Electronics,210.34,Credit Card
598,566,2025-06-04 13:55:00,Electronics,272.24,PayPal
599,567,2024-05-26 06:45:00,Entertainment,432.02,UPI
600,567,2024-05-26 06:46:00,Food,224.16,Credit Card
601,568,2025-06-12 11:33:00,Electronics,254.45,UPI
602,568,2025-06-12 12:24:00,Fashion,478.83,Credit Card
603,568,2025-04-23 03:10:00,Electronics,137.93,Credit Card
604,568,2025-04-23 03:08:00,Fashion,208.85,Debit Card
605,569,2024-03-18 00:06:00,Fashion,175.3,PayPal
606,570,2025-04-09 05:43:00,Electronics,388.3,UPI
607,570,2025-04-25 07:21:00,Entertainment,497.13,Debit Card
608,572,2025-12-22 16:37:00,Food,62.12,Debit Card
609,572,2025-12-23 13:28:00,Fashion,366.07,Debit Card
610,573,2025-12-27 06:30:00,Fashion,203.76,Debit Card
611,573,2025-12-27 06:52:00,Food,59.13,Debit Card
612,573,2026-01-05 01:29:00,Entertainment,40.78,Debit Card
613,573,2026-01-05 01:32:00,Entertainment,431.59,Credit Card
614,574,2024-09-01 18:58:00,Food,399.68,UPI
615,575,2024-12-29 20:17:00,Food,404.0,UPI
616,575,2024-12-29 19:42:00,Electronics,213.39,UPI
617,576,2025-05-17 16:07:00,Entertainment,234.09,Credit Card
618,576,2025-05-17 16:19:00,Entertainment,262.51,PayPal
619,576,2025-06-30 08:29:00,Food,482.01,Credit Card
620,576,2025-06-30 08:09:00,Fashion,308.28,PayPal
621,576,2025-06-17 16:19:00,Electronics,243.52,Credit Card
622,577,2024-06-07 20:04:00,Food,252.58,Debit Card
623,577,2024-06-07 20:18:00,Electronics,188.42,Credit Card
624,578,2025-11-28 03:28:00,Entertainment,253.29,Credit Card
625,580,2025-01-10 10:12:00,Food,358.05,Debit Card
626,581,2024-09-28 22:01:00,Food,231.12,Debit Card
627,584,2025-12-02 05:48:00,Food,287.06,PayPal
628,586,2026-01-08 21:19:00,Food,49.97,Credit Card
629,586,2026-01-08 21:17:00,Entertainment,464.23,Credit Card
630,586,2026-01-07 06:47:00,Entertainment,460.57,Credit Card
631,587,2024-03-19 20:17:00,Food,492.85,PayPal
632,587,2024-03-19 21:07:00,Food,468.6,UPI
633,590,2024-10-07 21:35:00,Electronics,35.6,UPI
634,592,2025-07-30 03:13:00,Fashion,194.54,Credit Card
635,593,2024-05-20 01:19:00,Fashion,464.72,Debit Card
636,595,2024-08-27 05:01:00,Electronics,155.72,Credit Card
637,596,2025-02-19 17:55:00,Electronics,431.36,Debit Card
638,597,2025-08-04 13:25:00,Food,445.8,Credit Card
639,598,2025-05-26 21:58:00,Entertainment,51.98,Credit Card
640,600,2024-05-26 07:49:00,Entertainment,444.33,PayPal
641,601,2025-04-14 15:07:00,Food,70.63,PayPal
642,601,2025-04-18 02:55:00,Electronics,330.84,Debit Card
643,602,2025-05-18 14:26:00,Food,57.18,PayPal
644,602,2025-05-18 15:14:00,Entertainment,255.05,Credit Card
645,602,2025-06-11 21:03:00,Food,83.04,Credit Card
646,602,2025-06-11 20:26:00,Fashion,340.78,PayPal
647,602,2025-04-22 05:48:00,Food,212.14,Credit Card
648,603,2025-01-19 22:36:00,Food,316.81,Credit Card
649,603,2025-01-19 22:59:00,Electronics,270.47,Credit Card
650,603,2024-12-12 02:04:00,Electronics,142.77,UPI
651,603,2025-01-22 20:04:00,Entertainment,374.32,PayPal
652,606,2024-06-08 17:29:00,Entertainment,102.88,PayPal
653,606,2024-04-03 21:16:00,Food,148.36,PayPal
654,606,2024-04-03 20:56:00,Fashion,443.62,Credit Card
655,607,2026-01-12 08:51:00,Food,389.1,UPI
656,611,2024-09-11 17:31:00,Food,109.08,UPI
657,611,2024-09-27 13:32:00,Electronics,209.09,PayPal
658,613,2025-02-21 22:25:00,Fashion,444.03,UPI
659,616,2024-08-25 17:07:00,Entertainment,61.09,Credit Card
660,616,2024-10-10 12:13:00,Fashion,84.14,Credit Card
661,618,2024-07-21 23:00:00,Fashion,9.57,UPI
662,618,2024-09-04 11:02:00,Food,131.13,PayPal
663,619,2025-06-24 11:15:00,Entertainment,129.69,UPI
664,619,2025-06-24 11:49:00,Entertainment,203.11,Debit Card
665,620,2025-08-20 02:28:00,Entertainment,253.16,UPI
666,620,2025-08-20 01:46:00,Entertainment,432.17,PayPal
667,620,2025-09-04 02:16:00,Entertainment,345.42,Credit Card
668,621,2025-08-14 18:32:00,Fashion,470.47,PayPal
669,621,2025-08-14 17:53:00,Electronics,472.11,PayPal
670,625,2025-07-20 07:37:00,Entertainment,55.48,UPI
671,625,2025-05-30 17:45:00,Entertainment,259.01,PayPal
672,626,2025-03-22 03:09:00,Food,470.11,Debit Card
673,629,2024-03-14 13:22:00,Fashion,277.86,Debit Card
674,631,2024-10-21 18:44:00,Food,57.98,Credit Card
675,634,2024-04-17 01:43:00,Food,492.8,Debit Card
676,634,2024-04-17 02:32:00,Food,377.32,Credit Card
677,634,2024-03-25 18:03:00,Food,10.18,Credit Card
678,634,2024-03-25 18:46:00,Electronics,50.22,UPI
679,635,2026-01-19 10:53:00,Food,42.54,Debit Card
680,635,2026-01-19 11:04:00,Electronics,240.0,PayPal
681,636,2024-07-12 14:58:00,Entertainment,282.8,Debit Card
682,638,2026-02-02 06:51:00,Food,328.58,PayPal
683,639,2025-09-25 00:47:00,Food,126.62,UPI
684,640,2025-02-21 14:14:00,Entertainment,494.53,Debit Card
685,640,2025-02-21 14:07:00,Entertainment,94.83,Credit Card
686,644,2024-04-04 05:48:00,Fashion,342.87,Debit Card
687,645,2025-06-09 12:09:00,Electronics,250.25,UPI
688,646,2025-01-31 04:40:00,Entertainment,354.29,PayPal
689,646,2025-02-13 08:09:00,Food,40.82,PayPal
690,647,2025-03-20 02:45:00,Food,407.2,Credit Card
691,647,2025-03-20 02:44:00,Food,334.38,UPI
692,647,2025-04-12 23:38:00,Entertainment,375.34,Debit Card
693,648,2024-07-31 17:13:00,Fashion,35.61,Debit Card
694,650,2024-11-11 06:54:00,Food,401.04,Credit Card
695,652,2025-11-15 11:55:00,Electronics,107.41,Credit Card
696,652,2025-11-15 11:42:00,Food,125.01,UPI
697,652,2025-12-24 19:32:00,Entertainment,320.7,UPI
698,653,2024-06-26 12:33:00,Electronics,285.99,Credit Card
699,654,2025-07-26 14:53:00,Food,448.0,PayPal
700,656,2025-02-04 14:50:00,Food,108.96,PayPal
701,658,2025-10-09 21:30:00,Food,267.69,Credit Card
702,664,2024-08-27 23:35:00,Electronics,322.4,Credit Card
703,664,2024-08-27 23:13:00,Food,90.61,Credit Card
704,664,2024-10-28 06:16:00,Fashion,449.25,UPI
705,664,2024-12-10 08:01:00,Electronics,442.87,Credit Card
706,666,2024-10-07 22:22:00,Fashion,35.07,PayPal
707,667,2024-12-25 21:21:00,Electronics,230.03,Credit Card
708,669,2025-08-01 23:20:00,Entertainment,87.77,Debit Card
709,670,2024-10-13 09:53:00,Electronics,286.2,Credit Card
710,670,2024-10-13 09:38:00,Food,89.26,UPI
711,672,2024-08-28 00:38:00,Entertainment,497.18,Credit Card
712,673,2025-02-06 16:00:00,Food,126.46,UPI
713,673,2025-03-20 18:30:00,Food,205.92,Debit Card
714,673,2025-03-20 18:55:00,Electronics,22.74,Debit Card
715,673,2025-04-14 20:26:00,Food,422.15,PayPal
716,674,2025-05-07 04:08:00,Fashion,87.23,Debit Card
717,674,2025-02-05 04:04:00,Electronics,54.12,PayPal
718,674,2025-05-20 06:32:00,Fashion,253.42,UPI
719,675,2024-09-25 07:03:00,Fashion,19.98,Debit Card
720,675,2024-09-05 10:57:00,Fashion,304.47,PayPal
721,676,2025-11-28 01:20:00,Entertainment,380.03,Credit Card
722,677,2024-10-14 20:07:00,Entertainment,277.81,Debit Card
723,677,2024-10-14 20:22:00,Food,141.69,PayPal
724,678,2026-01-17 08:47:00,Entertainment,172.4,UPI
725,678,2026-01-17 08:58:00,Electronics,159.06,PayPal
726,678,2025-10-25 05:24:00,Fashion,259.9,PayPal
727,681,2025-04-18 15:35:00,Entertainment,45.68,Credit Card
728,681,2024-12-30 08:58:00,Entertainment,278.58,Debit Card
729,682,2024-01-11 05:17:00,Electronics,383.95,PayPal
730,682,2024-01-11 05:18:00,Entertainment,206.64,Debit Card
731,682,2024-01-10 04:55:00,Electronics,256.94,PayPal
732,684,2024-10-23 11:08:00,Food,417.31,Debit Card
733,689,2024-12-11 10:30:00,Fashion,331.21,UPI
734,691,2024-04-28 03:22:00,Food,411.4,Debit Card
735,691,2024-06-04 16:39:00,Electronics,250.51,PayPal
736,691,2024-06-29 08:27:00,Entertainment,469.89,Debit Card
737,693,2025-03-04 22:33:00,Fashion,169.43,UPI
738,694,2024-05-28 01:19:00,Food,154.47,UPI
739,695,2025-06-28 06:28:00,Entertainment,459.7,UPI
740,696,2024-11-03 18:23:00,Entertainment,346.62,PayPal
741,696,2024-11-12 10:35:00,Food,81.81,Debit Card
742,696,2024-12-16 19:22:00,Fashion,245.35,UPI
743,701,2024-05-12 22:49:00,Electronics,227.23,PayPal
744,702,2024-11-14 01:36:00,Food,123.96,PayPal
745,702,2024-09-04 09:25:00,Electronics,476.18,UPI
746,702,2024-09-04 10:21:00,Food,352.11,Credit Card
747,703,2026-01-08 14:17:00,Entertainment,451.33,Credit Card
748,705,2024-10-23 03:33:00,Fashion,325.35,PayPal
749,706,2024-04-27 02:42:00,Electronics,348.77,PayPal
750,706,2024-04-27 02:46:00,Entertainment,370.17,Credit Card
751,707,2024-10-02 05:01:00,Fashion,340.77,PayPal
752,708,2026-01-22 04:40:00,Electronics,472.01,Debit Card
753,710,2025-04-08 06:04:00,Entertainment,250.35,UPI
754,710,2025-07-11 04:01:00,Food,362.85,UPI
755,711,2024-11-13 14:01:00,Entertainment,377.95,Credit Card
756,711,2024-11-13 14:20:00,Entertainment,274.68,UPI
757,712,2024-04-03 01:56:00,Fashion,408.07,UPI
758,712,2024-04-03 01:29:00,Electronics,394.36,Credit Card
759,714,2025-11-24 05:26:00,Entertainment,451.72,Credit Card
760,716,2025-12-20 12:59:00,Food,75.81,PayPal
761,717,2025-09-16 02:41:00,Electronics,72.74,Credit Card
762,717,2025-09-09 14:53:00,Fashion,286.47,Debit Card
763,717,2025-11-07 04:08:00,Food,432.05,UPI
764,717,2025-11-07 04:41:00,Electronics,182.59,PayPal
765,719,2025-09-29 02:53:00,Food,433.03,PayPal
766,720,2024-09-29 00:04:00,Electronics,53.29,PayPal
767,720,2024-09-29 00:25:00,Fashion,233.63,PayPal
768,721,2024-06-15 04:26:00,Fashion,104.8,Credit Card
769,721,2024-04-06 06:40:00,Electronics,213.21,PayPal
770,725,2025-10-28 01:20:00,Fashion,75.94,UPI
771,726,2024-09-21 20:41:00,Fashion,168.59,Credit Card
772,726,2024-09-21 21:06:00,Entertainment,74.4,UPI
773,728,2024-07-06 06:10:00,Entertainment,136.12,Credit Card
774,728,2024-07-06 06:33:00,Entertainment,408.31,Credit Card
775,729,2024-11-20 04:10:00,Food,124.32,UPI
776,729,2024-11-20 04:00:00,Entertainment,419.26,PayPal
777,729,2025-01-01 12:38:00,Fashion,110.57,Credit Card
778,730,2025-07-16 05:01:00,Food,183.09,Credit Card
779,731,2024-09-11 00:18:00,Entertainment,240.68,UPI
780,731,2024-09-11 00:26:00,Entertainment,32.13,Credit Card
781,732,2024-06-12 02:38:00,Food,342.28,Credit Card
782,732,2024-05-05 12:00:00,Electronics,275.81,Debit Card
783,732,2024-05-05 11:59:00,Food,345.02,Debit Card
784,734,2025-01-23 21:31:00,Food,292.34,UPI
785,734,2024-11-17 00:10:00,Entertainment,376.77,UPI
786,734,2024-11-17 00:18:00,Food,10.35,PayPal
787,734,2024-10-22 07:48:00,Fashion,73.88,PayPal
788,737,2025-07-21 12:37:00,Food,410.02,Debit Card
789,737,2025-07-06 15:35:00,Entertainment,160.99,UPI
790,738,2024-09-02 14:17:00,Food,14.95,Debit Card
791,739,2026-02-23 19:26:00,Entertainment,5.31,UPI
792,741,2025-07-20 03:38:00,Entertainment,48.98,PayPal
793,742,2024-05-26 09:23:00,Electronics,10.88,UPI
794,742,2024-05-26 09:11:00,Fashion,28.2,Credit Card
795,746,2026-01-16 10:25:00,Electronics,228.81,Credit Card
796,746,2025-11-25 10:01:00,Electronics,30.05,UPI
797,746,2025-11-25 10:05:00,Fashion,180.74,UPI
798,746,2025-11-10 02:01:00,Fashion,255.6,PayPal
799,747,2026-01-03 17:32:00,Fashion,423.03,Debit Card
800,747,2026-01-03 17:14:00,Fashion,95.7,Credit Card
801,747,2025-12-20 21:59:00,Electronics,96.71,Debit Card
802,747,2025-10-12 13:20:00,Food,113.04,Credit Card
803,748,2025-09-01 14:33:00,Fashion,197.89,Credit Card
804,748,2025-09-01 13:54:00,Food,182.05,UPI
805,750,2025-04-21 02:13:00,Electronics,87.07,UPI
806,750,2025-01-10 22:11:00,Entertainment,329.66,UPI
807,751,2026-01-05 02:44:00,Electronics,158.05,Debit Card
808,752,2025-07-29 08:56:00,Entertainment,287.49,PayPal
809,752,2025-07-29 09:31:00,Electronics,434.06,Debit Card
810,753,2024-02-17 13:41:00,Fashion,291.67,UPI
811,754,2025-06-22 13:56:00,Electronics,314.25,UPI
812,759,2024-02-22 04:24:00,Food,298.56,Credit Card
813,760,2024-10-30 22:12:00,Food,77.55,UPI
814,763,2025-10-29 17:37:00,Electronics,167.67,Debit Card
815,763,2025-09-14 08:13:00,Fashion,156.35,PayPal
816,764,2025-11-22 11:58:00,Entertainment,145.97,Debit Card
817,765,2025-10-24 03:44:00,Entertainment,344.91,PayPal
818,768,2024-09-02 19:55:00,Fashion,330.3,PayPal
819,771,2024-05-28 16:32:00,Electronics,147.47,UPI
820,771,2024-03-19 02:18:00,Entertainment,311.24,Debit Card
821,771,2024-04-08 15:33:00,Fashion,233.3,Credit Card
822,775,2024-06-07 19:36:00,Electronics,495.92,Debit Card
823,775,2024-07-04 22:25:00,Electronics,59.1,Credit Card
824,775,2024-07-04 22:32:00,Electronics,188.08,UPI
825,775,2024-04-14 05:27:00,Electronics,324.5,Debit Card
826,777,2025-01-06 15:45:00,Electronics,418.16,Debit Card
827,777,2025-01-06 15:48:00,Food,270.56,Credit Card
828,778,2025-06-20 06:24:00,Fashion,53.32,Credit Card
829,779,2025-10-20 15:05:00,Food,216.85,PayPal
830,779,2025-10-20 15:25:00,Electronics,26.36,Credit Card
831,779,2025-09-30 23:20:00,Entertainment,192.94,UPI
832,779,2025-09-30 23:05:00,Fashion,322.79,Debit Card
833,780,2025-09-29 18:29:00,Food,267.11,Credit Card
834,780,2025-09-24 15:26:00,Food,459.12,PayPal
835,785,2024-10-02 05:33:00,Food,468.03,PayPal
836,786,2024-01-24 14:07:00,Fashion,499.53,PayPal
837,791,2024-07-23 15:26:00,Food,121.15,PayPal
838,792,2025-06-30 05:14:00,Fashion,176.43,UPI
839,792,2025-06-30 05:43:00,Food,248.98,UPI
840,793,2025-06-20 09:20:00,Electronics,153.11,Credit Card
841,794,2025-06-08 22:39:00,Food,110.53,UPI
842,795,2025-03-12 11:09:00,Entertainment,170.44,PayPal
843,795,2024-12-19 04:26:00,Entertainment,97.02,Credit Card
844,796,2025-10-08 18:06:00,Food,61.92,PayPal
845,797,2025-03-25 08:58:00,Electronics,258.58,UPI
846,801,2024-09-21 09:42:00,Fashion,145.63,PayPal
847,801,2024-09-21 09:53:00,Food,308.41,UPI
848,802,2025-08-09 18:49:00,Food,334.77,Debit Card
849,802,2025-09-10 05:22:00,Electronics,242.39,Credit Card
850,802,2025-10-14 21:52:00,Fashion,438.49,UPI
851,803,2025-11-12 15:08:00,Fashion,487.25,UPI
852,803,2025-09-03 08:53:00,Entertainment,172.59,Credit Card
853,803,2025-10-08 10:38:00,Entertainment,473.81,PayPal
854,804,2025-12-29 08:36:00,Food,474.59,UPI
855,805,2025-04-08 05:17:00,Electronics,194.47,UPI
856,805,2025-05-02 07:51:00,Food,97.89,UPI
857,805,2025-04-21 12:32:00,Fashion,372.3,PayPal
858,806,2024-07-24 16:36:00,Food,228.54,Debit Card
859,807,2025-03-04 12:28:00,Electronics,91.14,PayPal
860,809,2025-12-03 05:07:00,Food,374.03,UPI
861,809,2026-01-05 00:41:00,Fashion,457.91,PayPal
862,810,2024-10-20 15:11:00,Fashion,233.84,Debit Card
863,812,2025-07-01 09:06:00,Food,261.95,Debit Card
864,816,2025-09-12 03:19:00,Food,292.0,PayPal
865,817,2025-08-15 03:51:00,Entertainment,206.18,Debit Card
866,820,2025-04-14 06:18:00,Electronics,492.11,PayPal
867,820,2025-04-14 06:07:00,Entertainment,335.38,Credit Card
868,824,2025-09-16 22:46:00,Electronics,285.32,PayPal
869,826,2024-08-12 01:10:00,Fashion,53.03,Debit Card
870,828,2024-03-11 04:06:00,Electronics,498.99,Credit Card
871,828,2024-03-31 11:30:00,Entertainment,441.32,Credit Card
872,828,2024-03-31 11:18:00,Electronics,157.84,Debit Card
873,830,2025-05-09 00:41:00,Entertainment,159.86,Debit Card
874,830,2025-05-09 00:15:00,Food,416.42,UPI
875,832,2024-06-20 22:30:00,Fashion,463.28,Credit Card
876,834,2026-02-01 01:28:00,Entertainment,127.3,UPI
877,836,2024-06-11 15:29:00,Food,310.64,UPI
878,836,2024-06-19 18:09:00,Fashion,58.94,PayPal
879,836,2024-06-19 18:33:00,Fashion,439.68,PayPal
880,839,2024-08-02 15:16:00,Entertainment,343.08,UPI
881,839,2024-08-02 14:48:00,Entertainment,205.66,PayPal
882,839,2024-08-06 17:53:00,Electronics,21.87,Credit Card
883,843,2024-09-27 06:17:00,Fashion,268.69,PayPal
884,844,2025-03-05 06:56:00,Electronics,343.83,UPI
885,845,2025-05-17 03:22:00,Fashion,195.47,PayPal
886,846,2025-03-31 10:05:00,Fashion,479.93,Credit Card
887,848,2024-04-16 22:28:00,Fashion,15.35,Debit Card
888,849,2025-05-20 20:34:00,Food,301.71,PayPal
889,849,2025-05-20 21:16:00,Electronics,173.99,Credit Card
890,849,2025-06-29 13:17:00,Food,119.98,PayPal
891,850,2024-04-11 01:11:00,Entertainment,208.63,Debit Card
892,853,2025-06-20 10:55:00,Entertainment,149.59,Credit Card
893,854,2025-03-06 13:44:00,Electronics,52.37,Credit Card
894,854,2025-03-06 13:35:00,Food,480.55,PayPal
895,856,2024-05-06 07:49:00,Fashion,213.52,Debit Card
896,856,2024-03-27 16:13:00,Entertainment,342.31,Debit Card
897,857,2025-08-18 06:34:00,Electronics,335.74,PayPal
898,857,2025-08-18 06:06:00,Fashion,167.94,Debit Card
899,858,2025-01-05 15:25:00,Entertainment,29.57,PayPal
900,859,2025-05-29 08:15:00,Food,292.32,Debit Card
901,859,2025-05-29 08:37:00,Electronics,302.51,UPI
902,864,2024-06-10 10:22:00,Fashion,59.18,PayPal
903,865,2025-08-26 05:51:00,Food,364.7,Credit Card
904,867,2025-01-03 06:44:00,Electronics,101.95,Debit Card
905,868,2024-04-30 16:09:00,Food,334.5,PayPal
906,868,2024-04-30 16:01:00,Entertainment,312.99,Debit Card
907,869,2024-11-01 20:44:00,Electronics,205.6,PayPal
908,869,2024-12-06 09:54:00,Entertainment,325.03,Debit Card
909,869,2024-12-06 09:42:00,Food,457.66,Credit Card
910,870,2024-04-13 21:34:00,Entertainment,102.1,UPI
911,870,2024-04-13 22:14:00,Electronics,222.59,PayPal
912,870,2024-04-23 04:37:00,Electronics,429.55,PayPal
913,870,2024-04-23 04:49:00,Fashion,216.49,UPI
914,871,2025-01-12 02:12:00,Entertainment,137.92,Debit Card
915,872,2024-08-10 00:16:00,Entertainment,235.82,PayPal
916,873,2024-07-26 02:17:00,Entertainment,5.85,Credit Card
917,875,2024-11-29 03:02:00,Fashion,230.23,Credit Card
918,875,2024-11-29 02:30:00,Entertainment,310.68,PayPal
919,875,2025-02-06 13:04:00,Electronics,294.79,Debit Card
920,875,2025-01-07 10:57:00,Electronics,437.49,PayPal
921,875,2025-01-07 11:37:00,Food,294.22,Debit Card
922,876,2025-07-15 02:47:00,Fashion,232.84,UPI
923,883,2026-01-22 23:33:00,Fashion,192.05,PayPal
924,883,2026-01-22 23:48:00,Fashion,431.42,Debit Card
925,883,2025-12-06 02:37:00,Fashion,485.21,PayPal
926,883,2025-12-06 03:00:00,Food,245.1,UPI
927,883,2025-09-30 06:10:00,Electronics,326.68,Credit Card
928,887,2025-05-20 13:37:00,Fashion,495.94,Credit Card
929,887,2025-05-20 13:40:00,Fashion,136.18,UPI
930,892,2024-05-03 14:13:00,Entertainment,135.81,Debit Card
931,892,2024-05-10 09:05:00,Electronics,296.71,UPI
932,892,2024-05-10 09:30:00,Food,44.23,Debit Card
933,893,2024-10-03 04:17:00,Fashion,291.52,UPI
934,894,2025-06-05 20:10:00,Electronics,345.82,UPI
935,894,2025-06-05 20:55:00,Electronics,474.61,Debit Card
936,896,2025-03-21 17:17:00,Entertainment,53.26,Credit Card
937,898,2024-12-06 22:04:00,Fashion,495.33,Debit Card
938,898,2024-12-06 22:17:00,Food,40.23,Debit Card
939,899,2025-11-01 12:09:00,Electronics,164.77,PayPal
940,904,2025-07-03 21:16:00,Entertainment,162.85,UPI
941,904,2025-07-03 21:23:00,Electronics,401.54,Credit Card
942,905,2024-03-15 18:16:00,Food,383.1,UPI
943,906,2024-11-25 21:20:00,Entertainment,410.67,Debit Card
944,906,2024-11-25 20:58:00,Food,461.49,PayPal
945,907,2024-05-07 08:02:00,Food,344.14,PayPal
946,907,2024-05-07 08:23:00,Fashion,56.2,Debit Card
947,907,2024-05-25 01:29:00,Fashion,442.69,Credit Card
948,908,2024-03-16 08:01:00,Food,101.63,Credit Card
949,908,2024-01-30 13:30:00,Entertainment,158.99,PayPal
950,911,2024-09-28 21:16:00,Fashion,321.28,PayPal
951,911,2024-07-13 08:25:00,Food,181.19,UPI
952,911,2024-07-13 07:51:00,Entertainment,382.09,Debit Card
953,912,2024-07-10 03:46:00,Food,490.65,Credit Card
954,912,2024-09-14 05:15:00,Food,393.44,UPI
955,912,2024-09-14 05:46:00,Food,361.76,Debit Card
956,913,2025-10-02 01:49:00,Food,165.64,PayPal
957,914,2024-06-09 01:43:00,Entertainment,129.7,UPI
958,914,2024-08-22 23:27:00,Entertainment,61.08,Debit Card
959,914,2024-08-22 23:05:00,Fashion,85.95,Debit Card
960,916,2024-05-08 11:01:00,Fashion,146.09,Credit Card
961,916,2024-05-08 10:57:00,Entertainment,51.18,PayPal
962,918,2025-01-24 04:37:00,Entertainment,209.36,Debit Card
963,919,2025-04-26 13:17:00,Electronics,408.29,PayPal
964,920,2024-01-31 18:31:00,Food,450.56,Debit Card
965,920,2024-01-31 18:02:00,Fashion,49.86,UPI
966,920,2024-02-04 08:49:00,Entertainment,450.3,Credit Card
967,921,2024-02-21 12:02:00,Food,44.1,UPI
968,922,2024-08-31 19:28:00,Electronics,431.66,Debit Card
969,923,2025-10-11 19:08:00,Fashion,490.34,Debit Card
970,923,2025-09-25 21:28:00,Fashion,51.43,Credit Card
971,924,2025-08-14 15:18:00,Electronics,468.06,Credit Card
972,924,2025-08-14 14:39:00,Food,188.68,UPI
973,924,2025-07-25 06:43:00,Electronics,347.63,UPI
974,924,2025-07-25 06:40:00,Entertainment,439.63,UPI
975,926,2024-06-09 16:10:00,Food,99.56,Debit Card
976,926,2024-06-09 15:35:00,Fashion,465.88,PayPal
977,926,2024-06-13 00:29:00,Entertainment,497.16,PayPal
978,926,2024-06-13 00:43:00,Food,266.07,PayPal
979,929,2025-06-13 01:23:00,Food,474.95,PayPal
980,930,2025-08-08 21:11:00,Fashion,158.57,UPI
981,930,2025-08-08 21:14:00,Fashion,179.61,Debit Card
982,930,2025-07-22 11:13:00,Electronics,14.06,PayPal
983,930,2025-07-22 11:12:00,Entertainment,106.07,Credit Card
984,931,2025-06-15 11:48:00,Fashion,205.78,Credit Card
985,936,2024-12-17 17:49:00,Electronics,218.16,PayPal
986,937,2026-01-03 09:05:00,Food,237.06,Debit Card
987,937,2025-11-07 03:23:00,Electronics,134.16,Debit Card
988,937,2025-11-07 03:18:00,Food,406.2,PayPal
989,938,2025-05-16 12:48:00,Food,213.24,Credit Card
990,938,2025-05-16 12:10:00,Electronics,218.87,Debit Card
991,942,2024-07-26 21:51:00,Food,180.03,Credit Card
992,942,2024-06-20 16:50:00,Food,467.56,Debit Card
993,945,2024-06-28 11:03:00,Entertainment,113.57,UPI
994,947,2025-03-03 01:13:00,Electronics,362.48,Debit Card
995,947,2025-03-03 01:20:00,Entertainment,459.93,PayPal
996,948,2025-01-08 07:20:00,Food,334.98,UPI
997,950,2024-09-09 07:04:00,Entertainment,151.19,Credit Card
998,951,2025-06-22 04:54:00,Food,382.9,Credit Card
999,951,2025-06-22 04:16:00,Food,239.85,Debit Card
1000,951,2025-04-24 20:16:00,Electronics,146.59,PayPal
1001,951,2025-04-24 20:02:00,Electronics,402.81,Debit Card
1002,952,2024-04-03 14:35:00,Food,122.49,Debit Card
1003,952,2024-04-03 13:58:00,Fashion,22.88,Debit Card
1004,953,2025-01-01 13:57:00,Electronics,212.13,UPI
1005,954,2024-10-06 02:30:00,Food,83.73,UPI
1006,958,2025-08-12 00:12:00,Food,456.88,Credit Card
1007,958,2025-08-12 00:12:00,Fashion,186.0,Debit Card
1008,958,2025-05-08 13:52:00,Electronics,439.26,Debit Card
1009,958,2025-05-04 03:54:00,Fashion,465.83,Debit Card
1010,959,2024-09-13 21:51:00,Food,176.04,Credit Card
1011,961,2024-05-21 19:00:00,Electronics,342.18,PayPal
1012,961,2024-04-07 13:28:00,Entertainment,366.95,Credit Card
1013,961,2024-04-07 13:16:00,Entertainment,495.11,Debit Card
1014,965,2026-03-25 19:40:00,Electronics,459.33,Debit Card
1015,966,2024-11-30 18:58:00,Electronics,365.82,UPI
1016,966,2024-11-30 18:22:00,Food,21.92,Credit Card
1017,966,2025-02-10 14:49:00,Entertainment,372.07,Debit Card
1018,967,2024-09-30 05:36:00,Electronics,417.96,UPI
1019,970,2025-07-15 16:56:00,Fashion,135.13,Debit Card
1020,970,2025-09-18 01:56:00,Fashion,323.15,Debit Card
1021,970,2025-09-18 01:37:00,Fashion,323.53,Credit Card
1022,972,2024-09-07 06:17:00,Food,184.41,Debit Card
1023,973,2025-01-10 18:35:00,Entertainment,424.18,PayPal
1024,973,2025-01-10 18:13:00,Entertainment,429.17,Debit Card
1025,973,2025-03-07 03:11:00,Electronics,56.26,Debit Card
1026,974,2025-12-14 17:35:00,Food,494.37,UPI
1027,978,2024-07-22 03:56:00,Fashion,330.96,UPI
1028,983,2025-09-19 02:05:00,Electronics,183.42,Credit Card
1029,985,2025-02-20 10:11:00,Food,212.82,Debit Card
1030,986,2025-06-01 15:53:00,Electronics,26.87,Debit Card
1031,987,2024-06-04 11:34:00,Entertainment,153.22,Credit Card
1032,988,2024-07-13 17:48:00,Fashion,22.89,Debit Card
1033,988,2024-07-13 17:25:00,Entertainment,449.33,PayPal
1034,990,2024-09-24 07:54:00,Fashion,100.46,UPI
1035,990,2024-09-25 02:31:00,Fashion,51.33,UPI
1036,991,2025-09-19 22:15:00,Electronics,299.88,Credit Card
1037,991,2025-09-19 21:58:00,Electronics,288.17,UPI
1038,993,2025-05-28 05:28:00,Fashion,380.44,PayPal
1039,993,2025-05-28 06:09:00,Food,57.96,PayPal
1040,993,2025-08-24 20:31:00,Electronics,198.0,Credit Card
1041,993,2025-08-28 02:14:00,Fashion,442.39,UPI
1042,993,2025-08-28 03:00:00,Food,361.28,PayPal
1043,996,2024-06-22 22:33:00,Entertainment,225.42,Credit Card
1044,996,2024-06-22 22:12:00,Electronics,136.81,UPI
1045,996,2024-08-07 23:59:00,Food,25.4,Credit Card
1046,996,2024-08-07 23:56:00,Food,212.47,PayPal
1047,999,2025-07-25 04:30:00,Electronics,255.87,Credit Card
1048,999,2025-07-25 03:56:00,Entertainment,249.2,Debit Card
1049,1001,2025-06-18 13:53:00,Entertainment,465.9,UPI
1050,1001,2025-09-24 07:49:00,Electronics,289.31,Credit Card
1051,1002,2024-07-09 18:32:00,Electronics,83.94,UPI
1052,1002,2024-07-23 15:46:00,Food,328.06,Debit Card
1053,1003,2024-04-10 22:44:00,Fashion,294.49,UPI
1054,1003,2024-04-10 22:20:00,Electronics,149.87,UPI
1055,1008,2025-05-25 09:29:00,Electronics,238.44,PayPal
1056,1008,2025-03-24 18:04:00,Fashion,457.83,Credit Card
1057,1010,2025-05-22 08:09:00,Food,323.6,Credit Card
1058,1011,2025-11-17 07:48:00,Fashion,351.0,PayPal
1059,1011,2025-11-17 07:46:00,Food,57.29,Debit Card
1060,1011,2025-08-07 16:02:00,Entertainment,381.19,Credit Card
1061,1012,2024-10-10 15:08:00,Electronics,455.33,PayPal
1062,1013,2025-12-06 13:56:00,Electronics,290.11,UPI
1063,1013,2025-12-06 14:00:00,Fashion,277.54,PayPal
1064,1014,2025-08-01 08:43:00,Food,411.91,Credit Card
1065,1015,2024-08-10 18:32:00,Food,446.88,Credit Card
1066,1015,2024-08-10 18:07:00,Entertainment,222.87,UPI
1067,1016,2025-04-28 20:27:00,Entertainment,167.99,PayPal
1068,1017,2024-06-23 00:40:00,Food,114.53,UPI
1069,1018,2024-04-28 12:47:00,Entertainment,387.71,PayPal
1070,1018,2024-04-28 13:20:00,Fashion,85.28,Debit Card
1071,1019,2026-04-01 01:43:00,Electronics,126.58,UPI
1072,1020,2024-03-15 09:50:00,Food,287.34,Credit Card
1073,1021,2025-04-27 21:15:00,Food,197.35,PayPal
1074,1021,2025-04-27 21:11:00,Electronics,208.15,PayPal
1075,1022,2025-07-10 15:00:00,Food,445.89,PayPal
1076,1022,2025-07-10 14:50:00,Fashion,308.04,PayPal
1077,1022,2025-05-05 05:30:00,Entertainment,271.02,Debit Card
1078,1022,2025-05-05 05:00:00,Fashion,311.51,PayPal
1079,1022,2025-07-12 15:57:00,Fashion,44.57,Debit Card
1080,1022,2025-06-03 23:01:00,Food,180.9,UPI
1081,1025,2024-11-15 23:00:00,Electronics,405.23,Debit Card
1082,1026,2025-07-21 10:26:00,Fashion,140.1,Debit Card
1083,1027,2025-10-01 00:40:00,Food,180.26,Debit Card
1084,1027,2025-09-05 00:28:00,Fashion,157.83,Credit Card
1085,1027,2025-07-31 13:01:00,Fashion,296.88,UPI
1086,1028,2025-05-06 03:55:00,Food,277.6,UPI
1087,1032,2024-06-10 13:45:00,Electronics,464.06,Credit Card
1088,1032,2024-06-10 13:52:00,Food,118.22,PayPal
1089,1036,2025-06-17 01:03:00,Fashion,81.34,PayPal
1090,1037,2024-10-17 18:27:00,Food,136.71,UPI
1091,1037,2024-10-10 10:16:00,Food,289.29,PayPal
1092,1038,2025-04-25 14:42:00,Entertainment,292.98,PayPal
1093,1038,2025-04-25 14:17:00,Electronics,403.07,Credit Card
1094,1040,2024-05-15 07:36:00,Electronics,19.97,Credit Card
1095,1040,2024-05-15 07:01:00,Electronics,400.44,Credit Card
1096,1041,2024-03-04 20:36:00,Electronics,416.9,PayPal
1097,1041,2024-03-04 20:21:00,Entertainment,256.77,UPI
1098,1042,2025-07-29 03:30:00,Food,481.65,UPI
1099,1042,2025-07-29 03:25:00,Food,467.32,UPI
1100,1042,2025-10-10 00:26:00,Fashion,452.1,Credit Card
1101,1042,2025-10-07 15:05:00,Fashion,262.94,UPI
1102,1043,2025-07-21 22:57:00,Entertainment,30.32,UPI
1103,1043,2025-10-26 08:25:00,Entertainment,48.11,Debit Card
1104,1044,2024-06-30 02:14:00,Food,373.94,Debit Card
1105,1044,2024-06-30 01:17:00,Fashion,107.46,UPI
1106,1047,2025-07-26 05:15:00,Electronics,26.8,Debit Card
1107,1048,2026-02-14 08:08:00,Electronics,27.24,PayPal
1108,1048,2026-02-14 07:56:00,Electronics,318.9,UPI
1109,1048,2026-01-27 15:07:00,Entertainment,124.78,UPI
1110,1048,2026-01-27 15:36:00,Entertainment,206.19,UPI
1111,1048,2026-03-04 08:50:00,Electronics,282.64,PayPal
1112,1048,2025-12-14 00:38:00,Electronics,160.83,Debit Card
1113,1048,2025-12-14 01:13:00,Electronics,75.78,Credit Card
1114,1049,2025-02-18 07:21:00,Electronics,364.33,Debit Card
1115,1050,2024-06-21 19:19:00,Entertainment,419.36,Debit Card
1116,1051,2025-12-07 00:30:00,Electronics,219.63,Credit Card
1117,1051,2025-12-07 00:53:00,Electronics,16.41,PayPal
1118,1051,2026-01-01 19:16:00,Entertainment,148.79,Debit Card
1119,1053,2025-07-06 17:01:00,Food,252.54,PayPal
1120,1053,2025-07-06 16:25:00,Fashion,148.21,PayPal
1121,1055,2024-08-23 05:38:00,Fashion,92.32,Credit Card
1122,1057,2025-02-01 03:27:00,Fashion,203.99,Credit Card
1123,1057,2025-02-01 03:14:00,Electronics,329.25,Debit Card
1124,1058,2025-09-26 21:10:00,Electronics,467.79,PayPal
1125,1058,2025-09-26 20:48:00,Food,136.87,UPI
1126,1061,2026-01-21 11:10:00,Food,440.94,PayPal
1127,1062,2025-05-21 12:05:00,Fashion,412.71,Credit Card
1128,1062,2025-05-21 12:46:00,Fashion,268.37,Credit Card
1129,1064,2024-12-03 09:33:00,Food,437.74,Debit Card
1130,1064,2024-09-25 07:24:00,Fashion,12.2,UPI
1131,1064,2024-09-25 07:55:00,Fashion,57.27,Debit Card
1132,1065,2025-10-06 06:49:00,Fashion,160.5,Credit Card
1133,1065,2025-10-06 07:21:00,Electronics,251.57,Credit Card
1134,1065,2025-10-23 03:33:00,Electronics,222.47,Debit Card
1135,1065,2025-10-20 16:07:00,Fashion,327.49,Debit Card
1136,1067,2025-04-26 18:53:00,Electronics,278.59,Credit Card
1137,1070,2024-12-23 11:22:00,Electronics,363.83,UPI
1138,1070,2025-01-09 13:34:00,Food,15.13,UPI
1139,1070,2025-01-09 13:47:00,Fashion,444.59,Debit Card
1140,1071,2025-05-29 03:32:00,Food,215.03,Debit Card
1141,1072,2025-05-12 05:05:00,Entertainment,41.6,UPI
1142,1074,2024-05-25 12:21:00,Food,95.28,Debit Card
1143,1074,2024-05-25 12:51:00,Entertainment,177.95,PayPal
1144,1074,2024-06-06 05:05:00,Fashion,237.32,PayPal
1145,1074,2024-06-06 05:21:00,Fashion,48.21,Credit Card
1146,1076,2025-04-12 15:14:00,Food,202.09,Credit Card
1147,1076,2025-04-08 17:06:00,Fashion,201.21,UPI
1148,1076,2025-03-05 16:20:00,Electronics,374.27,Debit Card
1149,1083,2024-05-16 19:27:00,Fashion,114.99,Debit Card
1150,1084,2024-04-05 08:13:00,Fashion,497.7,UPI
1151,1086,2025-08-15 18:18:00,Entertainment,112.85,Debit Card
1152,1091,2024-04-03 04:17:00,Electronics,40.37,Debit Card
1153,1091,2024-04-13 00:16:00,Fashion,346.63,Credit Card
1154,1093,2025-02-10 07:25:00,Electronics,234.57,PayPal
1155,1093,2024-12-30 17:37:00,Electronics,365.15,Credit Card
1156,1094,2024-02-23 19:04:00,Electronics,243.44,Debit Card
1157,1094,2024-06-11 06:05:00,Entertainment,82.53,Credit Card
1158,1094,2024-03-17 20:27:00,Entertainment,158.35,PayPal
1159,1097,2024-11-14 08:52:00,Electronics,336.41,UPI
1160,1098,2024-06-16 18:49:00,Fashion,466.24,Debit Card
1161,1098,2024-05-21 01:01:00,Entertainment,283.73,Debit Card
1162,1099,2025-03-31 19:59:00,Entertainment,317.39,Debit Card
1163,1099,2025-03-31 19:55:00,Entertainment,373.19,PayPal
1164,1099,2025-05-16 14:17:00,Electronics,413.78,UPI
1165,1100,2024-07-22 06:57:00,Fashion,312.88,Debit Card
1166,1100,2024-07-22 07:23:00,Electronics,121.54,UPI
1167,1101,2024-06-05 10:24:00,Electronics,399.37,Debit Card
1168,1104,2024-06-13 00:26:00,Fashion,374.8,PayPal
1169,1104,2024-05-28 13:41:00,Entertainment,60.29,Debit Card
1170,1104,2024-04-01 23:51:00,Electronics,343.16,Debit Card
1171,1105,2025-06-10 18:16:00,Fashion,281.49,Debit Card
1172,1108,2024-09-21 09:43:00,Food,139.21,UPI
1173,1108,2024-10-03 12:53:00,Fashion,39.49,Credit Card
1174,1108,2024-10-03 12:50:00,Food,349.69,Credit Card
1175,1108,2024-09-07 18:03:00,Entertainment,390.39,Debit Card
1176,1109,2025-07-19 00:18:00,Entertainment,152.71,Credit Card
1177,1109,2025-07-13 21:50:00,Entertainment,159.57,Credit Card
1178,1111,2025-10-11 23:36:00,Fashion,383.04,UPI
1179,1112,2025-05-20 15:08:00,Electronics,324.42,UPI
1180,1113,2025-03-01 06:35:00,Entertainment,452.96,Credit Card
1181,1115,2025-02-28 16:58:00,Entertainment,49.4,PayPal
1182,1115,2025-04-04 01:40:00,Electronics,51.21,Debit Card
1183,1115,2025-04-04 02:00:00,Food,203.56,Debit Card
1184,1116,2024-09-30 03:23:00,Entertainment,404.19,Debit Card
1185,1120,2024-02-05 00:40:00,Electronics,133.19,PayPal
1186,1120,2024-04-13 20:33:00,Fashion,432.26,Credit Card
1187,1120,2024-04-13 20:03:00,Entertainment,310.69,Credit Card
1188,1120,2024-02-02 22:12:00,Food,385.12,PayPal
1189,1120,2024-05-01 02:29:00,Food,161.29,Credit Card
1190,1121,2025-05-30 01:23:00,Food,376.05,Debit Card
1191,1122,2025-05-16 04:23:00,Food,11.77,PayPal
1192,1122,2025-05-26 03:03:00,Food,131.44,UPI
1193,1122,2025-06-26 15:43:00,Food,210.58,PayPal
1194,1124,2025-10-11 08:39:00,Fashion,458.96,Credit Card
1195,1125,2025-04-08 13:03:00,Fashion,433.03,Credit Card
1196,1126,2025-02-13 08:57:00,Food,48.26,UPI
1197,1126,2025-02-13 09:24:00,Fashion,305.27,UPI
1198,1126,2025-02-09 09:19:00,Food,28.94,UPI
1199,1127,2024-07-31 16:41:00,Entertainment,24.31,Debit Card
1200,1129,2025-07-15 10:18:00,Fashion,345.76,Credit Card
1201,1130,2024-09-24 21:06:00,Entertainment,340.74,PayPal
1202,1131,2025-11-14 06:25:00,Entertainment,266.81,UPI
1203,1131,2025-11-14 07:04:00,Fashion,466.76,UPI
1204,1132,2026-01-12 13:37:00,Fashion,410.79,PayPal
1205,1133,2025-08-25 03:15:00,Entertainment,165.47,Debit Card
1206,1133,2025-08-25 03:26:00,Food,324.69,UPI
1207,1133,2025-10-19 14:50:00,Electronics,34.83,Credit Card
1208,1133,2025-10-19 14:46:00,Food,282.94,Debit Card
1209,1135,2025-07-24 15:13:00,Food,161.12,UPI
1210,1135,2025-07-24 14:56:00,Fashion,452.1,PayPal
1211,1135,2025-05-22 14:03:00,Electronics,251.25,PayPal
1212,1135,2025-05-22 13:58:00,Food,134.85,Debit Card
1213,1136,2025-05-09 06:14:00,Entertainment,473.99,Debit Card
1214,1136,2025-05-09 06:18:00,Entertainment,310.46,PayPal
1215,1136,2025-05-12 09:21:00,Food,255.11,Credit Card
1216,1139,2024-11-21 22:44:00,Food,89.65,PayPal
1217,1139,2024-12-22 13:20:00,Fashion,277.0,Credit Card
1218,1139,2024-12-22 13:54:00,Entertainment,185.44,PayPal
1219,1140,2024-12-06 21:21:00,Electronics,323.69,UPI
1220,1142,2024-03-25 02:01:00,Food,373.79,UPI
1221,1143,2025-05-19 19:35:00,Food,454.7,UPI
1222,1143,2025-04-21 00:34:00,Entertainment,465.95,Debit Card
1223,1143,2025-04-20 23:44:00,Fashion,393.57,Credit Card
1224,1144,2024-05-21 02:50:00,Food,298.53,Credit Card
1225,1144,2024-05-21 02:17:00,Entertainment,218.61,PayPal
1226,1144,2024-07-22 05:25:00,Entertainment,154.88,UPI
1227,1145,2025-08-04 10:03:00,Food,487.64,Debit Card
1228,1147,2024-06-04 08:47:00,Fashion,371.58,Credit Card
1229,1148,2025-08-30 22:35:00,Electronics,424.37,Credit Card
1230,1148,2025-08-30 22:48:00,Fashion,172.48,Debit Card
1231,1148,2025-08-24 13:06:00,Entertainment,139.79,PayPal
1232,1149,2025-06-05 05:52:00,Electronics,415.16,PayPal
1233,1151,2025-01-25 19:40:00,Electronics,409.65,UPI
1234,1152,2024-06-18 13:58:00,Food,130.36,PayPal
1235,1152,2024-06-18 13:15:00,Entertainment,184.57,Debit Card
1236,1154,2024-04-18 13:48:00,Electronics,153.8,UPI
1237,1154,2024-04-18 13:55:00,Electronics,148.92,Debit Card
1238,1154,2024-08-02 15:54:00,Food,30.53,Credit Card
1239,1155,2025-08-10 01:09:00,Food,383.95,PayPal
1240,1155,2025-08-10 01:16:00,Fashion,297.43,UPI
1241,1155,2025-09-08 01:50:00,Fashion,264.98,Credit Card
1242,1155,2025-09-08 01:57:00,Food,159.31,UPI
1243,1156,2025-09-30 17:17:00,Food,16.89,Debit Card
1244,1156,2025-12-02 07:57:00,Fashion,235.58,Credit Card
1245,1156,2025-10-18 20:59:00,Fashion,340.03,Debit Card
1246,1160,2025-04-03 19:40:00,Fashion,342.86,UPI
1247,1162,2025-08-14 04:31:00,Entertainment,326.5,PayPal
1248,1162,2025-09-09 21:27:00,Electronics,287.74,Debit Card
1249,1165,2024-03-08 03:55:00,Fashion,159.72,Credit Card
1250,1166,2025-01-26 04:15:00,Entertainment,236.01,Credit Card
1251,1167,2025-12-31 02:34:00,Electronics,224.9,UPI
1252,1168,2024-08-16 00:30:00,Entertainment,400.61,Debit Card
1253,1168,2024-08-16 00:36:00,Fashion,271.63,UPI
1254,1169,2026-03-13 11:29:00,Food,486.07,PayPal
1255,1170,2024-08-08 10:17:00,Electronics,215.51,Credit Card
1256,1170,2024-08-08 09:42:00,Fashion,387.41,Debit Card
1257,1172,2024-07-28 14:19:00,Electronics,299.28,Credit Card
1258,1172,2024-07-28 14:20:00,Entertainment,140.16,Debit Card
1259,1172,2024-09-27 01:42:00,Electronics,170.27,PayPal
1260,1176,2025-08-08 19:51:00,Food,50.64,UPI
1261,1178,2026-02-03 02:26:00,Electronics,483.45,Debit Card
1262,1178,2025-11-09 17:40:00,Food,31.54,PayPal
1263,1179,2025-04-16 11:01:00,Fashion,482.83,Debit Card
1264,1179,2025-04-16 11:09:00,Electronics,447.91,PayPal
1265,1184,2025-05-08 19:41:00,Food,417.6,Credit Card
1266,1186,2024-09-30 21:41:00,Fashion,302.58,Credit Card
1267,1186,2024-09-30 21:56:00,Food,231.59,PayPal
1268,1186,2024-11-13 07:28:00,Electronics,394.34,UPI
1269,1186,2024-08-12 06:36:00,Electronics,102.08,Credit Card
1270,1186,2024-08-12 06:21:00,Food,379.62,Credit Card
1271,1187,2024-07-27 02:26:00,Electronics,369.91,Debit Card
1272,1189,2026-01-01 14:00:00,Entertainment,42.3,UPI
1273,1192,2024-03-30 00:08:00,Food,67.94,UPI
1274,1193,2025-03-30 05:03:00,Electronics,6.15,Credit Card
1275,1194,2026-02-01 10:59:00,Fashion,249.23,Credit Card
1276,1194,2026-02-01 11:13:00,Entertainment,318.92,PayPal
1277,1196,2024-11-15 05:29:00,Food,265.96,Credit Card
1278,1196,2024-11-15 04:57:00,Fashion,299.62,Credit Card
1279,1197,2025-03-25 23:40:00,Entertainment,129.96,Credit Card
1280,1197,2025-03-25 23:51:00,Entertainment,123.51,UPI
1281,1197,2025-03-18 22:00:00,Fashion,161.18,Debit Card
1282,1198,2025-10-22 20:06:00,Food,135.94,Credit Card
1283,1199,2024-07-18 12:57:00,Food,185.95,Credit Card
1284,1199,2024-07-18 12:20:00,Fashion,77.55,UPI
1285,1199,2024-05-19 20:19:00,Electronics,382.86,PayPal
1286,1200,2025-11-30 02:20:00,Electronics,131.33,PayPal
1287,1200,2025-11-30 03:10:00,Fashion,95.74,PayPal
1288,1200,2026-01-10 17:25:00,Entertainment,272.74,Credit Card
1289,1200,2026-02-10 04:42:00,Electronics,69.53,Credit Card
1290,1200,2026-02-10 04:03:00,Electronics,408.12,PayPal
1291,1204,2025-11-02 12:28:00,Food,364.06,UPI
1292,1209,2024-03-14 12:13:00,Fashion,335.03,Credit Card
1293,1209,2024-05-12 22:19:00,Entertainment,429.54,Credit Card
1294,1209,2024-05-12 22:40:00,Entertainment,309.2,PayPal
1295,1209,2024-04-21 04:57:00,Entertainment,359.74,Credit Card
1296,1209,2024-04-21 04:31:00,Entertainment,499.24,UPI
1297,1209,2024-02-18 21:53:00,Entertainment,91.02,Debit Card
1298,1211,2025-06-03 14:55:00,Electronics,403.49,Debit Card
1299,1216,2024-11-09 01:03:00,Electronics,91.09,Debit Card
1300,1216,2024-11-09 01:46:00,Food,183.91,PayPal
1301,1217,2024-10-23 06:39:00,Fashion,493.87,Credit Card
1302,1217,2024-10-23 14:29:00,Electronics,213.89,Credit Card
1303,1219,2025-02-27 18:04:00,Fashion,323.48,Credit Card
1304,1220,2025-11-13 05:28:00,Food,341.14,Debit Card
1305,1220,2025-11-13 05:05:00,Food,258.74,UPI
1306,1221,2024-04-02 10:10:00,Electronics,422.71,Debit Card
1307,1221,2024-04-02 10:18:00,Electronics,401.48,PayPal
1308,1223,2025-09-12 00:16:00,Entertainment,129.82,UPI
1309,1224,2025-01-15 22:57:00,Food,196.65,PayPal
1310,1224,2025-01-15 22:58:00,Entertainment,53.54,UPI
1311,1229,2024-06-20 19:39:00,Fashion,125.32,Credit Card
1312,1229,2024-06-20 19:58:00,Electronics,275.84,Debit Card
1313,1230,2025-06-26 13:31:00,Food,412.93,UPI
1314,1230,2025-06-26 13:33:00,Fashion,57.14,Debit Card
1315,1230,2025-08-02 14:01:00,Food,446.41,UPI
1316,1230,2025-05-23 04:49:00,Food,243.46,PayPal
1317,1231,2025-10-10 14:13:00,Entertainment,132.54,Debit Card
1318,1231,2025-11-11 14:47:00,Fashion,213.28,PayPal
1319,1231,2025-11-11 14:50:00,Food,413.69,Debit Card
1320,1232,2024-06-01 13:14:00,Food,486.08,Debit Card
1321,1233,2024-09-04 06:53:00,Electronics,296.98,PayPal
1322,1234,2024-10-18 05:42:00,Food,404.34,Credit Card
1323,1234,2024-10-18 05:13:00,Fashion,336.43,PayPal
1324,1235,2024-03-16 14:00:00,Fashion,440.61,PayPal
1325,1236,2024-04-12 01:57:00,Food,177.53,Credit Card
1326,1237,2024-09-29 21:01:00,Fashion,35.41,PayPal
1327,1237,2024-07-29 01:07:00,Entertainment,486.23,UPI
1328,1241,2024-06-19 11:22:00,Fashion,389.84,UPI
1329,1242,2025-02-04 07:09:00,Electronics,19.83,UPI
1330,1244,2026-01-21 16:27:00,Entertainment,452.76,Debit Card
1331,1244,2026-01-21 16:39:00,Fashion,415.94,Credit Card
1332,1246,2025-09-03 01:43:00,Fashion,421.6,PayPal
1333,1247,2024-04-20 22:48:00,Food,245.13,Debit Card
1334,1247,2024-04-20 22:23:00,Food,412.6,Credit Card
1335,1247,2024-03-17 10:56:00,Electronics,273.37,Credit Card
1336,1247,2024-03-17 10:29:00,Food,236.87,Credit Card
1337,1247,2024-05-22 06:20:00,Food,422.43,Debit Card
1338,1247,2024-05-22 06:35:00,Fashion,243.21,PayPal
1339,1247,2024-04-24 20:22:00,Food,144.82,Credit Card
1340,1251,2025-07-07 09:58:00,Entertainment,124.04,Debit Card
1341,1252,2025-12-27 12:24:00,Electronics,129.74,Debit Card
1342,1254,2025-04-13 19:11:00,Entertainment,366.12,PayPal
1343,1256,2025-02-27 11:55:00,Entertainment,434.88,UPI
1344,1258,2024-02-24 06:40:00,Food,412.74,UPI
1345,1259,2024-10-08 12:21:00,Food,420.14,UPI
1346,1259,2024-10-08 11:56:00,Electronics,322.88,Debit Card
1347,1261,2025-03-09 23:47:00,Entertainment,22.9,Credit Card
1348,1262,2026-04-14 02:20:00,Entertainment,102.48,Debit Card
1349,1264,2025-05-26 13:11:00,Electronics,123.14,Credit Card
1350,1264,2025-03-19 15:44:00,Entertainment,404.1,PayPal
1351,1264,2025-03-19 15:36:00,Electronics,499.31,UPI
1352,1266,2024-09-26 22:02:00,Electronics,424.44,Debit Card
1353,1266,2024-06-21 11:51:00,Entertainment,148.43,Credit Card
1354,1266,2024-06-21 12:41:00,Food,146.14,UPI
1355,1267,2024-06-17 15:54:00,Fashion,413.34,Credit Card
1356,1270,2024-10-16 17:42:00,Entertainment,273.99,UPI
1357,1270,2024-09-25 17:34:00,Electronics,44.25,Debit Card
1358,1273,2024-12-07 20:11:00,Fashion,39.4,UPI
1359,1273,2024-12-07 20:53:00,Entertainment,79.75,PayPal
1360,1273,2025-01-21 03:02:00,Fashion,226.61,UPI
1361,1276,2025-05-01 17:07:00,Fashion,200.56,Credit Card
1362,1276,2025-06-25 11:25:00,Entertainment,349.32,Debit Card
1363,1277,2024-07-24 23:05:00,Electronics,71.67,Credit Card
1364,1278,2025-07-04 04:02:00,Fashion,437.78,PayPal
1365,1278,2025-07-04 04:01:00,Entertainment,34.8,Credit Card
1366,1279,2024-08-07 14:23:00,Entertainment,379.75,PayPal
1367,1280,2024-06-16 22:10:00,Entertainment,131.34,Credit Card
1368,1283,2025-09-17 16:41:00,Electronics,32.69,Credit Card
1369,1283,2025-08-29 09:53:00,Entertainment,76.55,Debit Card
1370,1283,2025-08-29 09:23:00,Entertainment,88.99,UPI
1371,1286,2024-08-03 08:01:00,Entertainment,75.72,UPI
1372,1286,2024-08-03 08:34:00,Fashion,103.27,Debit Card
1373,1288,2024-08-18 08:35:00,Fashion,142.07,PayPal
1374,1290,2024-06-13 13:51:00,Entertainment,43.44,PayPal
1375,1290,2024-06-12 00:12:00,Entertainment,130.59,Credit Card
1376,1295,2025-11-25 00:54:00,Electronics,281.17,UPI
1377,1296,2024-06-27 00:00:00,Food,158.31,UPI
1378,1296,2024-06-19 03:49:00,Food,197.5,UPI
1379,1297,2024-07-23 20:21:00,Fashion,136.44,UPI
1380,1297,2024-07-23 20:15:00,Food,235.62,Credit Card
1381,1298,2024-10-15 17:01:00,Fashion,296.65,Debit Card
1382,1303,2025-10-23 13:02:00,Food,122.52,Credit Card
1383,1304,2024-12-24 20:31:00,Entertainment,58.52,Debit Card
1384,1304,2024-12-24 20:39:00,Electronics,177.8,Debit Card
1385,1308,2026-02-03 22:05:00,Food,79.87,PayPal
1386,1308,2025-12-09 03:18:00,Food,344.86,Debit Card
1387,1309,2024-10-12 15:00:00,Food,33.63,PayPal
1388,1309,2024-10-17 13:42:00,Food,242.39,UPI
1389,1310,2024-12-17 19:41:00,Entertainment,215.54,PayPal
1390,1310,2024-12-17 19:42:00,Electronics,99.19,PayPal
1391,1313,2024-08-07 14:08:00,Electronics,259.2,Credit Card
1392,1313,2024-08-07 13:58:00,Electronics,405.08,PayPal
1393,1315,2025-02-11 11:29:00,Fashion,461.53,Debit Card
1394,1317,2025-12-26 05:28:00,Fashion,278.93,PayPal
1395,1319,2024-12-04 21:27:00,Food,225.18,Debit Card
1396,1320,2025-09-25 14:43:00,Electronics,194.09,Credit Card
1397,1320,2025-07-12 09:04:00,Electronics,479.01,UPI
1398,1322,2025-10-29 03:20:00,Entertainment,415.24,UPI
1399,1322,2025-12-07 00:32:00,Food,13.78,Credit Card
1400,1322,2025-12-02 04:03:00,Entertainment,74.35,PayPal
1401,1324,2025-11-25 00:18:00,Fashion,81.85,Debit Card
1402,1324,2025-11-24 23:58:00,Electronics,263.54,PayPal
1403,1324,2026-02-23 19:38:00,Food,328.6,UPI
1404,1324,2026-02-23 20:05:00,Electronics,161.75,UPI
1405,1326,2025-10-17 23:58:00,Entertainment,241.64,UPI
1406,1326,2025-10-17 23:45:00,Fashion,269.2,PayPal
1407,1326,2025-08-27 18:21:00,Food,384.27,UPI
1408,1327,2025-05-15 13:03:00,Electronics,170.55,Credit Card
1409,1327,2025-05-17 22:38:00,Fashion,462.92,PayPal
1410,1329,2025-03-23 19:36:00,Electronics,199.35,UPI
1411,1329,2025-03-23 19:46:00,Electronics,497.27,Debit Card
1412,1332,2025-02-10 21:17:00,Food,453.03,Debit Card
1413,1332,2025-02-10 20:24:00,Electronics,321.96,Credit Card
1414,1333,2024-08-23 07:49:00,Fashion,486.39,UPI
1415,1333,2024-08-23 08:26:00,Entertainment,261.84,PayPal
1416,1334,2025-10-14 00:28:00,Food,334.41,PayPal
1417,1336,2024-06-16 19:47:00,Food,297.6,UPI
1418,1337,2024-11-07 08:47:00,Fashion,210.28,PayPal
1419,1337,2024-08-15 17:29:00,Food,318.86,UPI
1420,1339,2024-12-11 06:28:00,Food,380.83,PayPal
1421,1339,2024-12-11 06:39:00,Electronics,486.19,UPI
1422,1340,2025-03-28 00:18:00,Fashion,45.41,PayPal
1423,1341,2024-10-18 21:58:00,Entertainment,364.95,UPI
1424,1341,2024-10-18 21:17:00,Fashion,247.83,Debit Card
1425,1343,2025-12-20 21:39:00,Electronics,298.19,Debit Card
1426,1343,2025-12-20 21:28:00,Electronics,85.81,UPI
1427,1346,2024-09-22 12:07:00,Entertainment,440.44,Debit Card
1428,1348,2025-08-06 17:40:00,Electronics,321.21,Debit Card
1429,1348,2025-07-21 11:06:00,Electronics,64.94,PayPal
1430,1348,2025-07-21 10:41:00,Food,374.98,PayPal
1431,1350,2024-10-16 07:24:00,Entertainment,365.1,Credit Card
1432,1350,2024-10-16 06:51:00,Entertainment,399.01,UPI
1433,1352,2025-06-08 18:20:00,Food,135.97,Credit Card
1434,1352,2025-06-08 18:14:00,Electronics,14.01,Credit Card
1435,1353,2025-03-06 06:58:00,Food,151.25,Debit Card
1436,1353,2025-02-17 17:40:00,Food,27.99,Credit Card
1437,1354,2024-06-22 10:57:00,Electronics,435.47,Credit Card
1438,1354,2024-06-22 11:30:00,Fashion,310.26,Credit Card
1439,1354,2024-06-22 20:24:00,Fashion,346.32,Debit Card
1440,1355,2024-03-12 17:14:00,Fashion,277.69,Debit Card
1441,1355,2024-03-12 17:34:00,Fashion,55.0,PayPal
1442,1355,2024-02-10 01:26:00,Entertainment,426.74,UPI
1443,1355,2024-05-12 03:16:00,Food,207.51,PayPal
1444,1356,2024-09-13 05:02:00,Food,491.73,UPI
1445,1358,2024-04-07 17:06:00,Electronics,399.01,Credit Card
1446,1358,2024-06-12 08:45:00,Electronics,318.79,PayPal
1447,1360,2025-08-04 00:25:00,Food,463.73,Debit Card
1448,1365,2025-07-25 08:51:00,Fashion,402.78,PayPal
1449,1367,2024-05-05 06:58:00,Entertainment,456.75,PayPal
1450,1369,2024-09-21 02:26:00,Entertainment,460.27,UPI
1451,1369,2024-09-21 01:39:00,Fashion,77.67,PayPal
1452,1371,2025-09-24 01:49:00,Entertainment,188.65,PayPal
1453,1378,2024-05-02 00:49:00,Entertainment,97.38,PayPal
1454,1378,2024-05-02 01:36:00,Food,112.66,Debit Card
1455,1378,2024-02-06 16:15:00,Food,365.53,Debit Card
1456,1379,2025-05-04 06:52:00,Fashion,27.33,UPI
1457,1379,2025-05-04 07:08:00,Entertainment,263.02,Debit Card
1458,1382,2024-06-15 10:12:00,Food,375.94,PayPal
1459,1382,2024-05-29 16:43:00,Electronics,350.1,Credit Card
1460,1385,2025-04-22 18:36:00,Fashion,378.52,Credit Card
1461,1387,2025-12-29 01:50:00,Fashion,305.88,Debit Card
1462,1389,2025-06-10 14:47:00,Entertainment,14.67,PayPal
1463,1389,2025-08-16 05:33:00,Food,203.75,Credit Card
1464,1390,2026-04-12 12:10:00,Fashion,316.55,Credit Card
1465,1392,2024-08-17 19:03:00,Electronics,325.69,Credit Card
1466,1393,2026-02-18 23:47:00,Electronics,11.72,PayPal
1467,1393,2026-02-18 23:10:00,Electronics,123.3,UPI
1468,1394,2025-04-17 00:38:00,Fashion,287.73,PayPal
1469,1395,2026-02-24 08:28:00,Electronics,426.37,Credit Card
1470,1395,2025-12-05 23:13:00,Fashion,409.03,PayPal
1471,1395,2025-12-05 23:03:00,Food,368.76,Debit Card
1472,1396,2024-08-05 15:10:00,Food,263.8,UPI
1473,1397,2025-04-23 06:44:00,Food,395.14,Credit Card
1474,1397,2025-04-15 14:42:00,Entertainment,103.78,PayPal
1475,1399,2025-04-19 07:03:00,Food,68.16,UPI
1476,1399,2025-05-09 04:11:00,Fashion,408.71,Credit Card
1477,1400,2026-02-17 11:48:00,Fashion,70.22,Credit Card
1478,1401,2024-12-06 22:15:00,Food,375.99,UPI
1479,1401,2024-12-06 22:07:00,Entertainment,348.76,PayPal
1480,1406,2024-08-14 12:33:00,Fashion,242.34,Credit Card
1481,1407,2025-04-01 09:40:00,Fashion,83.01,Debit Card
1482,1411,2025-11-03 19:31:00,Food,66.71,Debit Card
1483,1411,2025-11-03 19:22:00,Fashion,83.72,Debit Card
1484,1417,2025-07-14 03:30:00,Fashion,433.45,Debit Card
1485,1417,2025-07-14 03:25:00,Fashion,280.73,Credit Card
1486,1418,2025-05-05 19:50:00,Entertainment,237.3,Credit Card
1487,1418,2025-06-24 10:02:00,Electronics,383.53,Debit Card
1488,1418,2025-06-24 10:01:00,Food,260.55,Debit Card
1489,1420,2024-10-18 09:34:00,Entertainment,308.69,Debit Card
1490,1420,2025-01-20 12:48:00,Entertainment,123.81,PayPal
1491,1423,2024-05-06 13:41:00,Entertainment,287.31,PayPal
1492,1424,2026-03-25 03:15:00,Electronics,193.78,UPI
1493,1426,2024-11-09 22:33:00,Fashion,150.02,PayPal
1494,1426,2024-11-09 22:30:00,Food,159.99,UPI
1495,1426,2024-10-24 01:46:00,Entertainment,467.42,Credit Card
1496,1426,2024-10-24 01:47:00,Food,409.89,Debit Card
1497,1426,2024-12-31 17:29:00,Food,29.1,Debit Card
1498,1427,2025-03-26 22:06:00,Fashion,62.16,UPI
1499,1427,2025-03-26 21:41:00,Fashion,51.28,UPI
1500,1429,2024-12-12 02:47:00,Entertainment,402.04,Debit Card
1501,1430,2024-04-23 19:45:00,Fashion,62.26,Debit Card
1502,1432,2024-10-28 12:44:00,Fashion,205.8,PayPal
1503,1436,2025-06-26 17:06:00,Fashion,188.39,Debit Card
1504,1437,2024-05-29 19:42:00,Food,329.92,Debit Card
1505,1439,2025-06-10 03:41:00,Food,6.69,PayPal
1506,1441,2025-11-16 14:45:00,Fashion,83.28,Credit Card
1507,1442,2024-12-12 08:09:00,Food,114.29,UPI
1508,1443,2024-04-17 15:56:00,Entertainment,436.79,Debit Card
1509,1446,2025-05-11 17:12:00,Food,483.25,Debit Card
1510,1447,2025-10-03 15:27:00,Food,365.18,UPI
1511,1451,2025-09-04 01:48:00,Entertainment,57.9,PayPal
1512,1452,2024-07-23 15:36:00,Fashion,294.09,Credit Card
1513,1452,2024-06-14 04:01:00,Electronics,378.81,UPI
1514,1456,2025-09-16 07:57:00,Fashion,356.48,Debit Card
1515,1457,2024-10-14 23:04:00,Entertainment,70.14,UPI
1516,1457,2024-10-14 22:46:00,Fashion,370.89,Debit Card
1517,1458,2024-08-17 09:45:00,Food,393.59,UPI
1518,1461,2024-10-17 19:49:00,Electronics,144.51,Debit Card
1519,1461,2024-10-17 20:23:00,Entertainment,456.9,Credit Card
1520,1462,2025-08-20 23:29:00,Fashion,272.15,PayPal
1521,1462,2025-05-06 16:45:00,Electronics,362.84,PayPal
1522,1464,2024-02-22 02:06:00,Entertainment,271.3,Credit Card
1523,1464,2024-01-28 00:17:00,Food,254.18,UPI
1524,1464,2024-05-03 13:59:00,Fashion,148.09,Credit Card
1525,1466,2024-11-13 17:37:00,Entertainment,308.85,Credit Card
1526,1466,2024-11-13 17:35:00,Entertainment,118.01,Credit Card
1527,1466,2024-12-26 06:34:00,Fashion,81.31,Credit Card
1528,1466,2024-12-26 07:16:00,Electronics,52.01,UPI
1529,1468,2025-01-26 13:02:00,Entertainment,20.55,PayPal
1530,1469,2025-03-13 16:56:00,Entertainment,192.8,Debit Card
1531,1469,2025-03-13 17:49:00,Entertainment,23.46,PayPal
1532,1472,2025-06-24 05:36:00,Entertainment,111.99,PayPal
1533,1472,2025-06-24 05:54:00,Electronics,466.83,Credit Card
1534,1473,2025-02-21 02:49:00,Fashion,133.49,UPI
1535,1473,2025-03-06 05:24:00,Electronics,383.1,Credit Card
1536,1477,2025-06-12 03:31:00,Electronics,47.3,Debit Card
1537,1478,2024-05-17 18:58:00,Electronics,255.97,Debit Card
1538,1481,2025-04-23 19:05:00,Food,181.62,PayPal
1539,1482,2025-09-16 16:41:00,Entertainment,152.91,Debit Card
1540,1483,2025-04-14 17:44:00,Food,319.6,Debit Card
1541,1484,2026-02-26 16:15:00,Food,236.91,UPI
1542,1488,2024-05-24 12:06:00,Electronics,184.49,UPI
1543,1488,2024-05-24 11:13:00,Fashion,134.66,Debit Card
1544,1491,2026-02-09 20:56:00,Electronics,374.8,UPI
1545,1491,2026-02-09 20:56:00,Food,398.67,UPI
1546,1493,2025-08-04 23:39:00,Electronics,478.05,Credit Card
1547,1493,2025-08-05 00:16:00,Electronics,201.25,Credit Card
1548,1493,2025-06-26 19:29:00,Fashion,101.53,PayPal
1549,1494,2025-11-29 05:50:00,Electronics,16.82,Credit Card
1550,1495,2025-06-09 22:28:00,Electronics,443.07,Credit Card
1551,1495,2025-06-09 22:19:00,Electronics,343.29,Credit Card
1552,1495,2025-05-20 07:19:00,Food,247.88,Credit Card
1553,1495,2025-05-20 07:09:00,Fashion,474.41,Debit Card
1554,1495,2025-06-14 01:50:00,Electronics,415.61,UPI
1555,1498,2024-04-10 14:18:00,Food,218.15,Debit Card
1556,1498,2024-04-10 14:34:00,Electronics,482.38,Debit Card
1557,1499,2025-10-24 04:17:00,Fashion,453.23,UPI
1558,1500,2024-04-14 08:02:00,Food,65.31,Debit Card
1559,1500,2024-05-14 23:32:00,Fashion,312.84,PayPal
1560,1502,2025-09-02 03:00:00,Fashion,114.22,UPI
1561,1502,2025-09-02 03:46:00,Fashion,384.42,Debit Card
1562,1508,2024-08-28 16:03:00,Entertainment,302.5,Credit Card
1563,1510,2025-05-29 17:12:00,Fashion,381.15,UPI
1564,1510,2025-07-01 07:59:00,Fashion,177.09,PayPal
1565,1510,2025-05-02 09:20:00,Entertainment,144.9,Credit Card
1566,1510,2025-05-02 09:11:00,Fashion,165.66,Credit Card
1567,1510,2025-07-30 06:51:00,Food,400.59,Debit Card
1568,1512,2024-12-31 15:56:00,Food,111.34,Debit Card
1569,1514,2025-11-21 12:27:00,Food,307.92,Debit Card
1570,1514,2025-11-21 12:28:00,Entertainment,199.5,UPI
1571,1515,2025-04-10 06:15:00,Food,479.43,UPI
1572,1517,2024-10-21 15:02:00,Food,172.31,PayPal
1573,1519,2025-12-03 10:33:00,Fashion,175.15,Debit Card
1574,1521,2024-08-18 12:26:00,Food,115.1,Debit Card
1575,1521,2024-07-16 06:21:00,Entertainment,400.43,Debit Card
1576,1521,2024-08-07 05:57:00,Electronics,362.62,PayPal
1577,1521,2024-08-07 05:32:00,Electronics,138.42,Credit Card
1578,1522,2025-03-01 08:36:00,Food,306.68,Debit Card
1579,1524,2024-08-17 22:12:00,Food,222.42,Debit Card
1580,1525,2024-07-07 05:54:00,Entertainment,14.72,Debit Card
1581,1527,2026-03-26 09:21:00,Food,15.78,UPI
1582,1531,2025-03-21 22:01:00,Food,352.1,Debit Card
1583,1531,2025-04-24 04:49:00,Electronics,123.01,PayPal
1584,1531,2025-06-03 04:07:00,Entertainment,308.03,UPI
1585,1531,2025-06-03 04:11:00,Entertainment,444.08,Credit Card
1586,1532,2025-11-30 05:57:00,Entertainment,31.92,UPI
1587,1532,2025-11-09 10:46:00,Food,361.06,UPI
1588,1533,2024-04-18 06:22:00,Electronics,495.7,PayPal
1589,1536,2025-01-15 17:33:00,Food,96.29,PayPal
1590,1536,2024-12-05 05:07:00,Fashion,193.36,UPI
1591,1536,2024-12-05 04:42:00,Entertainment,388.71,PayPal
1592,1537,2025-03-09 19:30:00,Food,224.28,UPI
1593,1539,2025-09-22 07:46:00,Fashion,16.36,PayPal
1594,1541,2025-08-20 23:06:00,Electronics,258.76,Credit Card
1595,1541,2025-08-20 22:52:00,Food,103.71,PayPal
1596,1545,2024-06-04 15:37:00,Fashion,89.1,Debit Card
1597,1549,2024-10-06 12:14:00,Entertainment,313.71,PayPal
1598,1551,2025-11-27 23:40:00,Electronics,370.09,PayPal
1599,1551,2026-01-18 04:30:00,Food,40.31,Debit Card
1600,1551,2026-01-18 04:19:00,Fashion,349.59,PayPal
1601,1553,2024-05-12 04:20:00,Entertainment,180.68,PayPal
1602,1553,2024-05-17 18:21:00,Entertainment,161.5,Credit Card
1603,1553,2024-05-17 19:11:00,Electronics,162.59,UPI
1604,1553,2024-02-21 00:20:00,Fashion,465.7,Credit Card
1605,1553,2024-04-09 17:31:00,Entertainment,161.04,UPI
1606,1555,2025-10-25 07:49:00,Fashion,154.97,Debit Card
1607,1556,2025-03-08 13:30:00,Fashion,116.37,Debit Card
1608,1560,2025-05-12 18:40:00,Food,227.74,Debit Card
1609,1560,2025-05-12 18:59:00,Entertainment,380.98,PayPal
1610,1562,2024-04-10 10:53:00,Electronics,264.51,PayPal
1611,1562,2024-03-30 15:25:00,Electronics,471.29,Debit Card
1612,1562,2024-03-30 15:17:00,Fashion,44.23,PayPal
1613,1562,2024-06-19 07:11:00,Electronics,486.19,PayPal
1614,1564,2024-06-29 08:00:00,Food,116.11,PayPal
1615,1565,2025-04-22 08:49:00,Entertainment,416.84,UPI
1616,1565,2025-05-09 22:32:00,Electronics,250.93,UPI
1617,1565,2025-05-09 22:00:00,Food,90.69,Credit Card
1618,1566,2024-12-10 16:28:00,Entertainment,437.7,Credit Card
1619,1566,2024-11-26 09:20:00,Electronics,406.15,Credit Card
1620,1569,2024-01-28 01:44:00,Food,135.25,UPI
1621,1572,2026-04-14 22:59:00,Food,251.38,PayPal
1622,1576,2025-11-27 13:34:00,Electronics,111.5,UPI
1623,1578,2024-11-24 09:35:00,Electronics,92.07,UPI
1624,1580,2025-12-31 09:31:00,Fashion,52.93,Debit Card
1625,1581,2024-08-16 14:04:00,Fashion,392.0,Credit Card
1626,1583,2025-07-10 02:20:00,Electronics,156.71,PayPal
1627,1586,2025-05-28 10:00:00,Electronics,397.88,PayPal
1628,1586,2025-04-28 22:04:00,Food,342.3,Credit Card
1629,1586,2025-04-28 22:35:00,Food,170.28,Credit Card
1630,1588,2025-08-16 06:04:00,Entertainment,343.15,Credit Card
1631,1590,2025-02-12 11:40:00,Entertainment,404.99,Credit Card
1632,1591,2024-05-13 23:07:00,Fashion,139.96,Debit Card
1633,1592,2025-04-28 01:00:00,Food,330.47,Credit Card
1634,1593,2025-04-20 21:49:00,Fashion,378.55,Credit Card
1635,1595,2025-06-19 23:21:00,Food,269.35,PayPal
1636,1595,2025-04-18 14:34:00,Food,64.46,Debit Card
1637,1595,2025-04-02 10:20:00,Electronics,10.87,Credit Card
1638,1596,2024-06-19 21:13:00,Electronics,221.75,Credit Card
1639,1598,2025-07-12 18:08:00,Fashion,44.52,UPI
1640,1599,2024-06-01 13:41:00,Electronics,271.73,Credit Card
1641,1601,2025-06-12 05:50:00,Entertainment,11.05,Debit Card
1642,1602,2025-06-21 03:34:00,Food,107.52,UPI
1643,1604,2024-08-17 09:25:00,Entertainment,17.79,Debit Card
1644,1605,2026-02-11 03:54:00,Food,444.03,Credit Card
1645,1605,2026-02-11 03:18:00,Food,361.27,Debit Card
1646,1607,2025-07-03 03:33:00,Electronics,132.14,Credit Card
1647,1610,2024-10-04 06:17:00,Food,33.53,UPI
1648,1610,2024-10-28 04:25:00,Entertainment,303.55,PayPal
1649,1611,2026-03-09 04:17:00,Entertainment,182.01,Debit Card
1650,1611,2026-03-09 04:55:00,Fashion,360.61,PayPal
1651,1611,2026-01-16 22:53:00,Entertainment,385.68,Debit Card
1652,1613,2025-03-16 06:22:00,Entertainment,285.75,Debit Card
1653,1613,2025-01-06 17:21:00,Electronics,471.61,Debit Card
1654,1613,2025-01-06 16:54:00,Fashion,405.87,Credit Card
1655,1616,2025-11-06 22:48:00,Fashion,58.24,PayPal
1656,1617,2025-11-03 01:16:00,Food,300.26,Debit Card
1657,1620,2024-12-27 05:09:00,Food,318.69,Credit Card
1658,1625,2024-09-06 11:23:00,Food,114.78,Credit Card
1659,1626,2026-01-10 15:04:00,Fashion,62.83,Debit Card
1660,1628,2025-07-17 05:30:00,Entertainment,337.44,UPI
1661,1628,2025-07-17 06:03:00,Electronics,183.95,UPI
1662,1634,2025-12-06 02:47:00,Electronics,314.16,Debit Card
1663,1634,2025-12-06 02:32:00,Food,13.43,Credit Card
1664,1636,2025-05-09 07:16:00,Fashion,149.14,PayPal
1665,1637,2025-04-03 07:29:00,Electronics,115.7,PayPal
1666,1637,2025-04-03 07:49:00,Fashion,116.12,Credit Card
1667,1638,2025-03-31 02:51:00,Food,261.5,UPI
1668,1639,2024-07-24 05:11:00,Fashion,459.86,Credit Card
1669,1640,2025-11-17 10:51:00,Fashion,496.79,Credit Card
1670,1641,2024-08-03 15:40:00,Food,416.63,UPI
1671,1641,2024-08-03 15:42:00,Food,436.98,UPI
1672,1641,2024-07-18 08:47:00,Electronics,499.83,Debit Card
1673,1641,2024-06-21 14:42:00,Entertainment,427.23,PayPal
1674,1642,2024-09-07 05:30:00,Food,416.51,Credit Card
1675,1643,2025-03-09 23:46:00,Electronics,315.87,PayPal
1676,1644,2025-03-08 20:40:00,Electronics,313.68,PayPal
1677,1646,2025-06-13 16:58:00,Entertainment,373.75,Debit Card
1678,1646,2025-05-17 06:19:00,Food,187.12,UPI
1679,1647,2025-05-31 14:57:00,Electronics,40.07,UPI
1680,1647,2025-05-31 14:32:00,Electronics,416.83,UPI
1681,1647,2025-04-29 00:17:00,Food,77.81,UPI
1682,1649,2025-08-09 20:57:00,Entertainment,469.7,Credit Card
1683,1649,2025-08-09 20:22:00,Entertainment,296.67,Debit Card
1684,1649,2025-06-25 18:38:00,Electronics,405.91,Credit Card
1685,1650,2025-10-23 17:31:00,Entertainment,390.73,Credit Card
1686,1650,2025-10-23 17:42:00,Entertainment,13.54,Credit Card
1687,1651,2024-02-09 21:10:00,Food,404.73,Debit Card
1688,1651,2024-03-07 14:23:00,Food,132.49,PayPal
1689,1651,2024-02-25 07:48:00,Electronics,138.51,Credit Card
1690,1651,2024-02-25 07:32:00,Food,437.14,Debit Card
1691,1653,2025-02-20 09:43:00,Fashion,274.64,UPI
1692,1653,2025-02-20 10:13:00,Electronics,239.69,PayPal
1693,1653,2025-02-03 13:39:00,Fashion,37.38,UPI
1694,1654,2025-03-13 07:23:00,Fashion,241.33,PayPal
1695,1654,2025-03-13 07:26:00,Entertainment,15.65,Debit Card
1696,1654,2025-02-07 20:46:00,Food,130.67,PayPal
1697,1654,2025-03-08 13:52:00,Fashion,406.14,PayPal
1698,1654,2025-02-25 14:33:00,Electronics,188.04,Debit Card
1699,1655,2024-09-08 19:11:00,Food,127.66,PayPal
1700,1659,2024-06-18 08:15:00,Food,471.77,UPI
1701,1659,2024-06-25 11:12:00,Electronics,202.22,PayPal
1702,1659,2024-07-21 17:52:00,Entertainment,115.23,PayPal
1703,1659,2024-07-21 17:58:00,Fashion,246.35,UPI
1704,1659,2024-06-27 03:00:00,Food,273.97,Credit Card
1705,1660,2024-05-31 04:37:00,Food,98.03,Debit Card
1706,1669,2025-01-08 13:38:00,Food,114.89,Debit Card
1707,1669,2025-02-14 08:47:00,Food,422.89,Debit Card
1708,1669,2025-02-14 09:16:00,Entertainment,175.43,PayPal
1709,1670,2025-09-25 14:10:00,Electronics,334.31,PayPal
1710,1671,2024-08-04 06:18:00,Electronics,107.31,Debit Card
1711,1672,2025-12-10 08:44:00,Fashion,86.02,PayPal
1712,1673,2025-11-27 01:22:00,Electronics,435.0,Credit Card
1713,1674,2025-02-01 20:51:00,Electronics,9.85,Debit Card
1714,1676,2024-11-17 19:40:00,Entertainment,393.55,UPI
1715,1677,2024-07-25 05:17:00,Food,132.79,Credit Card
1716,1679,2025-09-01 21:07:00,Food,201.41,Debit Card
1717,1679,2025-10-19 07:44:00,Entertainment,231.74,PayPal
1718,1679,2025-10-19 07:55:00,Fashion,445.99,PayPal
1719,1680,2024-04-14 22:10:00,Electronics,263.99,Debit Card
1720,1680,2024-03-24 23:29:00,Entertainment,377.86,Credit Card
1721,1684,2025-06-23 17:11:00,Entertainment,308.24,UPI
1722,1684,2025-07-23 03:16:00,Entertainment,428.0,PayPal
1723,1685,2025-12-16 05:42:00,Food,385.06,UPI
1724,1685,2025-12-16 06:33:00,Entertainment,268.6,UPI
1725,1685,2026-01-05 05:32:00,Electronics,162.65,Credit Card
1726,1688,2025-08-03 17:28:00,Food,222.89,UPI
1727,1690,2025-02-12 13:13:00,Food,342.5,Debit Card
1728,1692,2025-04-10 01:29:00,Electronics,382.83,Credit Card
1729,1695,2024-05-20 17:31:00,Electronics,50.41,Credit Card
1730,1695,2024-07-03 11:47:00,Entertainment,27.34,Debit Card
1731,1696,2024-12-25 01:36:00,Electronics,193.8,Debit Card
1732,1696,2024-12-25 01:22:00,Food,334.65,PayPal
1733,1700,2024-08-01 05:55:00,Food,93.6,UPI
1734,1700,2024-08-01 06:02:00,Electronics,280.96,Debit Card
1735,1700,2024-08-12 16:21:00,Food,171.75,Debit Card
1736,1700,2024-08-12 16:42:00,Electronics,24.97,Credit Card
1737,1701,2026-01-19 18:07:00,Entertainment,219.49,Debit Card
1738,1702,2024-05-26 10:08:00,Entertainment,368.2,UPI
1739,1702,2024-09-05 15:14:00,Food,193.26,PayPal
1740,1708,2024-12-17 04:44:00,Electronics,294.3,UPI
1741,1708,2025-01-02 17:35:00,Fashion,338.68,Credit Card
1742,1711,2025-11-05 00:41:00,Entertainment,265.52,UPI
1743,1712,2024-06-16 00:33:00,Food,403.24,UPI
1744,1712,2024-08-09 17:08:00,Fashion,409.41,UPI
1745,1712,2024-08-09 16:14:00,Fashion,362.71,Credit Card
1746,1712,2024-07-25 14:47:00,Food,42.03,Credit Card
1747,1712,2024-07-25 14:55:00,Electronics,384.32,Debit Card
1748,1714,2025-02-05 16:15:00,Electronics,79.89,Credit Card
1749,1714,2025-04-14 04:10:00,Food,79.28,Debit Card
1750,1715,2024-01-28 08:32:00,Fashion,24.71,Debit Card
1751,1717,2025-09-19 19:30:00,Entertainment,362.48,PayPal
1752,1722,2025-08-08 06:46:00,Entertainment,484.25,PayPal
1753,1722,2025-08-08 07:09:00,Food,195.5,Credit Card
1754,1722,2025-08-24 21:15:00,Entertainment,223.85,UPI
1755,1722,2025-08-24 21:44:00,Electronics,299.83,PayPal
1756,1727,2025-09-12 09:51:00,Food,362.96,PayPal
1757,1729,2025-04-12 05:48:00,Entertainment,433.8,Credit Card
1758,1729,2025-04-12 06:05:00,Electronics,70.25,Credit Card
1759,1731,2024-05-10 01:25:00,Entertainment,321.74,UPI
1760,1732,2026-01-12 21:19:00,Fashion,54.5,UPI
1761,1737,2025-09-08 10:15:00,Entertainment,93.53,PayPal
1762,1739,2025-02-01 15:55:00,Entertainment,307.07,Credit Card
1763,1740,2024-08-29 16:18:00,Fashion,20.29,UPI
1764,1742,2024-04-14 22:47:00,Food,106.78,UPI
1765,1742,2024-04-07 14:36:00,Fashion,324.99,Credit Card
1766,1742,2024-04-04 13:51:00,Entertainment,333.84,Credit Card
1767,1742,2024-04-04 13:58:00,Fashion,276.39,Credit Card
1768,1743,2025-05-04 00:44:00,Food,451.4,Debit Card
1769,1743,2025-05-04 01:11:00,Electronics,377.22,Debit Card
1770,1743,2025-03-16 19:12:00,Electronics,458.28,PayPal
1771,1745,2025-05-05 16:16:00,Food,165.56,UPI
1772,1749,2025-05-07 10:18:00,Food,287.34,UPI
1773,1752,2025-06-30 00:47:00,Electronics,191.83,Credit Card
1774,1752,2025-06-30 00:49:00,Electronics,343.22,Debit Card
1775,1754,2025-05-07 18:39:00,Fashion,320.17,Credit Card
1776,1754,2025-05-07 17:47:00,Food,93.15,PayPal
1777,1754,2025-06-12 04:18:00,Fashion,188.52,PayPal
1778,1757,2024-07-18 19:13:00,Electronics,158.75,Credit Card
1779,1761,2024-06-05 01:18:00,Fashion,324.25,PayPal
1780,1761,2024-06-05 01:19:00,Electronics,62.38,Credit Card
1781,1762,2025-06-27 01:23:00,Fashion,296.13,UPI
1782,1763,2024-03-26 10:22:00,Fashion,58.24,UPI
1783,1763,2024-03-26 09:49:00,Food,13.17,UPI
1784,1763,2024-04-28 05:48:00,Fashion,232.87,PayPal
1785,1764,2024-01-31 09:47:00,Entertainment,222.16,PayPal
1786,1764,2024-01-31 09:46:00,Fashion,497.88,UPI
1787,1765,2025-11-13 19:31:00,Fashion,433.82,Debit Card
1788,1766,2026-01-04 17:32:00,Entertainment,106.36,PayPal
1789,1768,2025-10-17 12:22:00,Entertainment,379.73,Credit Card
1790,1769,2025-07-13 04:47:00,Food,358.16,Debit Card
1791,1771,2025-06-07 18:06:00,Food,270.84,PayPal
1792,1771,2025-03-06 03:06:00,Entertainment,50.23,Credit Card
1793,1771,2025-05-06 18:01:00,Electronics,195.74,Debit Card
1794,1773,2024-07-17 13:19:00,Entertainment,50.35,UPI
1795,1774,2024-12-05 19:56:00,Entertainment,381.3,UPI
1796,1775,2025-03-20 06:43:00,Electronics,102.13,Debit Card
1797,1775,2025-02-18 08:10:00,Food,202.98,Credit Card
1798,1777,2025-12-29 11:37:00,Food,126.43,PayPal
1799,1777,2025-12-29 11:38:00,Food,146.1,Credit Card
1800,1777,2025-12-15 03:41:00,Fashion,188.05,Debit Card
1801,1778,2025-04-09 07:47:00,Fashion,132.9,Credit Card
1802,1778,2025-04-09 08:24:00,Entertainment,277.66,PayPal
1803,1780,2025-12-17 20:11:00,Entertainment,354.49,Debit Card
1804,1780,2026-02-04 08:53:00,Food,311.3,Credit Card
1805,1780,2026-02-04 08:40:00,Electronics,357.08,UPI
1806,1781,2026-03-13 15:06:00,Entertainment,22.22,Credit Card
1807,1784,2025-07-13 11:01:00,Fashion,34.52,Debit Card
1808,1786,2024-06-30 12:58:00,Food,171.18,UPI
1809,1786,2024-06-30 12:43:00,Fashion,359.69,PayPal
1810,1792,2025-09-04 12:47:00,Electronics,417.5,Credit Card
1811,1793,2025-05-19 03:49:00,Entertainment,201.19,Credit Card
1812,1793,2025-05-19 04:00:00,Food,444.92,Debit Card
1813,1794,2024-08-06 21:30:00,Food,412.5,Credit Card
1814,1795,2025-04-20 00:12:00,Fashion,73.58,PayPal
1815,1796,2025-08-09 06:50:00,Food,275.83,UPI
1816,1796,2025-08-09 06:54:00,Entertainment,235.64,UPI
1817,1798,2024-05-01 08:25:00,Food,465.08,PayPal
1818,1798,2024-03-08 12:01:00,Electronics,480.32,PayPal
1819,1798,2024-05-23 14:00:00,Fashion,149.16,Debit Card
1820,1800,2024-02-02 11:45:00,Electronics,144.99,Credit Card
1821,1800,2024-02-02 11:28:00,Entertainment,340.35,Debit Card
1822,1800,2024-02-29 05:38:00,Fashion,167.38,Credit Card
1823,1801,2024-01-29 06:25:00,Entertainment,119.51,Debit Card
1824,1803,2024-11-27 12:17:00,Entertainment,345.67,UPI
1825,1807,2026-02-13 21:48:00,Entertainment,80.16,Debit Card
1826,1809,2025-10-30 11:33:00,Fashion,490.9,Debit Card
1827,1812,2025-07-04 16:58:00,Entertainment,192.01,Credit Card
1828,1813,2025-09-13 20:15:00,Fashion,109.28,PayPal
1829,1813,2025-09-13 19:51:00,Fashion,13.76,Debit Card
1830,1813,2025-09-29 04:04:00,Electronics,369.36,UPI
1831,1815,2025-03-14 14:13:00,Entertainment,85.12,UPI
1832,1818,2024-04-27 06:10:00,Fashion,15.73,PayPal
1833,1818,2024-05-08 21:28:00,Entertainment,461.07,UPI
1834,1818,2024-05-08 20:43:00,Fashion,185.1,PayPal
1835,1820,2024-10-06 09:04:00,Fashion,207.81,UPI
1836,1821,2025-06-25 06:45:00,Entertainment,477.87,Credit Card
1837,1821,2025-06-25 06:27:00,Entertainment,127.26,Debit Card
1838,1823,2024-08-03 06:47:00,Electronics,256.73,PayPal
1839,1823,2024-08-03 06:11:00,Electronics,343.43,PayPal
1840,1823,2024-08-15 12:46:00,Entertainment,242.68,PayPal
1841,1823,2024-07-01 17:36:00,Food,412.63,Credit Card
1842,1824,2025-08-03 09:41:00,Electronics,74.77,Credit Card
1843,1824,2025-08-03 09:37:00,Electronics,14.14,Debit Card
1844,1826,2024-05-10 04:47:00,Fashion,456.08,PayPal
1845,1827,2025-10-06 03:12:00,Food,40.84,UPI
1846,1827,2025-10-06 03:06:00,Entertainment,307.57,PayPal
1847,1828,2025-09-08 21:11:00,Entertainment,328.05,PayPal
1848,1828,2025-07-22 00:32:00,Entertainment,462.23,Credit Card
1849,1829,2025-07-09 02:01:00,Fashion,224.76,PayPal
1850,1831,2025-08-20 11:18:00,Electronics,96.81,Debit Card
1851,1831,2025-08-20 11:00:00,Food,11.48,UPI
1852,1832,2025-11-28 21:28:00,Electronics,238.03,Credit Card
1853,1835,2024-10-05 00:54:00,Entertainment,30.29,Debit Card
1854,1836,2024-10-11 19:56:00,Food,268.14,UPI
1855,1838,2025-01-31 19:11:00,Fashion,10.51,Credit Card
1856,1838,2025-03-04 20:01:00,Fashion,253.19,Debit Card
1857,1839,2024-08-31 12:01:00,Entertainment,119.33,Debit Card
1858,1841,2024-12-24 23:50:00,Electronics,256.28,Credit Card
1859,1841,2024-12-24 23:21:00,Food,288.42,Debit Card
1860,1843,2024-12-16 08:16:00,Food,37.28,Credit Card
1861,1844,2025-01-29 06:55:00,Electronics,480.3,PayPal
1862,1844,2025-01-29 06:20:00,Entertainment,330.87,Credit Card
1863,1847,2025-11-03 14:08:00,Entertainment,167.98,UPI
1864,1851,2024-02-11 10:35:00,Fashion,321.73,PayPal
1865,1852,2025-12-27 23:07:00,Fashion,162.18,Debit Card
1866,1854,2024-03-21 12:57:00,Fashion,324.84,PayPal
1867,1855,2025-08-29 02:07:00,Fashion,328.96,PayPal
1868,1855,2025-09-24 08:10:00,Electronics,292.47,Debit Card
1869,1858,2025-04-11 17:23:00,Food,97.51,Debit Card
1870,1860,2024-08-22 03:12:00,Fashion,28.08,Debit Card
1871,1861,2024-04-23 11:15:00,Entertainment,122.86,UPI
1872,1861,2024-03-20 08:39:00,Entertainment,450.43,Debit Card
1873,1866,2024-11-22 20:17:00,Food,20.77,PayPal
1874,1866,2024-09-24 07:55:00,Electronics,426.61,Debit Card
1875,1867,2025-12-18 10:28:00,Fashion,70.23,UPI
1876,1870,2024-09-08 21:22:00,Entertainment,93.86,PayPal
1877,1870,2024-11-16 13:38:00,Fashion,414.91,Credit Card
1878,1870,2024-11-16 13:16:00,Electronics,73.92,PayPal
1879,1872,2024-03-28 06:36:00,Electronics,255.13,Debit Card
1880,1872,2024-03-28 06:28:00,Electronics,168.49,Debit Card
1881,1878,2024-11-17 00:27:00,Electronics,209.61,PayPal
1882,1879,2025-09-05 15:04:00,Fashion,212.55,Credit Card
1883,1880,2025-08-30 08:43:00,Electronics,471.62,Credit Card
1884,1885,2024-07-01 21:45:00,Entertainment,474.01,PayPal
1885,1885,2024-07-01 21:40:00,Entertainment,240.7,PayPal
1886,1885,2024-07-05 14:32:00,Entertainment,101.36,Credit Card
1887,1885,2024-05-03 20:09:00,Fashion,244.32,UPI
1888,1887,2024-12-03 18:23:00,Electronics,103.89,UPI
1889,1888,2025-09-26 03:53:00,Fashion,108.02,PayPal
1890,1888,2025-07-19 17:41:00,Food,244.5,Credit Card
1891,1889,2024-01-24 22:01:00,Electronics,409.96,PayPal
1892,1890,2024-02-15 12:33:00,Fashion,154.67,Credit Card
1893,1891,2024-05-07 16:23:00,Food,329.1,Credit Card
1894,1892,2025-10-22 01:17:00,Food,400.85,UPI
1895,1893,2024-11-17 23:00:00,Electronics,259.83,Debit Card
1896,1894,2025-05-19 22:40:00,Fashion,419.78,PayPal
1897,1895,2024-06-27 10:46:00,Food,257.71,PayPal
1898,1895,2024-08-23 05:11:00,Fashion,287.52,PayPal
1899,1898,2024-08-27 16:49:00,Entertainment,428.37,UPI
1900,1898,2024-05-27 12:58:00,Fashion,105.14,PayPal
1901,1898,2024-05-27 12:51:00,Entertainment,45.81,Credit Card
1902,1898,2024-07-10 12:04:00,Entertainment,249.51,Credit Card
1903,1898,2024-07-10 12:00:00,Fashion,391.91,Debit Card
1904,1898,2024-06-15 19:06:00,Entertainment,65.15,Credit Card
1905,1900,2024-04-22 10:00:00,Food,186.03,UPI
1906,1901,2025-07-27 14:42:00,Food,422.09,Debit Card
1907,1901,2025-09-22 08:41:00,Fashion,42.4,Debit Card
1908,1901,2025-09-07 04:41:00,Electronics,200.62,UPI
1909,1901,2025-09-15 23:23:00,Fashion,313.51,PayPal
1910,1902,2024-11-18 05:39:00,Fashion,73.49,Credit Card
1911,1902,2024-11-18 05:43:00,Electronics,155.74,PayPal
1912,1903,2024-10-24 14:37:00,Food,151.73,PayPal
1913,1904,2024-09-23 10:20:00,Food,110.79,Debit Card
1914,1907,2025-12-20 19:08:00,Fashion,391.23,PayPal
1915,1907,2025-12-22 08:26:00,Fashion,73.8,Debit Card
1916,1907,2025-09-23 22:29:00,Entertainment,308.7,UPI
1917,1907,2025-09-23 23:15:00,Fashion,165.54,Debit Card
1918,1907,2025-11-14 06:17:00,Food,408.91,PayPal
1919,1907,2025-10-27 20:38:00,Entertainment,486.71,UPI
1920,1907,2025-12-17 13:20:00,Entertainment,498.17,Credit Card
1921,1907,2025-12-17 13:44:00,Food,444.58,Credit Card
1922,1910,2024-02-19 08:27:00,Food,424.71,Credit Card
1923,1911,2025-10-06 08:31:00,Entertainment,127.42,Credit Card
1924,1911,2025-10-06 08:06:00,Electronics,210.58,Credit Card
1925,1914,2024-07-31 13:55:00,Food,473.32,Credit Card
1926,1914,2024-07-31 13:48:00,Food,374.65,Debit Card
1927,1916,2026-03-13 06:22:00,Entertainment,418.93,PayPal
1928,1917,2025-09-08 07:14:00,Fashion,340.99,Credit Card
1929,1917,2025-09-08 07:20:00,Food,181.35,PayPal
1930,1917,2025-10-31 08:11:00,Entertainment,444.68,PayPal
1931,1919,2024-05-26 20:11:00,Food,283.43,PayPal
1932,1920,2025-06-17 06:59:00,Fashion,246.03,Debit Card
1933,1927,2025-10-21 22:11:00,Entertainment,176.71,Debit Card
1934,1927,2025-10-21 22:20:00,Fashion,409.78,UPI
1935,1927,2025-08-13 10:25:00,Fashion,220.28,PayPal
1936,1927,2025-08-13 10:33:00,Food,127.63,PayPal
1937,1927,2025-11-16 17:14:00,Fashion,234.53,Credit Card
1938,1927,2025-11-16 17:02:00,Fashion,341.38,Credit Card
1939,1928,2026-02-16 09:13:00,Entertainment,369.36,Credit Card
1940,1929,2024-05-14 03:25:00,Entertainment,91.92,UPI
1941,1930,2025-03-31 19:43:00,Food,23.98,UPI
1942,1931,2024-05-17 07:44:00,Electronics,21.6,PayPal
1943,1931,2024-04-25 06:26:00,Fashion,19.49,Debit Card
1944,1931,2024-04-25 06:24:00,Entertainment,316.33,Debit Card
1945,1934,2025-08-27 04:36:00,Fashion,295.31,UPI
1946,1939,2025-12-31 21:01:00,Fashion,266.96,Debit Card
1947,1941,2025-03-20 02:44:00,Entertainment,339.18,Credit Card
1948,1941,2025-05-03 11:41:00,Electronics,155.28,Credit Card
1949,1941,2025-06-21 04:55:00,Fashion,280.68,UPI
1950,1944,2025-05-03 02:42:00,Food,318.54,Debit Card
1951,1947,2025-01-13 22:24:00,Entertainment,325.05,PayPal
1952,1947,2025-01-13 21:44:00,Electronics,334.84,Credit Card
1953,1949,2024-08-17 03:16:00,Food,315.24,UPI
1954,1951,2024-01-29 09:00:00,Fashion,281.34,PayPal
1955,1952,2024-11-18 02:27:00,Fashion,92.32,Debit Card
1956,1952,2024-11-18 03:09:00,Electronics,383.34,UPI
1957,1954,2024-09-15 03:22:00,Fashion,139.7,Credit Card
1958,1954,2024-09-15 03:22:00,Fashion,411.04,UPI
1959,1954,2024-09-26 05:26:00,Fashion,411.47,Debit Card
1960,1954,2024-09-26 05:00:00,Food,476.55,Credit Card
1961,1955,2025-07-30 16:05:00,Electronics,461.68,UPI
1962,1956,2024-04-17 07:47:00,Entertainment,305.55,UPI
1963,1957,2024-03-05 09:27:00,Electronics,62.15,Credit Card
1964,1961,2024-05-13 07:32:00,Food,11.22,UPI
1965,1961,2024-04-26 00:48:00,Fashion,288.22,Credit Card
1966,1962,2025-12-23 14:47:00,Electronics,350.78,Debit Card
1967,1963,2025-12-14 13:46:00,Food,460.74,Credit Card
1968,1963,2025-12-14 14:21:00,Entertainment,133.95,Credit Card
1969,1964,2025-10-18 20:16:00,Food,266.22,Credit Card
1970,1965,2025-10-31 18:31:00,Fashion,156.7,PayPal
1971,1965,2025-11-02 18:10:00,Electronics,242.78,Credit Card
1972,1966,2025-02-28 04:39:00,Electronics,498.21,Debit Card
1973,1967,2024-04-13 06:26:00,Fashion,206.93,Debit Card
1974,1968,2025-12-03 14:28:00,Electronics,210.18,Credit Card
1975,1969,2025-04-05 15:21:00,Electronics,470.32,UPI
1976,1969,2025-04-05 14:47:00,Food,414.19,PayPal
1977,1971,2024-05-13 17:04:00,Entertainment,173.67,Debit Card
1978,1971,2024-05-13 17:28:00,Food,141.09,Credit Card
1979,1971,2024-06-14 21:56:00,Entertainment,132.12,PayPal
1980,1971,2024-06-14 22:09:00,Fashion,284.85,Credit Card
1981,1974,2025-08-11 22:16:00,Fashion,113.77,Debit Card
1982,1974,2025-08-11 22:04:00,Fashion,426.75,Credit Card
1983,1974,2025-07-20 16:26:00,Electronics,86.98,Credit Card
1984,1974,2025-07-20 15:27:00,Fashion,275.86,UPI
1985,1975,2025-09-01 15:18:00,Food,139.1,Debit Card
1986,1975,2025-09-01 15:29:00,Fashion,164.27,PayPal
1987,1975,2025-07-11 21:20:00,Fashion,154.17,Debit Card
1988,1979,2025-04-16 12:18:00,Electronics,292.21,PayPal
1989,1980,2025-10-19 10:48:00,Food,68.74,UPI
1990,1981,2025-03-15 12:37:00,Fashion,318.05,Credit Card
1991,1981,2025-03-15 12:50:00,Entertainment,299.21,Credit Card
1992,1987,2024-05-03 19:48:00,Electronics,27.49,UPI
1993,1988,2024-01-23 10:26:00,Entertainment,401.67,PayPal
1994,1988,2024-03-14 07:07:00,Electronics,425.55,Debit Card
1995,1989,2025-12-08 03:55:00,Food,344.24,Credit Card
1996,1993,2025-07-19 08:39:00,Fashion,261.92,PayPal
1997,1994,2025-05-05 21:38:00,Entertainment,72.91,Debit Card
1998,1997,2025-01-19 07:36:00,Entertainment,273.75,Credit Card
1999,2000,2025-06-27 03:33:00,Food,59.12,Debit Card
2000,2000,2025-06-02 04:38:00,Food,406.87,UPI
