session_id,user_id,session_start,session_end,session_duration_minutes,pages_viewed,platform
1,1,2024-12-11 03:55:00,2024-12-11 04:01:12.001465,6.2,3,Web
2,1,2024-12-25 19:29:00,2024-12-25 19:32:21.152130,3.35,1,Web
3,1,2024-12-11 22:56:00,2024-12-11 22:59:38.548577,3.64,1,Web
4,1,2024-12-29 03:59:00,2024-12-29 04:10:03.532528,11.06,5,Web
5,2,2025-06-13 23:39:00,2025-06-13 23:57:02.037028,18.03,9,Android
6,2,2025-06-22 21:46:00,2025-06-22 22:00:42.914318,14.72,7,Android
7,2,2025-04-28 23:27:00,2025-04-28 23:38:41.291583,11.69,5,Android
8,2,2025-04-06 07:17:00,2025-04-06 07:26:30.314536,9.51,4,Android
9,3,2024-07-12 19:50:00,2024-07-12 19:57:11.951038,7.2,3,iOS
10,3,2024-07-23 09:39:00,2024-07-23 09:49:02.312867,10.04,5,iOS
11,4,2024-10-21 18:44:00,2024-10-21 19:00:30.334071,16.51,8,Android
12,5,2024-03-26 19:44:00,2024-03-26 20:01:45.208435,17.75,8,iOS
13,5,2024-04-28 10:59:00,2024-04-28 11:17:21.189336,18.35,9,iOS
14,5,2024-03-03 14:05:00,2024-03-03 14:10:31.689783,5.53,2,iOS
15,5,2024-03-15 22:51:00,2024-03-15 22:55:37.170988,4.62,2,iOS
16,5,2024-04-20 07:43:00,2024-04-20 07:56:00.603202,13.01,6,iOS
17,6,2025-02-23 20:12:00,2025-02-23 20:29:25.778598,17.43,8,Android
18,7,2025-04-29 02:35:00,2025-04-29 02:40:21.999722,5.37,2,Android
19,7,2025-07-11 23:23:00,2025-07-11 23:27:33.393280,4.56,2,Android
20,7,2025-06-11 04:50:00,2025-06-11 04:52:32.269010,2.54,1,Android
21,8,2025-08-03 01:54:00,2025-08-03 02:03:30.644054,9.51,4,Android
22,8,2025-06-02 03:34:00,2025-06-02 03:48:18.189521,14.3,7,Android
23,8,2025-08-17 23:43:00,2025-08-17 23:54:10.758372,11.18,5,Android
24,8,2025-07-21 17:04:00,2025-07-21 17:07:09.897217,3.16,1,Android
25,9,2024-09-02 08:54:00,2024-09-02 09:08:17.715234,14.3,7,Android
26,9,2024-06-27 20:29:00,2024-06-27 20:47:04.800456,18.08,9,Android
27,9,2024-08-24 18:54:00,2024-08-24 19:09:32.584239,15.54,7,Android
28,9,2024-10-10 20:22:00,2024-10-10 20:25:09.832897,3.16,1,Android
29,9,2024-09-29 14:29:00,2024-09-29 14:38:47.604967,9.79,4,Android
30,9,2024-09-01 18:01:00,2024-09-01 18:14:09.585820,13.16,6,Android
31,9,2024-08-26 02:48:00,2024-08-26 03:05:59.750488,18.0,8,Android
32,10,2024-12-09 01:17:00,2024-12-09 01:21:24.634758,4.41,2,Android
33,10,2024-12-27 11:31:00,2024-12-27 11:39:29.855647,8.5,4,Android
34,11,2025-03-05 22:34:00,2025-03-05 22:40:36.478720,6.61,3,iOS
35,12,2024-04-07 08:40:00,2024-04-07 08:56:48.762042,16.81,8,Android
36,12,2024-04-27 08:10:00,2024-04-27 08:19:49.663357,9.83,4,Android
37,12,2024-04-03 23:14:00,2024-04-03 23:15:29.814790,1.5,0,Android
38,13,2025-01-19 18:51:00,2025-01-19 18:55:15.686874,4.26,2,Android
39,14,2024-06-28 03:36:00,2024-06-28 03:40:27.272508,4.45,2,iOS
40,14,2024-07-19 19:38:00,2024-07-19 19:50:06.151670,12.1,6,iOS
41,14,2024-05-15 22:33:00,2024-05-15 22:34:30.602824,1.51,0,iOS
42,14,2024-06-16 18:13:00,2024-06-16 18:27:20.923658,14.35,7,iOS
43,15,2025-04-22 04:45:00,2025-04-22 04:55:41.653106,10.69,5,Android
44,15,2025-05-10 19:36:00,2025-05-10 19:52:57.481371,16.96,8,Android
45,15,2025-05-07 16:52:00,2025-05-07 17:00:18.979355,8.32,4,Android
46,16,2024-11-15 23:46:00,2024-11-16 00:00:42.299865,14.7,7,Web
47,16,2024-09-15 06:10:00,2024-09-15 06:24:32.176506,14.54,7,Web
48,16,2024-11-05 16:54:00,2024-11-05 17:08:42.326991,14.71,7,Web
49,16,2024-08-30 13:10:00,2024-08-30 13:24:14.587728,14.24,7,Web
50,16,2024-11-08 21:42:00,2024-11-08 21:58:48.954035,16.82,8,Web
51,16,2024-12-06 05:10:00,2024-12-06 05:16:38.580813,6.64,3,Web
52,16,2024-11-21 10:44:00,2024-11-21 10:58:12.346130,14.21,7,Web
53,17,2024-05-31 01:34:00,2024-05-31 01:36:27.672466,2.46,1,iOS
54,17,2024-06-19 21:27:00,2024-06-19 21:44:24.870356,17.41,8,iOS
55,17,2024-08-03 17:43:00,2024-08-03 17:56:23.113348,13.39,6,iOS
56,17,2024-07-12 11:57:00,2024-07-12 12:02:42.220867,5.7,2,iOS
57,18,2025-03-15 09:41:00,2025-03-15 09:42:36.838027,1.61,0,Android
58,18,2025-02-16 11:47:00,2025-02-16 11:48:15.985410,1.27,0,Android
59,18,2025-01-12 01:56:00,2025-01-12 02:07:35.448937,11.59,5,Android
60,18,2025-02-05 03:29:00,2025-02-05 03:40:21.773279,11.36,5,Android
61,18,2025-04-08 12:55:00,2025-04-08 12:59:02.019957,4.03,2,Android
62,19,2024-05-26 14:14:00,2024-05-26 14:30:33.264062,16.55,8,Android
63,20,2025-12-07 03:48:00,2025-12-07 04:03:34.493027,15.57,7,Android
64,20,2025-11-25 07:00:00,2025-11-25 07:07:34.418999,7.57,3,Android
65,20,2025-10-31 10:17:00,2025-10-31 10:21:00.588023,4.01,2,Android
66,20,2025-10-10 17:59:00,2025-10-10 18:06:47.938777,7.8,3,Android
67,21,2025-10-30 00:12:00,2025-10-30 00:17:22.015787,5.37,2,Android
68,21,2026-02-21 00:10:00,2026-02-21 00:24:49.071513,14.82,7,Android
69,21,2026-01-22 21:08:00,2026-01-22 21:22:21.225929,14.35,7,Android
70,21,2025-12-25 03:59:00,2025-12-25 04:12:48.022052,13.8,6,Android
71,22,2024-10-28 09:59:00,2024-10-28 10:32:35.098091,33.58,16,iOS
72,22,2024-10-22 19:22:00,2024-10-22 19:37:50.399919,15.84,7,iOS
73,22,2024-10-04 15:45:00,2024-10-04 16:14:08.411505,29.14,14,iOS
74,23,2024-04-07 17:01:00,2024-04-07 17:18:29.198910,17.49,8,Web
75,23,2024-03-23 08:45:00,2024-03-23 08:49:46.083601,4.77,2,Web
76,24,2025-07-30 02:49:00,2025-07-30 03:08:44.508155,19.74,9,Android
77,25,2024-12-17 05:18:00,2024-12-17 05:52:13.421345,34.22,17,Android
78,25,2024-11-18 18:25:00,2024-11-18 19:05:22.085442,40.37,20,Android
79,26,2025-01-14 17:22:00,2025-01-14 17:42:18.555463,20.31,10,Web
80,26,2024-11-29 13:08:00,2024-11-29 13:43:13.979856,35.23,17,Web
81,27,2025-11-25 21:18:00,2025-11-25 21:56:35.170186,38.59,19,iOS
82,27,2025-10-14 04:14:00,2025-10-14 04:55:15.495571,41.26,20,iOS
83,27,2025-11-23 17:12:00,2025-11-23 17:39:10.226517,27.17,13,iOS
84,28,2025-09-04 18:18:00,2025-09-04 18:26:56.000415,8.93,4,Android
85,28,2025-07-22 21:14:00,2025-07-22 21:16:23.712849,2.4,1,Android
86,29,2025-11-27 20:26:00,2025-11-27 21:04:55.688009,38.93,19,Web
87,29,2025-11-09 04:20:00,2025-11-09 04:31:42.942649,11.72,5,Web
88,29,2025-11-09 11:03:00,2025-11-09 11:12:04.195219,9.07,4,Web
89,29,2026-01-15 05:56:00,2026-01-15 06:21:37.057554,25.62,12,Web
90,29,2026-01-05 12:00:00,2026-01-05 12:44:21.974424,44.37,22,Web
91,29,2026-01-17 07:35:00,2026-01-17 07:51:25.360889,16.42,8,Web
92,30,2025-02-16 23:00:00,2025-02-16 23:10:18.913333,10.32,5,Android
93,30,2025-05-24 17:17:00,2025-05-24 17:21:19.939399,4.33,2,Android
94,31,2025-03-09 18:19:00,2025-03-09 18:35:22.026463,16.37,8,Android
95,31,2025-02-04 03:16:00,2025-02-04 03:35:24.078121,19.4,9,Android
96,31,2025-02-17 15:31:00,2025-02-17 15:40:05.759467,9.1,4,Android
97,31,2025-04-04 05:04:00,2025-04-04 05:15:43.856757,11.73,5,Android
98,32,2026-03-09 00:18:00,2026-03-09 00:34:21.284577,16.35,8,Android
99,33,2025-10-17 08:30:00,2025-10-17 08:43:45.930314,13.77,6,Android
100,33,2025-09-01 21:41:00,2025-09-01 21:57:17.510924,16.29,8,Android
101,34,2025-09-16 17:20:00,2025-09-16 17:35:50.000591,15.83,7,Web
102,34,2025-06-13 03:37:00,2025-06-13 03:53:47.831982,16.8,8,Web
103,35,2025-02-20 10:39:00,2025-02-20 10:43:52.780080,4.88,2,iOS
104,35,2024-11-26 18:44:00,2024-11-26 18:45:10.389651,1.17,0,iOS
105,35,2024-12-21 05:45:00,2024-12-21 05:59:54.030081,14.9,7,iOS
106,36,2024-07-07 08:35:00,2024-07-07 08:45:05.968214,10.1,5,iOS
107,36,2024-10-20 18:59:00,2024-10-20 19:13:51.114992,14.85,7,iOS
108,36,2024-07-27 14:16:00,2024-07-27 14:22:15.335665,6.26,3,iOS
109,36,2024-09-12 17:44:00,2024-09-12 18:00:40.719899,16.68,8,iOS
110,37,2025-03-21 02:56:00,2025-03-21 03:17:45.983382,21.77,10,iOS
111,37,2025-04-24 15:37:00,2025-04-24 16:09:39.142434,32.65,16,iOS
112,37,2025-03-26 22:51:00,2025-03-26 23:00:48.667221,9.81,4,iOS
113,38,2025-05-22 15:50:00,2025-05-22 16:02:59.804121,13.0,6,Web
114,38,2025-05-10 14:24:00,2025-05-10 14:50:52.748863,26.88,13,Web
115,39,2024-05-03 03:25:00,2024-05-03 04:09:02.310815,44.04,22,Android
116,40,2025-10-19 11:58:00,2025-10-19 12:11:40.903202,13.68,6,Android
117,41,2024-09-11 08:47:00,2024-09-11 09:16:33.346063,29.56,14,Android
118,41,2024-10-13 21:20:00,2024-10-13 21:45:27.126220,25.45,12,Android
119,41,2024-11-08 07:29:00,2024-11-08 08:03:59.791220,35.0,17,Android
120,41,2024-11-17 04:30:00,2024-11-17 04:44:28.651262,14.48,7,Android
121,42,2025-01-11 06:41:00,2025-01-11 06:56:56.299102,15.94,7,iOS
122,42,2025-02-26 23:57:00,2025-02-27 00:13:22.160550,16.37,8,iOS
123,43,2025-02-04 10:08:00,2025-02-04 10:18:11.281039,10.19,5,Android
124,43,2025-05-09 04:48:00,2025-05-09 05:02:13.022279,14.22,7,Android
125,43,2025-04-02 06:07:00,2025-04-02 06:32:50.811596,25.85,12,Android
126,43,2025-04-05 07:30:00,2025-04-05 07:39:32.592854,9.54,4,Android
127,44,2024-09-18 07:36:00,2024-09-18 07:50:58.530149,14.98,7,Android
128,44,2024-08-11 11:03:00,2024-08-11 11:22:07.573763,19.13,9,Android
129,44,2024-09-08 00:53:00,2024-09-08 01:01:58.757714,8.98,4,Android
130,45,2026-02-18 15:43:00,2026-02-18 15:59:14.032233,16.23,8,Web
131,45,2025-11-18 18:24:00,2025-11-18 18:32:57.603341,8.96,4,Web
132,46,2024-08-21 16:28:00,2024-08-21 16:41:19.050808,13.32,6,iOS
133,47,2024-07-07 13:19:00,2024-07-07 13:56:01.227319,37.02,18,iOS
134,47,2024-07-11 04:01:00,2024-07-11 04:40:35.851061,39.6,19,iOS
135,47,2024-05-01 01:57:00,2024-05-01 02:16:23.271731,19.39,9,iOS
136,47,2024-06-02 22:46:00,2024-06-02 23:09:16.055046,23.27,11,iOS
137,48,2024-03-12 22:19:00,2024-03-12 22:53:13.818423,34.23,17,Android
138,49,2024-04-02 17:35:00,2024-04-02 17:47:43.672827,12.73,6,Web
139,49,2024-02-12 13:25:00,2024-02-12 13:37:49.704386,12.83,6,Web
140,50,2024-06-10 23:38:00,2024-06-10 23:45:20.969330,7.35,3,Android
141,50,2024-08-02 20:10:00,2024-08-02 20:16:27.701443,6.46,3,Android
142,50,2024-05-26 08:42:00,2024-05-26 08:45:22.618167,3.38,1,Android
143,50,2024-07-29 00:21:00,2024-07-29 00:23:44.314929,2.74,1,Android
144,50,2024-07-30 09:19:00,2024-07-30 09:20:11.154320,1.19,0,Android
145,51,2025-06-03 13:11:00,2025-06-03 13:15:11.975171,4.2,2,iOS
146,52,2024-08-07 00:35:00,2024-08-07 00:36:44.427643,1.74,0,iOS
147,52,2024-05-20 06:39:00,2024-05-20 06:56:31.552489,17.53,8,iOS
148,52,2024-06-22 03:00:00,2024-06-22 03:05:31.608836,5.53,2,iOS
149,52,2024-07-06 06:21:00,2024-07-06 06:25:52.332416,4.87,2,iOS
150,53,2024-11-02 16:37:00,2024-11-02 16:56:10.875489,19.18,9,iOS
151,53,2024-09-04 07:04:00,2024-09-04 07:09:15.289295,5.25,2,iOS
152,53,2024-10-21 23:30:00,2024-10-21 23:32:53.304448,2.89,1,iOS
153,53,2024-08-14 20:04:00,2024-08-14 20:05:42.174819,1.7,0,iOS
154,53,2024-11-27 08:19:00,2024-11-27 08:34:51.642792,15.86,7,iOS
155,54,2025-12-05 12:14:00,2025-12-05 12:28:31.253035,14.52,7,Web
156,55,2025-06-21 15:42:00,2025-06-21 15:54:49.738235,12.83,6,Android
157,55,2025-08-06 15:59:00,2025-08-06 16:14:43.434264,15.72,7,Android
158,56,2024-12-01 08:23:00,2024-12-01 08:42:14.670678,19.24,9,Android
159,56,2024-11-05 07:29:00,2024-11-05 07:42:47.628570,13.79,6,Android
160,56,2025-02-21 19:49:00,2025-02-21 19:51:05.238743,2.09,1,Android
161,56,2024-12-05 20:25:00,2024-12-05 20:37:42.127747,12.7,6,Android
162,57,2024-10-25 23:35:00,2024-10-25 23:50:33.463266,15.56,7,Web
163,57,2025-01-10 18:20:00,2025-01-10 18:47:36.934036,27.62,13,Web
164,57,2024-12-30 23:17:00,2024-12-30 23:59:32.749452,42.55,21,Web
165,57,2025-01-17 04:07:00,2025-01-17 04:28:28.738754,21.48,10,Web
166,57,2024-12-19 13:56:00,2024-12-19 14:36:54.234897,40.9,20,Web
167,58,2024-12-10 15:29:00,2024-12-10 15:38:32.018850,9.53,4,Android
168,58,2024-12-14 00:00:00,2024-12-14 00:19:03.087204,19.05,9,Android
169,59,2025-07-10 22:37:00,2025-07-10 22:46:39.309932,9.66,4,iOS
170,59,2025-09-08 12:41:00,2025-09-08 13:00:53.720166,19.9,9,iOS
171,60,2025-12-01 08:05:00,2025-12-01 08:18:10.431315,13.17,6,Web
172,60,2025-11-18 03:44:00,2025-11-18 03:49:25.358744,5.42,2,Web
173,60,2025-11-11 04:46:00,2025-11-11 05:04:17.446620,18.29,9,Web
174,61,2025-12-24 02:43:00,2025-12-24 03:09:52.660154,26.88,13,Android
175,62,2024-11-27 20:59:00,2024-11-27 21:04:07.183186,5.12,2,Android
176,62,2025-03-10 20:31:00,2025-03-10 20:38:27.688716,7.46,3,Android
177,62,2024-11-19 10:47:00,2024-11-19 10:56:36.795380,9.61,4,Android
178,62,2024-12-07 10:52:00,2024-12-07 10:56:32.968014,4.55,2,Android
179,63,2025-01-13 03:43:00,2025-01-13 03:55:19.237713,12.32,6,iOS
180,63,2025-03-15 01:19:00,2025-03-15 01:24:51.145637,5.85,2,iOS
181,63,2025-03-11 22:19:00,2025-03-11 22:27:12.257181,8.2,4,iOS
182,63,2025-01-01 15:10:00,2025-01-01 15:25:53.398137,15.89,7,iOS
183,64,2025-11-17 08:55:00,2025-11-17 09:11:48.844277,16.81,8,iOS
184,64,2025-08-29 01:01:00,2025-08-29 01:06:49.885979,5.83,2,iOS
185,64,2025-11-17 03:21:00,2025-11-17 03:37:08.742178,16.15,8,iOS
186,64,2025-11-30 05:53:00,2025-11-30 05:56:48.618020,3.81,1,iOS
187,65,2025-04-28 04:25:00,2025-04-28 04:27:20.509519,2.34,1,Web
188,65,2025-07-17 09:41:00,2025-07-17 09:42:19.065465,1.32,0,Web
189,65,2025-05-09 07:13:00,2025-05-09 07:19:28.590564,6.48,3,Web
190,65,2025-05-24 11:48:00,2025-05-24 11:53:17.388873,5.29,2,Web
191,66,2025-11-20 19:45:00,2025-11-20 19:57:21.838773,12.36,6,iOS
192,66,2025-12-19 12:02:00,2025-12-19 12:10:32.868668,8.55,4,iOS
193,66,2025-11-26 08:24:00,2025-11-26 08:29:46.934898,5.78,2,iOS
194,66,2025-11-27 18:04:00,2025-11-27 18:06:05.223778,2.09,1,iOS
195,67,2026-03-31 01:03:00,2026-03-31 01:12:52.664191,9.88,4,Web
196,67,2026-02-05 05:19:00,2026-02-05 05:33:21.824625,14.36,7,Web
197,67,2026-01-16 09:55:00,2026-01-16 09:56:10.028114,1.17,0,Web
198,67,2025-12-31 08:29:00,2025-12-31 08:40:03.292508,11.05,5,Web
199,67,2026-03-31 23:44:00,2026-03-31 23:46:26.347135,2.44,1,Web
200,67,2026-01-30 16:08:00,2026-01-30 16:09:40.193807,1.67,0,Web
201,68,2025-04-27 17:49:00,2025-04-27 17:59:35.113539,10.59,5,Android
202,69,2025-02-12 03:02:00,2025-02-12 03:07:54.284359,5.9,2,Android
203,69,2025-04-02 08:16:00,2025-04-02 08:18:04.604761,2.08,1,Android
204,69,2025-01-21 16:59:00,2025-01-21 17:15:41.889866,16.7,8,Android
205,70,2025-02-28 02:28:00,2025-02-28 02:37:28.713029,9.48,4,Android
206,71,2024-04-30 18:04:00,2024-04-30 18:10:46.032840,6.77,3,Android
207,71,2024-08-17 22:28:00,2024-08-17 22:47:43.295350,19.72,9,Android
208,72,2024-10-17 06:50:00,2024-10-17 07:22:11.719456,32.2,16,iOS
209,72,2024-07-17 19:38:00,2024-07-17 20:13:44.715804,35.75,17,iOS
210,72,2024-07-17 16:03:00,2024-07-17 16:21:56.805131,18.95,9,iOS
211,72,2024-10-31 15:55:00,2024-10-31 16:36:41.983418,41.7,20,iOS
212,72,2024-07-18 19:56:00,2024-07-18 20:24:27.952511,28.47,14,iOS
213,73,2025-10-03 13:08:00,2025-10-03 13:25:36.995395,17.62,8,Android
214,73,2025-09-30 01:09:00,2025-09-30 01:21:10.464624,12.17,6,Android
215,74,2024-09-04 09:08:00,2024-09-04 09:33:53.872854,25.9,12,Android
216,74,2024-06-25 07:36:00,2024-06-25 08:02:26.330441,26.44,13,Android
217,74,2024-07-03 09:43:00,2024-07-03 09:51:14.807850,8.25,4,Android
218,74,2024-08-19 09:10:00,2024-08-19 09:43:27.460980,33.46,16,Android
219,75,2025-09-13 09:06:00,2025-09-13 09:18:50.189212,12.84,6,Android
220,76,2025-05-24 15:20:00,2025-05-24 15:23:14.544931,3.24,1,Android
221,77,2025-09-08 21:03:00,2025-09-08 21:20:26.244326,17.44,8,iOS
222,77,2025-06-23 16:45:00,2025-06-23 17:23:12.048406,38.2,19,iOS
223,77,2025-09-08 08:40:00,2025-09-08 09:16:16.871133,36.28,18,iOS
224,78,2025-01-26 06:47:00,2025-01-26 06:55:08.944302,8.15,4,Web
225,78,2025-01-19 08:51:00,2025-01-19 08:58:01.314117,7.02,3,Web
226,79,2025-05-17 03:20:00,2025-05-17 03:33:29.915626,13.5,6,Android
227,79,2025-05-11 09:45:00,2025-05-11 10:03:50.601293,18.84,9,Android
228,80,2024-09-16 11:38:00,2024-09-16 11:51:23.439106,13.39,6,Web
229,81,2025-05-04 02:45:00,2025-05-04 02:52:25.964351,7.43,3,Android
230,81,2025-01-24 04:21:00,2025-01-24 04:27:14.151382,6.24,3,Android
231,82,2025-05-25 02:10:00,2025-05-25 02:13:46.884865,3.78,1,Android
232,82,2025-07-11 02:54:00,2025-07-11 03:12:53.472188,18.89,9,Android
233,82,2025-07-27 22:58:00,2025-07-27 23:13:20.261868,15.34,7,Android
234,82,2025-08-22 16:21:00,2025-08-22 16:32:18.700577,11.31,5,Android
235,82,2025-08-30 10:29:00,2025-08-30 10:44:43.617186,15.73,7,Android
236,83,2024-10-11 16:29:00,2024-10-11 16:34:24.094013,5.4,2,iOS
237,83,2024-08-30 04:37:00,2024-08-30 04:49:58.912645,12.98,6,iOS
238,83,2024-07-09 16:44:00,2024-07-09 16:47:49.728660,3.83,1,iOS
239,83,2024-07-25 06:37:00,2024-07-25 06:46:49.075809,9.82,4,iOS
240,83,2024-08-30 19:35:00,2024-08-30 19:47:38.367165,12.64,6,iOS
241,84,2025-03-18 04:16:00,2025-03-18 04:24:37.037773,8.62,4,Android
242,84,2024-12-26 19:26:00,2024-12-26 19:38:12.504694,12.21,6,Android
243,84,2025-03-15 07:10:00,2025-03-15 07:29:35.145313,19.59,9,Android
244,84,2025-03-07 18:20:00,2025-03-07 18:34:17.773266,14.3,7,Android
245,84,2025-01-27 23:13:00,2025-01-27 23:29:53.194519,16.89,8,Android
246,84,2025-03-03 18:05:00,2025-03-03 18:15:44.331433,10.74,5,Android
247,85,2024-09-13 06:53:00,2024-09-13 06:55:37.403307,2.62,1,Android
248,85,2024-07-15 06:34:00,2024-07-15 06:50:25.015430,16.42,8,Android
249,86,2025-10-07 08:51:00,2025-10-07 09:20:04.521324,29.08,14,Android
250,86,2025-08-21 19:37:00,2025-08-21 20:06:40.165218,29.67,14,Android
251,86,2025-09-08 15:51:00,2025-09-08 16:17:45.271601,26.75,13,Android
252,86,2025-09-07 14:22:00,2025-09-07 14:52:11.172504,30.19,15,Android
253,86,2025-08-28 23:40:00,2025-08-28 23:58:29.244793,18.49,9,Android
254,87,2025-05-29 16:44:00,2025-05-29 16:51:14.795601,7.25,3,iOS
255,87,2025-06-16 13:21:00,2025-06-16 13:39:18.179405,18.3,9,iOS
256,88,2025-12-10 18:13:00,2025-12-10 18:20:01.062823,7.02,3,Web
257,88,2025-10-19 08:03:00,2025-10-19 08:13:05.595394,10.09,5,Web
258,88,2025-10-22 03:18:00,2025-10-22 03:26:04.192799,8.07,4,Web
259,89,2024-06-23 09:53:00,2024-06-23 10:04:57.093231,11.95,5,Android
260,89,2024-05-28 00:00:00,2024-05-28 00:15:16.965647,15.28,7,Android
261,89,2024-09-03 17:10:00,2024-09-03 17:24:17.565913,14.29,7,Android
262,89,2024-08-23 03:01:00,2024-08-23 03:14:46.983803,13.78,6,Android
263,89,2024-08-30 15:38:00,2024-08-30 15:45:11.494281,7.19,3,Android
264,90,2024-08-25 16:46:00,2024-08-25 17:01:38.863578,15.65,7,Android
265,90,2024-09-16 22:30:00,2024-09-16 22:44:21.194221,14.35,7,Android
266,91,2025-08-24 14:47:00,2025-08-24 14:52:48.438220,5.81,2,Android
267,92,2025-12-11 15:25:00,2025-12-11 15:29:59.632921,4.99,2,Android
268,92,2026-03-01 23:43:00,2026-03-01 23:49:05.189266,6.09,3,Android
269,93,2026-04-05 10:22:00,2026-04-05 10:36:20.215455,14.34,7,Android
270,93,2026-03-18 21:55:00,2026-03-18 22:11:21.316970,16.36,8,Android
271,93,2025-12-28 22:35:00,2025-12-28 22:53:38.851263,18.65,9,Android
272,94,2024-12-14 11:02:00,2024-12-14 11:12:46.001569,10.77,5,iOS
273,94,2024-11-29 04:02:00,2024-11-29 04:03:13.243233,1.22,0,iOS
274,95,2024-08-06 21:32:00,2024-08-06 21:37:43.410723,5.72,2,Android
275,95,2024-07-29 05:03:00,2024-07-29 05:13:07.137982,10.12,5,Android
276,95,2024-07-30 08:02:00,2024-07-30 08:17:49.135078,15.82,7,Android
277,96,2025-08-03 19:10:00,2025-08-03 19:15:20.331169,5.34,2,Web
278,96,2025-06-07 04:18:00,2025-06-07 04:29:24.063445,11.4,5,Web
279,96,2025-07-14 01:57:00,2025-07-14 02:04:18.018173,7.3,3,Web
280,96,2025-05-05 00:17:00,2025-05-05 00:26:21.368126,9.36,4,Web
281,96,2025-08-10 10:24:00,2025-08-10 10:25:04.393520,1.07,0,Web
282,97,2025-01-09 03:08:00,2025-01-09 03:29:11.282462,21.19,10,Android
283,97,2025-03-07 22:57:00,2025-03-07 23:10:10.240843,13.17,6,Android
284,98,2025-01-31 13:57:00,2025-01-31 13:58:54.773322,1.91,0,Web
285,98,2025-01-12 10:54:00,2025-01-12 10:58:23.493706,4.39,2,Web
286,98,2025-03-16 06:19:00,2025-03-16 06:27:37.212745,8.62,4,Web
287,98,2025-04-16 01:41:00,2025-04-16 01:49:44.037746,8.73,4,Web
288,99,2025-06-13 17:37:00,2025-06-13 17:45:45.081939,8.75,4,Web
289,99,2025-04-12 16:40:00,2025-04-12 16:59:48.461742,19.81,9,Web
290,99,2025-04-19 18:18:00,2025-04-19 18:53:21.791921,35.36,17,Web
291,99,2025-04-10 08:37:00,2025-04-10 09:21:08.214118,44.14,22,Web
292,100,2025-07-03 00:37:00,2025-07-03 01:00:29.502723,23.49,11,Android
293,100,2025-04-29 00:10:00,2025-04-29 00:47:30.207561,37.5,18,Android
294,100,2025-03-31 22:43:00,2025-03-31 23:03:54.500746,20.91,10,Android
295,101,2025-09-30 12:41:00,2025-09-30 12:59:11.600460,18.19,9,Android
296,101,2025-10-08 08:56:00,2025-10-08 09:15:44.377889,19.74,9,Android
297,101,2025-11-20 22:10:00,2025-11-20 22:15:55.591595,5.93,2,Android
298,101,2025-10-09 04:14:00,2025-10-09 04:18:00.564461,4.01,2,Android
299,101,2025-12-16 04:38:00,2025-12-16 04:57:02.940761,19.05,9,Android
300,102,2024-11-10 02:00:00,2024-11-10 02:09:14.702181,9.25,4,Android
301,102,2024-12-16 07:18:00,2024-12-16 07:24:54.742407,6.91,3,Android
302,102,2024-12-02 14:01:00,2024-12-02 14:03:36.585163,2.61,1,Android
303,102,2024-11-03 10:57:00,2024-11-03 10:59:19.763827,2.33,1,Android
304,102,2024-12-29 19:29:00,2024-12-29 19:40:03.284477,11.05,5,Android
305,102,2025-01-13 06:34:00,2025-01-13 06:53:47.364094,19.79,9,Android
306,103,2024-11-13 12:30:00,2024-11-13 12:48:29.106704,18.49,9,Android
307,103,2024-11-20 08:04:00,2024-11-20 08:13:55.099209,9.92,4,Android
308,103,2024-09-08 04:33:00,2024-09-08 04:52:03.844863,19.06,9,Android
309,104,2024-04-12 08:06:00,2024-04-12 08:17:32.772347,11.55,5,Android
310,104,2024-01-03 03:30:00,2024-01-03 03:39:43.364904,9.72,4,Android
311,105,2024-10-19 21:48:00,2024-10-19 22:00:51.770855,12.86,6,iOS
312,105,2024-10-27 12:54:00,2024-10-27 13:07:04.580733,13.08,6,iOS
313,105,2024-11-08 19:02:00,2024-11-08 19:41:27.267245,39.45,19,iOS
314,105,2024-12-12 21:36:00,2024-12-12 21:46:04.118557,10.07,5,iOS
315,106,2024-01-26 13:20:00,2024-01-26 13:24:21.695859,4.36,2,Android
316,106,2024-01-22 05:42:00,2024-01-22 05:47:15.667336,5.26,2,Android
317,106,2024-03-31 19:08:00,2024-03-31 19:19:15.737661,11.26,5,Android
318,106,2024-01-26 18:38:00,2024-01-26 18:46:26.173501,8.44,4,Android
319,107,2024-08-24 19:46:00,2024-08-24 20:00:58.384045,14.97,7,iOS
320,107,2024-09-19 01:00:00,2024-09-19 01:19:02.200804,19.04,9,iOS
321,108,2025-04-29 16:07:00,2025-04-29 16:26:11.209081,19.19,9,iOS
322,109,2025-10-12 22:51:00,2025-10-12 22:54:07.272741,3.12,1,Android
323,109,2025-10-15 10:54:00,2025-10-15 10:59:44.518273,5.74,2,Android
324,110,2024-12-04 20:26:00,2024-12-04 20:43:25.394351,17.42,8,Android
325,110,2024-12-30 11:38:00,2024-12-30 12:11:07.289947,33.12,16,Android
326,110,2025-01-04 06:03:00,2025-01-04 06:15:44.976040,12.75,6,Android
327,110,2025-03-08 08:12:00,2025-03-08 08:26:42.355386,14.71,7,Android
328,110,2024-12-18 08:45:00,2024-12-18 09:06:27.014671,21.45,10,Android
329,110,2024-12-09 14:19:00,2024-12-09 14:33:54.107149,14.9,7,Android
330,110,2025-01-19 11:38:00,2025-01-19 12:13:50.224200,35.84,17,Android
331,110,2024-12-21 15:11:00,2024-12-21 15:48:36.305029,37.61,18,Android
332,110,2024-12-30 23:30:00,2024-12-30 23:41:38.743346,11.65,5,Android
333,111,2025-11-08 03:56:00,2025-11-08 04:00:27.732409,4.46,2,Android
334,111,2025-10-28 22:43:00,2025-10-28 22:45:45.016757,2.75,1,Android
335,111,2025-09-30 11:31:00,2025-09-30 11:36:53.897520,5.9,2,Android
336,111,2025-12-10 13:06:00,2025-12-10 13:18:02.459123,12.04,6,Android
337,112,2024-10-15 03:47:00,2024-10-15 03:55:48.287609,8.8,4,Android
338,112,2024-10-15 12:43:00,2024-10-15 13:00:14.942131,17.25,8,Android
339,112,2024-07-04 06:19:00,2024-07-04 06:21:26.410867,2.44,1,Android
340,113,2025-05-24 23:10:00,2025-05-24 23:45:59.298732,35.99,17,iOS
341,113,2025-03-10 14:33:00,2025-03-10 14:57:41.624386,24.69,12,iOS
342,113,2025-05-05 13:09:00,2025-05-05 13:37:02.387891,28.04,14,iOS
343,113,2025-03-30 15:03:00,2025-03-30 15:19:20.993010,16.35,8,iOS
344,113,2025-05-27 15:43:00,2025-05-27 15:57:02.281313,14.04,7,iOS
345,114,2024-11-10 10:05:00,2024-11-10 10:18:56.863769,13.95,6,Web
346,115,2025-08-03 10:51:00,2025-08-03 11:20:48.312934,29.81,14,iOS
347,115,2025-08-14 02:33:00,2025-08-14 02:49:29.399657,16.49,8,iOS
348,116,2025-10-27 16:05:00,2025-10-27 16:23:14.252896,18.24,9,Android
349,116,2025-09-07 15:43:00,2025-09-07 16:02:26.515341,19.44,9,Android
350,116,2025-10-14 06:54:00,2025-10-14 06:58:54.265163,4.9,2,Android
351,116,2025-08-25 18:46:00,2025-08-25 18:57:49.373820,11.82,5,Android
352,116,2025-12-12 02:58:00,2025-12-12 03:04:38.859519,6.65,3,Android
353,117,2024-05-01 22:25:00,2024-05-01 22:31:53.038252,6.88,3,iOS
354,118,2025-05-12 03:23:00,2025-05-12 04:02:23.351575,39.39,19,Android
355,118,2025-05-15 17:12:00,2025-05-15 17:51:59.417383,39.99,19,Android
356,119,2025-01-05 22:47:00,2025-01-05 23:02:05.464135,15.09,7,Web
357,119,2024-12-02 07:56:00,2024-12-02 08:07:34.531664,11.58,5,Web
358,119,2024-11-19 15:35:00,2024-11-19 15:44:33.688012,9.56,4,Web
359,119,2024-10-24 07:09:00,2024-10-24 07:13:57.913785,4.97,2,Web
360,119,2024-10-07 20:46:00,2024-10-07 21:03:37.701387,17.63,8,Web
361,120,2025-05-01 06:26:00,2025-05-01 06:37:53.798514,11.9,5,Android
362,120,2025-03-19 19:21:00,2025-03-19 19:39:08.839456,18.15,9,Android
363,120,2025-05-15 16:59:00,2025-05-15 17:14:19.618491,15.33,7,Android
364,121,2025-07-04 13:45:00,2025-07-04 13:47:55.935455,2.93,1,Android
365,121,2025-06-29 04:38:00,2025-06-29 04:56:16.483621,18.27,9,Android
366,122,2024-10-29 07:50:00,2024-10-29 07:52:51.681476,2.86,1,Android
367,122,2024-09-27 19:05:00,2024-09-27 19:23:32.041394,18.53,9,Android
368,123,2024-01-13 00:15:00,2024-01-13 00:19:44.376422,4.74,2,Web
369,123,2024-03-02 01:57:00,2024-03-02 02:08:08.834927,11.15,5,Web
370,123,2024-03-02 19:02:00,2024-03-02 19:06:26.585720,4.44,2,Web
371,123,2024-01-18 13:26:00,2024-01-18 13:30:16.086123,4.27,2,Web
372,124,2025-06-30 17:24:00,2025-06-30 17:37:42.439704,13.71,6,Web
373,124,2025-06-23 13:21:00,2025-06-23 13:24:51.319119,3.86,1,Web
374,124,2025-07-26 20:19:00,2025-07-26 20:26:34.624675,7.58,3,Web
375,124,2025-06-24 03:25:00,2025-06-24 03:26:45.803534,1.76,0,Web
376,124,2025-09-08 12:13:00,2025-09-08 12:30:49.584429,17.83,8,Web
377,125,2025-01-15 15:07:00,2025-01-15 15:15:09.884634,8.16,4,Android
378,125,2024-10-30 14:47:00,2024-10-30 14:49:54.728732,2.91,1,Android
379,125,2025-02-04 06:02:00,2025-02-04 06:18:31.781180,16.53,8,Android
380,125,2025-01-09 11:57:00,2025-01-09 12:05:29.985360,8.5,4,Android
381,125,2025-01-30 09:35:00,2025-01-30 09:52:16.724193,17.28,8,Android
382,126,2024-11-13 10:38:00,2024-11-13 10:55:22.242790,17.37,8,Android
383,126,2024-12-10 01:26:00,2024-12-10 01:35:10.111986,9.17,4,Android
384,126,2024-10-14 02:47:00,2024-10-14 02:58:10.978219,11.18,5,Android
385,127,2026-01-26 10:35:00,2026-01-26 10:59:47.429691,24.79,12,iOS
386,127,2025-10-17 02:42:00,2025-10-17 02:53:14.773220,11.25,5,iOS
387,127,2026-01-03 03:44:00,2026-01-03 04:23:50.330341,39.84,19,iOS
388,128,2024-10-23 10:11:00,2024-10-23 10:18:06.326571,7.11,3,Android
389,129,2025-12-01 13:39:00,2025-12-01 13:40:15.687474,1.26,0,Android
390,130,2026-02-13 09:14:00,2026-02-13 09:50:49.685633,36.83,18,iOS
391,130,2025-12-09 10:59:00,2025-12-09 11:21:44.092521,22.73,11,iOS
392,131,2024-12-26 12:53:00,2024-12-26 13:05:48.400476,12.81,6,Android
393,132,2024-01-26 10:23:00,2024-01-26 10:37:41.413505,14.69,7,iOS
394,133,2025-05-15 19:36:00,2025-05-15 19:42:58.119859,6.97,3,Android
395,133,2025-05-14 19:35:00,2025-05-14 19:46:13.382565,11.22,5,Android
396,133,2025-04-15 18:48:00,2025-04-15 18:55:32.528400,7.54,3,Android
397,134,2025-06-20 15:45:00,2025-06-20 16:29:41.376285,44.69,22,Android
398,135,2025-04-15 05:22:00,2025-04-15 05:30:03.783676,8.06,4,iOS
399,135,2025-04-06 10:01:00,2025-04-06 10:14:49.403583,13.82,6,iOS
400,135,2024-12-27 01:12:00,2024-12-27 01:31:34.305099,19.57,9,iOS
401,135,2025-01-22 10:11:00,2025-01-22 10:23:40.710983,12.68,6,iOS
402,136,2025-03-27 04:27:00,2025-03-27 04:52:45.329413,25.76,12,Web
403,136,2025-02-03 23:15:00,2025-02-03 23:27:49.701843,12.83,6,Web
404,136,2025-02-15 16:03:00,2025-02-15 16:13:16.504373,10.28,5,Web
405,136,2025-01-13 04:13:00,2025-01-13 04:27:03.262963,14.05,7,Web
406,136,2025-02-23 15:54:00,2025-02-23 16:26:29.610951,32.49,16,Web
407,137,2025-11-04 17:50:00,2025-11-04 17:52:24.756664,2.41,1,Android
408,137,2025-10-31 09:36:00,2025-10-31 09:55:55.835909,19.93,9,Android
409,137,2025-10-29 20:10:00,2025-10-29 20:27:43.507032,17.73,8,Android
410,137,2025-11-25 15:28:00,2025-11-25 15:45:00.149815,17.0,8,Android
411,138,2025-09-11 19:12:00,2025-09-11 19:14:58.706245,2.98,1,iOS
412,138,2025-08-28 17:08:00,2025-08-28 17:14:24.176639,6.4,3,iOS
413,138,2025-09-15 05:29:00,2025-09-15 05:30:33.321459,1.56,0,iOS
414,138,2025-08-10 22:53:00,2025-08-10 22:55:55.403394,2.92,1,iOS
415,139,2024-02-24 19:37:00,2024-02-24 19:41:00.938340,4.02,2,Android
416,139,2024-03-14 19:42:00,2024-03-14 20:01:50.807702,19.85,9,Android
417,140,2025-07-28 05:09:00,2025-07-28 05:11:21.441141,2.36,1,iOS
418,140,2025-07-22 21:51:00,2025-07-22 21:55:51.298431,4.85,2,iOS
419,141,2025-04-10 03:20:00,2025-04-10 03:32:18.007604,12.3,6,Android
420,142,2024-11-09 23:30:00,2024-11-09 23:31:39.145572,1.65,0,iOS
421,142,2024-12-07 07:49:00,2024-12-07 07:58:54.882296,9.91,4,iOS
422,142,2025-02-03 06:20:00,2025-02-03 06:27:26.151797,7.44,3,iOS
423,143,2024-08-27 05:50:00,2024-08-27 05:59:26.508620,9.44,4,Android
424,143,2024-09-13 03:31:00,2024-09-13 03:43:25.045591,12.42,6,Android
425,143,2024-09-26 18:04:00,2024-09-26 18:08:57.903826,4.97,2,Android
426,143,2024-08-25 10:56:00,2024-08-25 11:10:28.216027,14.47,7,Android
427,143,2024-08-24 23:42:00,2024-08-24 23:59:35.236507,17.59,8,Android
428,143,2024-09-10 08:08:00,2024-09-10 08:16:54.222049,8.9,4,Android
429,144,2025-10-07 20:11:00,2025-10-07 20:19:32.737825,8.55,4,Web
430,144,2025-08-28 03:18:00,2025-08-28 03:28:20.514560,10.34,5,Web
431,144,2025-09-21 03:07:00,2025-09-21 03:13:18.596796,6.31,3,Web
432,145,2024-07-25 07:02:00,2024-07-25 07:11:56.939988,9.95,4,Android
433,145,2024-09-19 21:23:00,2024-09-19 21:28:32.730495,5.55,2,Android
434,146,2025-03-30 20:08:00,2025-03-30 20:42:29.307534,34.49,17,iOS
435,146,2025-07-11 15:45:00,2025-07-11 16:20:55.985071,35.93,17,iOS
436,146,2025-05-12 17:39:00,2025-05-12 18:13:43.478084,34.72,17,iOS
437,146,2025-07-04 22:28:00,2025-07-04 22:45:24.291192,17.4,8,iOS
438,147,2024-06-04 00:17:00,2024-06-04 00:33:52.218960,16.87,8,iOS
439,147,2024-06-23 08:29:00,2024-06-23 08:47:12.294573,18.2,9,iOS
440,148,2026-02-11 14:20:00,2026-02-11 14:29:19.702474,9.33,4,Android
441,148,2026-02-11 02:06:00,2026-02-11 02:15:36.537252,9.61,4,Android
442,148,2026-01-26 01:51:00,2026-01-26 01:54:02.372566,3.04,1,Android
443,148,2025-11-28 18:53:00,2025-11-28 19:07:14.957594,14.25,7,Android
444,149,2025-04-27 13:36:00,2025-04-27 13:39:38.332417,3.64,1,Android
445,149,2025-06-15 06:05:00,2025-06-15 06:17:23.620687,12.39,6,Android
446,149,2025-07-23 17:42:00,2025-07-23 17:58:15.617330,16.26,8,Android
447,149,2025-07-09 14:18:00,2025-07-09 14:23:15.842388,5.26,2,Android
448,150,2025-04-10 06:24:00,2025-04-10 06:39:51.342812,15.86,7,iOS
449,150,2025-04-22 12:02:00,2025-04-22 12:03:01.017421,1.02,0,iOS
450,150,2025-05-05 06:23:00,2025-05-05 06:38:36.810251,15.61,7,iOS
451,150,2025-03-17 01:13:00,2025-03-17 01:20:51.549224,7.86,3,iOS
452,150,2025-05-02 05:14:00,2025-05-02 05:27:28.340443,13.47,6,iOS
453,151,2025-06-06 17:38:00,2025-06-06 17:55:39.351455,17.66,8,Android
454,151,2025-05-12 11:35:00,2025-05-12 11:48:32.814950,13.55,6,Android
455,152,2024-12-14 19:34:00,2024-12-14 19:50:18.331083,16.31,8,Android
456,152,2025-01-15 22:52:00,2025-01-15 22:54:31.000793,2.52,1,Android
457,152,2025-01-20 06:12:00,2025-01-20 06:29:42.134241,17.7,8,Android
458,152,2025-03-01 20:23:00,2025-03-01 20:40:50.105388,17.84,8,Android
459,153,2024-05-25 00:52:00,2024-05-25 01:05:17.262513,13.29,6,iOS
460,153,2024-07-06 10:21:00,2024-07-06 10:24:23.563656,3.39,1,iOS
461,153,2024-08-24 12:51:00,2024-08-24 12:53:25.782325,2.43,1,iOS
462,153,2024-09-17 16:42:00,2024-09-17 16:58:37.168116,16.62,8,iOS
463,153,2024-07-16 10:09:00,2024-07-16 10:23:26.337546,14.44,7,iOS
464,154,2026-02-06 09:23:00,2026-02-06 09:30:01.715666,7.03,3,Android
465,154,2025-12-30 10:26:00,2025-12-30 10:33:59.830982,8.0,3,Android
466,154,2026-02-26 02:00:00,2026-02-26 02:09:41.259044,9.69,4,Android
467,154,2025-11-28 12:22:00,2025-11-28 12:25:48.952901,3.82,1,Android
468,154,2026-01-10 08:43:00,2026-01-10 09:01:41.952953,18.7,9,Android
469,155,2024-07-31 07:51:00,2024-07-31 08:03:54.217041,12.9,6,iOS
470,155,2024-11-17 14:05:00,2024-11-17 14:09:19.451261,4.32,2,iOS
471,156,2026-04-08 00:52:00,2026-04-08 00:55:23.797615,3.4,1,iOS
472,156,2025-12-14 01:11:00,2025-12-14 01:24:10.677671,13.18,6,iOS
473,157,2024-06-18 09:38:00,2024-06-18 09:50:36.228553,12.6,6,Android
474,157,2024-08-23 13:52:00,2024-08-23 13:56:22.063582,4.37,2,Android
475,157,2024-08-20 02:15:00,2024-08-20 02:16:33.649390,1.56,0,Android
476,158,2024-11-29 13:13:00,2024-11-29 13:30:47.788605,17.8,8,Android
477,158,2024-11-27 10:47:00,2024-11-27 11:02:33.953382,15.57,7,Android
478,158,2025-02-03 10:23:00,2025-02-03 10:41:39.714952,18.66,9,Android
479,159,2025-06-29 17:25:00,2025-06-29 17:44:51.414627,19.86,9,Android
480,159,2025-06-01 01:10:00,2025-06-01 01:28:05.175799,18.09,9,Android
481,160,2025-07-29 03:16:00,2025-07-29 03:17:59.533480,1.99,0,iOS
482,160,2025-08-21 21:49:00,2025-08-21 21:50:37.510140,1.63,0,iOS
483,160,2025-06-13 07:53:00,2025-06-13 08:06:07.721841,13.13,6,iOS
484,161,2024-08-05 23:13:00,2024-08-05 23:35:49.908906,22.83,11,Android
485,161,2024-07-21 18:26:00,2024-07-21 18:49:05.481080,23.09,11,Android
486,162,2025-11-24 16:00:00,2025-11-24 16:03:35.753750,3.6,1,Android
487,162,2026-01-22 16:10:00,2026-01-22 16:25:41.626297,15.69,7,Android
488,163,2025-09-30 07:30:00,2025-09-30 07:38:22.726716,8.38,4,Android
489,164,2025-12-20 14:50:00,2025-12-20 15:05:16.189840,15.27,7,Android
490,164,2026-03-08 22:46:00,2026-03-08 22:58:36.543279,12.61,6,Android
491,165,2024-10-16 19:03:00,2024-10-16 19:31:00.676122,28.01,14,Web
492,165,2024-11-02 03:24:00,2024-11-02 03:34:14.793801,10.25,5,Web
493,165,2024-10-16 10:40:00,2024-10-16 11:13:50.868162,33.85,16,Web
494,166,2025-04-10 11:57:00,2025-04-10 12:13:08.744483,16.15,8,Android
495,166,2025-03-23 19:54:00,2025-03-23 20:03:40.264154,9.67,4,Android
496,166,2025-02-25 18:37:00,2025-02-25 18:48:19.914163,11.33,5,Android
497,167,2025-03-16 21:40:00,2025-03-16 21:58:08.527376,18.14,9,Web
498,167,2025-02-16 21:55:00,2025-02-16 22:09:30.117563,14.5,7,Web
499,168,2025-03-12 04:49:00,2025-03-12 04:52:34.631733,3.58,1,Web
500,168,2025-05-05 19:02:00,2025-05-05 19:19:28.061660,17.47,8,Web
501,168,2025-04-14 01:26:00,2025-04-14 01:43:25.733448,17.43,8,Web
502,168,2025-03-21 03:29:00,2025-03-21 03:39:58.781274,10.98,5,Web
503,169,2025-05-20 11:57:00,2025-05-20 12:16:27.940073,19.47,9,Android
504,170,2025-11-11 07:43:00,2025-11-11 07:47:33.825991,4.56,2,iOS
505,170,2025-11-23 12:30:00,2025-11-23 12:35:33.819705,5.56,2,iOS
506,170,2026-03-07 02:39:00,2026-03-07 02:42:16.014550,3.27,1,iOS
507,170,2026-02-03 03:38:00,2026-02-03 03:41:34.259860,3.57,1,iOS
508,170,2025-11-17 00:09:00,2025-11-17 00:10:49.861910,1.83,0,iOS
509,171,2025-09-22 06:01:00,2025-09-22 06:14:08.578451,13.14,6,Android
510,171,2025-06-09 13:46:00,2025-06-09 13:58:23.873855,12.4,6,Android
511,172,2024-11-01 04:15:00,2024-11-01 04:26:47.147515,11.79,5,iOS
512,173,2026-01-19 14:36:00,2026-01-19 14:41:28.835823,5.48,2,Android
513,173,2026-03-23 15:11:00,2026-03-23 15:17:04.365992,6.07,3,Android
514,173,2026-01-04 07:19:00,2026-01-04 07:32:00.161802,13.0,6,Android
515,173,2026-02-24 00:36:00,2026-02-24 00:43:18.467413,7.31,3,Android
516,174,2026-02-10 21:58:00,2026-02-10 22:10:17.284221,12.29,6,Android
517,175,2024-08-28 16:12:00,2024-08-28 16:16:35.366309,4.59,2,Android
518,176,2026-01-28 00:31:00,2026-01-28 00:46:35.349492,15.59,7,Android
519,176,2025-12-15 22:55:00,2025-12-15 23:12:53.323463,17.89,8,Android
520,176,2026-03-22 11:47:00,2026-03-22 11:58:31.947313,11.53,5,Android
521,176,2026-02-01 15:04:00,2026-02-01 15:11:32.145754,7.54,3,Android
522,177,2025-01-09 11:58:00,2025-01-09 12:36:48.264690,38.8,19,Android
523,177,2024-12-13 17:38:00,2024-12-13 18:18:23.207501,40.39,20,Android
524,178,2025-12-31 17:09:00,2025-12-31 17:12:11.479200,3.19,1,Android
525,178,2025-12-30 12:26:00,2025-12-30 12:45:56.589676,19.94,9,Android
526,178,2025-12-31 22:53:00,2025-12-31 23:05:04.904626,12.08,6,Android
527,178,2026-02-19 08:24:00,2026-02-19 08:37:11.571610,13.19,6,Android
528,178,2025-12-05 11:14:00,2025-12-05 11:15:00.073623,1.0,0,Android
529,179,2024-11-08 15:13:00,2024-11-08 15:26:01.326886,13.02,6,Android
530,180,2025-04-01 21:17:00,2025-04-01 21:23:57.547219,6.96,3,Android
531,180,2025-02-27 12:28:00,2025-02-27 12:40:14.263783,12.24,6,Android
532,180,2025-04-29 11:11:00,2025-04-29 11:23:33.668201,12.56,6,Android
533,180,2025-01-15 16:23:00,2025-01-15 16:37:33.009731,14.55,7,Android
534,180,2025-04-01 12:57:00,2025-04-01 13:00:14.562593,3.24,1,Android
535,181,2025-07-06 08:48:00,2025-07-06 09:04:41.928806,16.7,8,Android
536,181,2025-04-19 19:43:00,2025-04-19 19:56:57.808525,13.96,6,Android
537,182,2024-03-03 17:29:00,2024-03-03 17:46:12.550359,17.21,8,Web
538,182,2024-05-10 14:54:00,2024-05-10 15:11:46.122352,17.77,8,Web
539,183,2025-04-06 16:51:00,2025-04-06 17:28:49.441240,37.82,18,iOS
540,183,2025-04-04 15:00:00,2025-04-04 15:20:12.756957,20.21,10,iOS
541,184,2024-11-29 21:44:00,2024-11-29 21:50:30.242143,6.5,3,iOS
542,184,2024-11-20 18:30:00,2024-11-20 18:31:19.799840,1.33,0,iOS
543,184,2024-11-12 02:57:00,2024-11-12 03:02:08.979022,5.15,2,iOS
544,185,2026-03-12 15:22:00,2026-03-12 15:26:36.961050,4.62,2,iOS
545,185,2026-01-14 07:35:00,2026-01-14 07:48:32.228817,13.54,6,iOS
546,185,2025-12-11 13:05:00,2025-12-11 13:19:41.757113,14.7,7,iOS
547,186,2024-08-19 11:26:00,2024-08-19 11:43:37.791762,17.63,8,iOS
548,186,2024-05-07 18:32:00,2024-05-07 18:48:36.884885,16.61,8,iOS
549,186,2024-08-14 11:42:00,2024-08-14 11:43:03.148547,1.05,0,iOS
550,186,2024-07-30 06:33:00,2024-07-30 06:34:22.312838,1.37,0,iOS
551,186,2024-05-30 18:07:00,2024-05-30 18:21:09.395075,14.16,7,iOS
552,187,2024-11-26 12:41:00,2024-11-26 12:47:22.771081,6.38,3,iOS
553,187,2024-11-25 21:49:00,2024-11-25 22:06:55.346120,17.92,8,iOS
554,188,2024-09-27 02:03:00,2024-09-27 02:07:41.652377,4.69,2,Web
555,188,2024-11-22 23:06:00,2024-11-22 23:19:00.460416,13.01,6,Web
556,188,2024-11-02 22:27:00,2024-11-02 22:35:13.396728,8.22,4,Web
557,188,2024-09-20 18:33:00,2024-09-20 18:39:20.124462,6.34,3,Web
558,188,2024-11-22 01:59:00,2024-11-22 02:15:00.112485,16.0,8,Web
559,189,2024-05-30 07:08:00,2024-05-30 07:40:56.547263,32.94,16,iOS
560,190,2025-10-05 16:34:00,2025-10-05 16:55:08.392181,21.14,10,Android
561,190,2025-08-26 17:47:00,2025-08-26 17:56:43.171143,9.72,4,Android
562,190,2025-07-03 14:42:00,2025-07-03 15:20:34.201249,38.57,19,Android
563,191,2025-04-19 09:53:00,2025-04-19 10:04:17.941548,11.3,5,Web
564,191,2025-03-05 02:15:00,2025-03-05 02:34:13.624562,19.23,9,Web
565,191,2025-02-12 10:32:00,2025-02-12 10:34:59.685801,2.99,1,Web
566,191,2025-02-17 02:31:00,2025-02-17 02:38:19.365049,7.32,3,Web
567,191,2025-01-21 08:24:00,2025-01-21 08:25:27.597319,1.46,0,Web
568,191,2025-01-04 01:54:00,2025-01-04 01:55:12.877918,1.21,0,Web
569,192,2025-11-18 09:24:00,2025-11-18 09:29:02.106574,5.04,2,Android
570,192,2025-12-29 03:29:00,2025-12-29 03:45:20.503096,16.34,8,Android
571,192,2026-01-24 17:25:00,2026-01-24 17:28:57.435851,3.96,1,Android
572,192,2025-12-10 13:01:00,2025-12-10 13:14:20.387316,13.34,6,Android
573,192,2026-01-22 03:40:00,2026-01-22 03:46:00.664267,6.01,3,Android
574,193,2024-08-05 05:55:00,2024-08-05 06:01:17.183521,6.29,3,Android
575,193,2024-06-11 02:51:00,2024-06-11 02:53:26.025369,2.43,1,Android
576,193,2024-08-15 01:12:00,2024-08-15 01:29:36.588605,17.61,8,Android
577,193,2024-08-22 16:18:00,2024-08-22 16:37:33.295409,19.55,9,Android
578,193,2024-08-27 03:29:00,2024-08-27 03:33:21.105001,4.35,2,Android
579,193,2024-08-14 21:55:00,2024-08-14 21:59:56.021736,4.93,2,Android
580,193,2024-07-16 08:59:00,2024-07-16 09:03:12.169429,4.2,2,Android
581,194,2025-08-08 04:21:00,2025-08-08 04:30:24.026137,9.4,4,iOS
582,194,2025-09-05 16:47:00,2025-09-05 16:50:59.473078,3.99,1,iOS
583,195,2025-11-16 20:30:00,2025-11-16 20:45:27.141835,15.45,7,iOS
584,195,2025-10-01 05:44:00,2025-10-01 06:03:08.394115,19.14,9,iOS
585,195,2025-12-08 22:54:00,2025-12-08 23:13:07.855151,19.13,9,iOS
586,196,2025-10-05 07:42:00,2025-10-05 07:55:27.684082,13.46,6,Android
587,196,2025-08-11 17:07:00,2025-08-11 17:43:46.336232,36.77,18,Android
588,196,2025-07-28 17:05:00,2025-07-28 17:27:47.426310,22.79,11,Android
589,197,2024-02-16 21:00:00,2024-02-16 21:04:12.231079,4.2,2,Android
590,197,2024-02-24 05:27:00,2024-02-24 05:36:09.681794,9.16,4,Android
591,198,2024-08-17 12:44:00,2024-08-17 13:01:36.244995,17.6,8,Android
592,198,2024-11-10 16:14:00,2024-11-10 16:21:16.131266,7.27,3,Android
593,198,2024-08-29 11:40:00,2024-08-29 11:54:22.323442,14.37,7,Android
594,199,2025-04-15 17:00:00,2025-04-15 17:03:26.046405,3.43,1,iOS
595,199,2025-03-18 14:13:00,2025-03-18 14:27:29.912243,14.5,7,iOS
596,199,2025-05-03 03:51:00,2025-05-03 03:59:56.654305,8.94,4,iOS
597,199,2025-02-27 06:16:00,2025-02-27 06:19:08.544348,3.14,1,iOS
598,200,2026-02-10 01:27:00,2026-02-10 01:49:41.391379,22.69,11,Android
599,200,2026-03-08 00:59:00,2026-03-08 01:19:01.574720,20.03,10,Android
600,200,2026-01-31 13:48:00,2026-01-31 14:24:33.914198,36.57,18,Android
601,200,2026-01-06 11:18:00,2026-01-06 11:56:29.551344,38.49,19,Android
602,201,2025-02-11 05:39:00,2025-02-11 05:44:50.013247,5.83,2,Android
603,201,2024-11-19 05:16:00,2024-11-19 05:33:08.355098,17.14,8,Android
604,202,2025-07-10 23:38:00,2025-07-10 23:49:53.802682,11.9,5,Android
605,202,2025-08-11 21:01:00,2025-08-11 21:06:31.186536,5.52,2,Android
606,202,2025-08-05 07:20:00,2025-08-05 07:30:48.427370,10.81,5,Android
607,203,2024-12-30 07:02:00,2024-12-30 07:19:40.056083,17.67,8,iOS
608,204,2024-12-21 19:41:00,2024-12-21 19:43:08.058002,2.13,1,Web
609,204,2024-12-30 17:35:00,2024-12-30 17:38:10.914359,3.18,1,Web
610,204,2024-11-19 17:07:00,2024-11-19 17:17:59.875028,11.0,5,Web
611,205,2024-05-07 20:15:00,2024-05-07 20:21:41.087532,6.68,3,Android
612,205,2024-02-02 09:41:00,2024-02-02 09:53:32.441039,12.54,6,Android
613,205,2024-01-14 10:40:00,2024-01-14 10:56:43.146374,16.72,8,Android
614,205,2024-03-28 12:18:00,2024-03-28 12:36:13.473807,18.22,9,Android
615,206,2025-04-28 20:17:00,2025-04-28 20:28:42.331436,11.71,5,Web
616,206,2025-03-18 23:24:00,2025-03-18 23:33:11.773220,9.2,4,Web
617,207,2025-12-16 11:05:00,2025-12-16 11:42:36.451669,37.61,18,Android
618,208,2026-02-14 07:08:00,2026-02-14 07:13:18.733090,5.31,2,Android
619,208,2026-02-13 17:39:00,2026-02-13 17:47:00.127102,8.0,4,Android
620,208,2026-01-23 10:26:00,2026-01-23 10:37:39.325574,11.66,5,Android
621,209,2026-01-21 15:33:00,2026-01-21 15:56:51.929917,23.87,11,Android
622,209,2026-03-01 17:04:00,2026-03-01 17:21:13.685018,17.23,8,Android
623,210,2025-08-27 11:19:00,2025-08-27 11:32:01.024087,13.02,6,iOS
624,211,2024-11-13 10:31:00,2024-11-13 10:43:43.275708,12.72,6,iOS
625,211,2024-09-16 10:29:00,2024-09-16 10:40:55.560027,11.93,5,iOS
626,211,2024-10-25 20:01:00,2024-10-25 20:08:30.410899,7.51,3,iOS
627,212,2025-09-20 20:09:00,2025-09-20 20:10:47.372745,1.79,0,Web
628,212,2025-11-19 04:06:00,2025-11-19 04:19:31.682331,13.53,6,Web
629,212,2025-09-22 06:56:00,2025-09-22 07:03:42.084290,7.7,3,Web
630,212,2025-10-13 10:26:00,2025-10-13 10:29:03.969926,3.07,1,Web
631,213,2025-04-05 00:10:00,2025-04-05 00:20:08.862635,10.15,5,iOS
632,213,2025-04-04 19:53:00,2025-04-04 20:12:29.422304,19.49,9,iOS
633,213,2025-05-10 21:29:00,2025-05-10 21:45:40.794335,16.68,8,iOS
634,213,2025-04-02 18:34:00,2025-04-02 18:44:24.896447,10.41,5,iOS
635,214,2024-12-18 19:13:00,2024-12-18 19:23:26.465715,10.44,5,Android
636,214,2025-02-23 07:46:00,2025-02-23 07:49:55.877220,3.93,1,Android
637,214,2024-12-18 23:09:00,2024-12-18 23:13:10.141636,4.17,2,Android
638,215,2025-10-25 20:31:00,2025-10-25 20:47:52.685223,16.88,8,iOS
639,215,2025-09-06 10:52:00,2025-09-06 10:53:03.650252,1.06,0,iOS
640,216,2025-08-24 23:35:00,2025-08-24 23:44:00.560813,9.01,4,Android
641,216,2025-08-17 06:50:00,2025-08-17 07:32:05.745962,42.1,21,Android
642,216,2025-07-06 04:53:00,2025-07-06 05:35:43.136811,42.72,21,Android
643,216,2025-06-10 17:13:00,2025-06-10 17:26:22.874782,13.38,6,Android
644,217,2025-07-27 09:54:00,2025-07-27 10:02:15.804311,8.26,4,Android
645,217,2025-07-23 07:30:00,2025-07-23 07:43:41.175873,13.69,6,Android
646,217,2025-04-15 05:45:00,2025-04-15 05:50:34.550010,5.58,2,Android
647,218,2025-11-13 05:19:00,2025-11-13 05:41:03.184165,22.05,11,Android
648,218,2026-02-18 16:48:00,2026-02-18 17:29:36.399488,41.61,20,Android
649,218,2026-02-01 09:49:00,2026-02-01 09:59:26.882330,10.45,5,Android
650,218,2026-02-24 15:47:00,2026-02-24 15:56:31.724496,9.53,4,Android
651,219,2024-09-18 01:32:00,2024-09-18 01:40:33.706477,8.56,4,Android
652,219,2024-08-17 22:05:00,2024-08-17 22:23:50.530660,18.84,9,Android
653,219,2024-09-03 19:32:00,2024-09-03 19:37:26.551932,5.44,2,Android
654,219,2024-06-06 23:37:00,2024-06-06 23:44:36.035662,7.6,3,Android
655,219,2024-08-25 20:22:00,2024-08-25 20:40:12.942385,18.22,9,Android
656,219,2024-06-30 07:28:00,2024-06-30 07:34:01.977609,6.03,3,Android
657,220,2024-12-18 12:35:00,2024-12-18 12:54:04.622824,19.08,9,iOS
658,220,2024-11-22 01:42:00,2024-11-22 01:55:38.128799,13.64,6,iOS
659,220,2024-11-11 23:49:00,2024-11-12 00:06:41.596349,17.69,8,iOS
660,221,2024-08-30 09:05:00,2024-08-30 09:19:05.537225,14.09,7,Android
661,221,2024-09-01 23:12:00,2024-09-01 23:23:24.030777,11.4,5,Android
662,222,2024-08-20 08:29:00,2024-08-20 08:46:55.312690,17.92,8,Android
663,223,2025-11-21 18:22:00,2025-11-21 18:31:48.435157,9.81,4,iOS
664,223,2025-12-25 01:32:00,2025-12-25 01:51:30.281295,19.5,9,iOS
665,224,2024-10-02 17:11:00,2024-10-02 17:16:32.688890,5.54,2,iOS
666,225,2025-01-03 03:01:00,2025-01-03 03:30:37.753251,29.63,14,iOS
667,225,2025-03-13 12:09:00,2025-03-13 12:31:06.020483,22.1,11,iOS
668,225,2025-02-22 01:14:00,2025-02-22 01:27:45.836841,13.76,6,iOS
669,225,2024-12-26 22:33:00,2024-12-26 23:08:32.857874,35.55,17,iOS
670,226,2025-12-16 06:30:00,2025-12-16 06:31:33.224041,1.55,0,Android
671,226,2025-11-19 16:43:00,2025-11-19 16:44:25.556142,1.43,0,Android
672,226,2026-01-25 02:39:00,2026-01-25 02:56:33.545574,17.56,8,Android
673,226,2025-12-11 05:39:00,2025-12-11 05:43:05.512706,4.09,2,Android
674,227,2025-05-25 06:42:00,2025-05-25 06:47:02.232884,5.04,2,iOS
675,227,2025-08-05 10:47:00,2025-08-05 11:05:37.537038,18.63,9,iOS
676,227,2025-07-09 12:07:00,2025-07-09 12:12:15.916744,5.27,2,iOS
677,228,2025-11-12 23:52:00,2025-11-12 23:58:03.958404,6.07,3,Android
678,228,2025-11-25 03:30:00,2025-11-25 03:39:57.284082,9.95,4,Android
679,228,2025-09-10 12:09:00,2025-09-10 12:22:58.388521,13.97,6,Android
680,228,2025-10-12 23:05:00,2025-10-12 23:06:54.359137,1.91,0,Android
681,229,2025-12-23 19:27:00,2025-12-23 19:46:47.218991,19.79,9,Android
682,230,2025-12-14 19:25:00,2025-12-14 19:27:31.881644,2.53,1,Android
683,231,2025-06-17 17:53:00,2025-06-17 18:25:19.705254,32.33,16,iOS
684,232,2024-04-17 10:00:00,2024-04-17 10:15:38.175606,15.64,7,Web
685,232,2024-04-10 04:58:00,2024-04-10 05:16:34.456233,18.57,9,Web
686,232,2024-06-14 12:08:00,2024-06-14 12:15:40.729983,7.68,3,Web
687,233,2024-10-08 06:21:00,2024-10-08 06:30:48.113188,9.8,4,Web
688,233,2024-08-25 23:25:00,2024-08-25 23:56:14.191381,31.24,15,Web
689,234,2025-10-30 12:29:00,2025-10-30 12:42:34.493830,13.57,6,iOS
690,235,2025-08-22 05:40:00,2025-08-22 05:51:52.122580,11.87,5,Android
691,235,2025-07-10 10:17:00,2025-07-10 10:26:20.855356,9.35,4,Android
692,235,2025-09-28 04:54:00,2025-09-28 05:00:52.150297,6.87,3,Android
693,236,2024-12-02 11:13:00,2024-12-02 11:28:45.997452,15.77,7,Android
694,236,2024-11-23 10:03:00,2024-11-23 10:46:23.375570,43.39,21,Android
695,236,2024-12-17 21:22:00,2024-12-17 21:53:01.133785,31.02,15,Android
696,236,2024-10-22 20:30:00,2024-10-22 21:08:14.386645,38.24,19,Android
697,236,2024-10-15 11:57:00,2024-10-15 12:35:56.808633,38.95,19,Android
698,236,2024-11-15 05:02:00,2024-11-15 05:12:02.040963,10.03,5,Android
699,237,2026-04-05 08:54:00,2026-04-05 09:09:15.984877,15.27,7,Android
700,237,2026-04-04 21:11:00,2026-04-04 21:36:47.085626,25.78,12,Android
701,238,2025-05-23 00:04:00,2025-05-23 00:22:16.397075,18.27,9,Android
702,238,2025-03-17 04:41:00,2025-03-17 04:53:07.260533,12.12,6,Android
703,238,2025-04-03 22:36:00,2025-04-03 22:46:16.449582,10.27,5,Android
704,238,2025-05-30 19:38:00,2025-05-30 19:43:57.247702,5.95,2,Android
705,239,2024-08-19 12:16:00,2024-08-19 12:29:52.358189,13.87,6,iOS
706,239,2024-11-20 22:20:00,2024-11-20 22:35:10.847490,15.18,7,iOS
707,239,2024-08-29 09:29:00,2024-08-29 09:46:20.909322,17.35,8,iOS
708,239,2024-08-16 18:32:00,2024-08-16 18:38:32.125046,6.54,3,iOS
709,240,2025-05-10 14:53:00,2025-05-10 15:12:15.180309,19.25,9,Android
710,240,2025-05-11 01:52:00,2025-05-11 02:04:13.839450,12.23,6,Android
711,240,2025-04-27 02:59:00,2025-04-27 03:14:58.976569,15.98,7,Android
712,241,2025-12-28 10:49:00,2025-12-28 10:54:35.429264,5.59,2,Android
713,241,2026-01-30 04:36:00,2026-01-30 04:52:03.249462,16.05,8,Android
714,241,2025-11-20 22:53:00,2025-11-20 23:10:06.364314,17.11,8,Android
715,242,2025-05-19 11:54:00,2025-05-19 12:03:20.348452,9.34,4,Android
716,242,2025-04-08 03:49:00,2025-04-08 03:55:43.553792,6.73,3,Android
717,242,2025-05-18 05:50:00,2025-05-18 05:54:57.447477,4.96,2,Android
718,242,2025-02-12 18:40:00,2025-02-12 18:56:50.224125,16.84,8,Android
719,243,2025-08-11 17:32:00,2025-08-11 17:33:48.548332,1.81,0,Web
720,243,2025-08-15 07:03:00,2025-08-15 07:20:01.391305,17.02,8,Web
721,243,2025-08-18 14:00:00,2025-08-18 14:04:14.326342,4.24,2,Web
722,243,2025-06-07 04:08:00,2025-06-07 04:25:17.361693,17.29,8,Web
723,243,2025-09-04 07:26:00,2025-09-04 07:34:45.971868,8.77,4,Web
724,243,2025-08-20 00:59:00,2025-08-20 01:05:31.037512,6.52,3,Web
725,243,2025-05-28 11:05:00,2025-05-28 11:24:01.859287,19.03,9,Web
726,243,2025-07-16 20:46:00,2025-07-16 20:58:12.989517,12.22,6,Web
727,243,2025-08-28 03:15:00,2025-08-28 03:33:56.630275,18.94,9,Web
728,244,2024-07-16 20:53:00,2024-07-16 21:10:43.596126,17.73,8,Android
729,244,2024-08-11 04:48:00,2024-08-11 04:57:56.543529,9.94,4,Android
730,245,2024-05-17 22:21:00,2024-05-17 22:32:19.187383,11.32,5,iOS
731,245,2024-04-13 23:18:00,2024-04-13 23:34:36.712557,16.61,8,iOS
732,245,2024-04-17 07:10:00,2024-04-17 07:27:35.649486,17.59,8,iOS
733,246,2025-03-12 06:42:00,2025-03-12 07:13:39.768732,31.66,15,Web
734,247,2025-03-13 17:44:00,2025-03-13 17:48:55.571547,4.93,2,Android
735,247,2025-04-06 07:23:00,2025-04-06 07:37:50.043360,14.83,7,Android
736,247,2025-06-16 10:59:00,2025-06-16 11:10:16.011035,11.27,5,Android
737,248,2024-09-26 22:09:00,2024-09-26 22:28:23.343436,19.39,9,iOS
738,248,2024-10-23 13:13:00,2024-10-23 13:24:14.541724,11.24,5,iOS
739,248,2024-10-19 01:45:00,2024-10-19 02:00:45.275054,15.75,7,iOS
740,248,2024-10-29 05:22:00,2024-10-29 05:27:52.974717,5.88,2,iOS
741,248,2024-10-17 17:40:00,2024-10-17 17:41:08.672407,1.14,0,iOS
742,249,2025-02-05 02:16:00,2025-02-05 02:17:18.861892,1.31,0,Android
743,249,2024-12-08 10:17:00,2024-12-08 10:27:14.614605,10.24,5,Android
744,249,2024-12-04 21:44:00,2024-12-04 21:52:43.835430,8.73,4,Android
745,250,2026-01-18 21:09:00,2026-01-18 21:26:30.344476,17.51,8,Android
746,250,2025-12-19 17:26:00,2025-12-19 17:45:59.780576,20.0,9,Android
747,250,2026-02-02 17:05:00,2026-02-02 17:23:34.355495,18.57,9,Android
748,250,2026-02-09 16:28:00,2026-02-09 16:30:51.447554,2.86,1,Android
749,250,2026-03-05 21:20:00,2026-03-05 21:37:41.218974,17.69,8,Android
750,250,2026-01-16 11:13:00,2026-01-16 11:16:37.423950,3.62,1,Android
751,250,2026-01-31 22:16:00,2026-01-31 22:34:44.857411,18.75,9,Android
752,250,2025-12-09 01:35:00,2025-12-09 01:43:09.033538,8.15,4,Android
753,251,2024-10-10 16:35:00,2024-10-10 16:37:02.145898,2.04,1,Android
754,251,2024-09-04 01:10:00,2024-09-04 01:17:41.260312,7.69,3,Android
755,252,2024-08-12 23:37:00,2024-08-12 23:40:31.616953,3.53,1,Android
756,252,2024-08-06 14:30:00,2024-08-06 14:46:09.106483,16.15,8,Android
757,252,2024-06-04 08:59:00,2024-06-04 09:11:03.044619,12.05,6,Android
758,252,2024-07-15 21:43:00,2024-07-15 21:53:09.185472,10.15,5,Android
759,252,2024-06-14 15:41:00,2024-06-14 15:44:25.422160,3.42,1,Android
760,252,2024-05-15 14:44:00,2024-05-15 15:02:29.018278,18.48,9,Android
761,253,2025-10-05 08:21:00,2025-10-05 08:27:18.592784,6.31,3,iOS
762,253,2025-09-04 00:29:00,2025-09-04 00:37:42.444869,8.71,4,iOS
763,253,2025-11-13 18:44:00,2025-11-13 18:55:04.715590,11.08,5,iOS
764,253,2025-08-15 06:21:00,2025-08-15 06:36:19.485792,15.32,7,iOS
765,254,2025-03-30 15:23:00,2025-03-30 15:27:28.109965,4.47,2,Web
766,254,2025-01-04 16:16:00,2025-01-04 16:25:02.193759,9.04,4,Web
767,255,2025-01-04 15:09:00,2025-01-04 15:27:37.921999,18.63,9,iOS
768,255,2024-10-10 17:49:00,2024-10-10 17:51:40.424276,2.67,1,iOS
769,255,2024-12-13 09:43:00,2024-12-13 09:52:17.892756,9.3,4,iOS
770,255,2024-12-30 00:44:00,2024-12-30 00:54:21.851535,10.36,5,iOS
771,255,2024-11-18 08:25:00,2024-11-18 08:35:23.314517,10.39,5,iOS
772,255,2024-12-20 04:03:00,2024-12-20 04:16:16.867246,13.28,6,iOS
773,255,2024-11-10 18:31:00,2024-11-10 18:44:57.349802,13.96,6,iOS
774,256,2024-07-06 20:25:00,2024-07-06 20:27:54.155977,2.9,1,Web
775,256,2024-10-04 22:19:00,2024-10-04 22:28:32.108936,9.54,4,Web
776,257,2024-07-24 22:01:00,2024-07-24 22:06:04.238640,5.07,2,iOS
777,257,2024-05-12 01:59:00,2024-05-12 02:04:40.047367,5.67,2,iOS
778,257,2024-06-04 02:50:00,2024-06-04 02:53:27.452681,3.46,1,iOS
779,258,2024-04-10 14:30:00,2024-04-10 15:07:42.847713,37.71,18,Android
780,258,2024-02-26 20:53:00,2024-02-26 21:37:01.947202,44.03,22,Android
781,258,2024-03-11 06:08:00,2024-03-11 06:27:47.356505,19.79,9,Android
782,258,2024-04-28 22:07:00,2024-04-28 22:51:36.860266,44.61,22,Android
783,258,2024-02-07 04:44:00,2024-02-07 04:59:20.768622,15.35,7,Android
784,259,2025-07-15 07:13:00,2025-07-15 07:17:09.218911,4.15,2,Web
785,259,2025-04-27 10:10:00,2025-04-27 10:17:29.006354,7.48,3,Web
786,260,2026-04-04 15:58:00,2026-04-04 16:03:02.234333,5.04,2,Android
787,260,2026-03-25 22:54:00,2026-03-25 23:00:46.515895,6.78,3,Android
788,261,2025-11-15 01:55:00,2025-11-15 02:09:54.960623,14.92,7,iOS
789,261,2025-12-05 18:20:00,2025-12-05 18:28:48.018327,8.8,4,iOS
790,262,2024-09-13 02:53:00,2024-09-13 03:04:42.056189,11.7,5,Android
791,262,2024-06-22 12:08:00,2024-06-22 12:17:27.982741,9.47,4,Android
792,262,2024-10-04 07:49:00,2024-10-04 07:59:38.503607,10.64,5,Android
793,262,2024-06-28 17:12:00,2024-06-28 17:28:52.630188,16.88,8,Android
794,262,2024-08-09 04:46:00,2024-08-09 05:00:27.395460,14.46,7,Android
795,263,2024-12-21 12:50:00,2024-12-21 12:58:21.583488,8.36,4,Android
796,264,2026-01-08 19:14:00,2026-01-08 19:19:00.306994,5.01,2,iOS
797,265,2025-12-23 19:07:00,2025-12-23 19:12:30.370357,5.51,2,Android
798,265,2025-11-01 12:10:00,2025-11-01 12:18:57.445429,8.96,4,Android
799,266,2025-08-18 00:43:00,2025-08-18 01:12:42.103298,29.7,14,Android
800,267,2024-12-05 12:15:00,2024-12-05 12:23:01.103356,8.02,4,Android
801,267,2024-12-19 20:04:00,2024-12-19 20:16:31.151494,12.52,6,Android
802,268,2024-05-08 05:46:00,2024-05-08 05:49:53.833358,3.9,1,Android
803,269,2025-10-05 20:32:00,2025-10-05 20:46:49.250719,14.82,7,Android
804,269,2025-09-21 08:42:00,2025-09-21 08:50:40.535433,8.68,4,Android
805,269,2025-07-06 08:39:00,2025-07-06 08:48:58.070439,9.97,4,Android
806,270,2024-11-14 07:07:00,2024-11-14 07:14:27.169173,7.45,3,iOS
807,270,2025-02-28 22:18:00,2025-02-28 22:23:32.402128,5.54,2,iOS
808,271,2024-05-25 13:24:00,2024-05-25 13:33:17.984890,9.3,4,Android
809,271,2024-06-15 20:52:00,2024-06-15 21:07:48.289446,15.8,7,Android
810,271,2024-03-29 23:46:00,2024-03-29 23:54:40.457789,8.67,4,Android
811,271,2024-05-21 04:17:00,2024-05-21 04:22:37.953945,5.63,2,Android
812,272,2024-07-06 22:50:00,2024-07-06 23:14:08.071616,24.13,12,iOS
813,272,2024-08-04 21:19:00,2024-08-04 21:40:31.821099,21.53,10,iOS
814,272,2024-05-24 21:29:00,2024-05-24 21:58:32.408593,29.54,14,iOS
815,272,2024-07-13 16:04:00,2024-07-13 16:18:24.736928,14.41,7,iOS
816,272,2024-04-15 04:59:00,2024-04-15 05:08:36.547372,9.61,4,iOS
817,273,2025-04-17 10:35:00,2025-04-17 10:48:31.083325,13.52,6,Web
818,274,2024-10-29 03:37:00,2024-10-29 03:38:08.815592,1.15,0,Android
819,275,2025-09-17 16:51:00,2025-09-17 17:09:01.976785,18.03,9,iOS
820,275,2025-11-12 20:19:00,2025-11-12 20:30:13.483770,11.22,5,iOS
821,275,2025-11-07 17:43:00,2025-11-07 17:50:48.763973,7.81,3,iOS
822,275,2025-09-18 08:57:00,2025-09-18 09:06:21.856194,9.36,4,iOS
823,276,2025-08-19 13:35:00,2025-08-19 14:07:04.985735,32.08,16,iOS
824,276,2025-06-14 15:43:00,2025-06-14 16:24:21.424233,41.36,20,iOS
825,277,2024-05-01 07:03:00,2024-05-01 07:40:47.731750,37.8,18,Android
826,278,2025-06-13 12:43:00,2025-06-13 12:53:21.223859,10.35,5,iOS
827,279,2025-04-08 11:18:00,2025-04-08 11:25:04.203388,7.07,3,Android
828,280,2025-04-05 08:04:00,2025-04-05 08:10:59.529562,6.99,3,Web
829,281,2025-11-19 01:23:00,2025-11-19 01:27:59.849018,5.0,2,iOS
830,281,2026-01-06 01:33:00,2026-01-06 01:50:45.183416,17.75,8,iOS
831,282,2025-03-10 21:10:00,2025-03-10 21:25:09.334170,15.16,7,Android
832,282,2025-01-18 17:55:00,2025-01-18 18:03:49.964744,8.83,4,Android
833,282,2025-03-03 00:07:00,2025-03-03 00:13:47.729355,6.8,3,Android
834,283,2025-12-10 23:34:00,2025-12-10 23:41:05.225975,7.09,3,Android
835,283,2025-12-11 05:25:00,2025-12-11 05:26:45.664756,1.76,0,Android
836,284,2024-11-10 15:10:00,2024-11-10 15:16:18.983382,6.32,3,Web
837,284,2024-12-01 20:50:00,2024-12-01 21:09:03.055983,19.05,9,Web
838,284,2025-01-29 02:23:00,2025-01-29 02:32:27.091504,9.45,4,Web
839,284,2024-10-20 06:04:00,2024-10-20 06:11:34.429228,7.57,3,Web
840,285,2025-06-30 01:40:00,2025-06-30 01:45:46.184489,5.77,2,Web
841,286,2025-12-11 13:06:00,2025-12-11 13:39:06.962190,33.12,16,iOS
842,286,2026-02-06 07:40:00,2026-02-06 07:49:49.686746,9.83,4,iOS
843,286,2026-02-11 00:30:00,2026-02-11 01:06:13.178519,36.22,18,iOS
844,286,2026-03-04 01:38:00,2026-03-04 02:21:36.079619,43.6,21,iOS
845,287,2025-10-17 03:51:00,2025-10-17 04:10:44.950590,19.75,9,Android
846,287,2025-10-09 08:49:00,2025-10-09 08:56:13.726260,7.23,3,Android
847,287,2025-10-19 06:29:00,2025-10-19 06:43:49.475314,14.82,7,Android
848,288,2025-05-21 04:41:00,2025-05-21 04:47:15.415476,6.26,3,Android
849,289,2025-10-13 03:20:00,2025-10-13 03:39:02.015498,19.03,9,Android
850,289,2025-11-21 15:18:00,2025-11-21 15:34:36.660796,16.61,8,Android
851,289,2025-12-18 21:29:00,2025-12-18 21:43:22.710745,14.38,7,Android
852,290,2024-08-25 23:35:00,2024-08-25 23:37:58.419970,2.97,1,Android
853,290,2024-08-30 05:02:00,2024-08-30 05:10:12.803954,8.21,4,Android
854,290,2024-07-17 17:06:00,2024-07-17 17:16:26.276020,10.44,5,Android
855,290,2024-09-15 15:22:00,2024-09-15 15:28:58.269813,6.97,3,Android
856,291,2024-06-14 11:11:00,2024-06-14 11:28:40.861399,17.68,8,Web
857,291,2024-07-06 04:08:00,2024-07-06 04:11:42.842375,3.71,1,Web
858,291,2024-09-10 00:12:00,2024-09-10 00:13:17.836883,1.3,0,Web
859,291,2024-09-28 18:46:00,2024-09-28 19:01:13.908195,15.23,7,Web
860,292,2024-12-27 20:33:00,2024-12-27 20:41:53.930247,8.9,4,Web
861,292,2024-12-20 23:19:00,2024-12-20 23:20:31.959266,1.53,0,Web
862,293,2024-06-25 23:03:00,2024-06-25 23:47:12.036299,44.2,22,iOS
863,293,2024-05-31 22:02:00,2024-05-31 22:25:20.615670,23.34,11,iOS
864,293,2024-03-31 03:45:00,2024-03-31 04:23:00.549020,38.01,19,iOS
865,293,2024-03-27 09:59:00,2024-03-27 10:17:42.968593,18.72,9,iOS
866,294,2025-10-25 03:14:00,2025-10-25 03:17:31.831791,3.53,1,Android
867,294,2025-11-01 14:39:00,2025-11-01 14:53:14.835824,14.25,7,Android
868,294,2025-10-31 11:23:00,2025-10-31 11:40:19.370367,17.32,8,Android
869,294,2025-08-04 23:03:00,2025-08-04 23:18:23.365386,15.39,7,Android
870,295,2026-03-12 03:03:00,2026-03-12 03:09:55.932277,6.93,3,iOS
871,295,2026-03-12 13:27:00,2026-03-12 13:33:57.630216,6.96,3,iOS
872,295,2026-03-31 18:10:00,2026-03-31 18:29:52.973967,19.88,9,iOS
873,296,2024-08-09 16:49:00,2024-08-09 17:02:59.174181,13.99,6,Web
874,296,2024-08-05 20:57:00,2024-08-05 20:58:03.850794,1.06,0,Web
875,297,2024-11-27 01:47:00,2024-11-27 02:04:40.192522,17.67,8,Android
876,297,2024-11-01 06:55:00,2024-11-01 07:11:22.853081,16.38,8,Android
877,297,2025-01-25 02:01:00,2025-01-25 02:05:22.090752,4.37,2,Android
878,297,2025-02-01 12:42:00,2025-02-01 12:52:24.084244,10.4,5,Android
879,298,2025-09-09 20:18:00,2025-09-09 20:36:34.085017,18.57,9,Android
880,298,2025-08-15 05:40:00,2025-08-15 05:43:47.465664,3.79,1,Android
881,298,2025-10-30 23:19:00,2025-10-30 23:37:54.306091,18.91,9,Android
882,299,2024-10-12 06:10:00,2024-10-12 06:25:44.276220,15.74,7,Android
883,299,2024-11-01 17:56:00,2024-11-01 17:58:46.516509,2.78,1,Android
884,299,2024-08-01 07:14:00,2024-08-01 07:33:26.578305,19.44,9,Android
885,300,2025-09-29 04:50:00,2025-09-29 04:57:23.079319,7.38,3,iOS
886,300,2025-07-26 08:45:00,2025-07-26 08:56:58.854328,11.98,5,iOS
887,300,2025-06-19 10:19:00,2025-06-19 10:36:22.345206,17.37,8,iOS
888,301,2024-03-20 17:52:00,2024-03-20 18:03:15.374474,11.26,5,Android
889,302,2026-02-21 00:44:00,2026-02-21 00:51:11.989017,7.2,3,Android
890,302,2026-02-04 23:44:00,2026-02-05 00:00:32.268206,16.54,8,Android
891,302,2026-04-19 18:49:00,2026-04-19 18:58:02.214271,9.04,4,Android
892,303,2025-05-23 21:45:00,2025-05-23 21:51:31.694812,6.53,3,iOS
893,303,2025-05-25 05:28:00,2025-05-25 05:40:33.522282,12.56,6,iOS
894,303,2025-04-03 19:00:00,2025-04-03 19:02:47.322490,2.79,1,iOS
895,303,2025-05-15 05:27:00,2025-05-15 05:42:22.194125,15.37,7,iOS
896,304,2026-02-26 10:21:00,2026-02-26 10:33:11.992555,12.2,6,Android
897,304,2026-03-18 09:53:00,2026-03-18 10:03:00.420016,10.01,5,Android
898,305,2025-10-15 12:23:00,2025-10-15 12:25:11.385411,2.19,1,Android
899,305,2025-12-02 13:03:00,2025-12-02 13:17:24.749853,14.41,7,Android
900,305,2025-09-25 04:21:00,2025-09-25 04:32:30.604836,11.51,5,Android
901,305,2025-10-26 17:24:00,2025-10-26 17:38:43.961204,14.73,7,Android
902,305,2025-10-08 09:18:00,2025-10-08 09:34:12.767020,16.21,8,Android
903,306,2025-05-25 08:10:00,2025-05-25 08:23:55.969429,13.93,6,Android
904,307,2024-12-17 01:41:00,2024-12-17 01:59:19.631658,18.33,9,Android
905,307,2025-02-10 08:17:00,2025-02-10 08:18:10.849860,1.18,0,Android
906,307,2025-01-03 07:28:00,2025-01-03 07:40:37.009094,12.62,6,Android
907,307,2025-01-16 16:49:00,2025-01-16 17:04:01.850066,15.03,7,Android
908,307,2025-03-01 08:30:00,2025-03-01 08:42:28.038102,12.47,6,Android
909,308,2025-05-19 20:10:00,2025-05-19 20:12:39.635914,2.66,1,iOS
910,308,2025-04-08 02:42:00,2025-04-08 02:45:55.118669,3.92,1,iOS
911,308,2025-01-22 12:43:00,2025-01-22 12:48:34.278488,5.57,2,iOS
912,308,2025-03-05 15:28:00,2025-03-05 15:33:27.728622,5.46,2,iOS
913,308,2025-03-11 20:26:00,2025-03-11 20:28:49.218723,2.82,1,iOS
914,308,2025-05-02 15:07:00,2025-05-02 15:12:20.248199,5.34,2,iOS
915,308,2025-01-28 07:44:00,2025-01-28 07:49:52.003177,5.87,2,iOS
916,309,2025-07-05 23:50:00,2025-07-05 23:51:01.002325,1.02,0,Android
917,309,2025-06-17 16:17:00,2025-06-17 16:24:05.044140,7.08,3,Android
918,309,2025-09-15 08:15:00,2025-09-15 08:28:40.901541,13.68,6,Android
919,310,2025-12-17 07:43:00,2025-12-17 07:50:07.564167,7.13,3,Android
920,310,2025-12-26 01:10:00,2025-12-26 01:17:44.614088,7.74,3,Android
921,310,2026-01-17 18:57:00,2026-01-17 19:06:40.739725,9.68,4,Android
922,310,2026-02-11 10:59:00,2026-02-11 11:12:06.253555,13.1,6,Android
923,311,2024-08-30 08:51:00,2024-08-30 09:06:18.338508,15.31,7,iOS
924,311,2024-08-24 17:06:00,2024-08-24 17:18:56.874688,12.95,6,iOS
925,311,2024-07-26 06:06:00,2024-07-26 06:23:28.089368,17.47,8,iOS
926,312,2025-09-29 09:12:00,2025-09-29 09:16:49.964456,4.83,2,iOS
927,312,2025-09-05 14:14:00,2025-09-05 14:20:45.654909,6.76,3,iOS
928,312,2025-11-24 19:01:00,2025-11-24 19:04:19.366237,3.32,1,iOS
929,312,2025-11-10 03:49:00,2025-11-10 03:57:37.535555,8.63,4,iOS
930,313,2025-11-17 00:12:00,2025-11-17 00:21:48.670927,9.81,4,Android
931,313,2025-08-21 20:04:00,2025-08-21 20:36:50.766944,32.85,16,Android
932,314,2025-07-09 21:02:00,2025-07-09 21:06:48.260593,4.8,2,Android
933,314,2025-09-19 21:50:00,2025-09-19 21:59:13.604880,9.23,4,Android
934,314,2025-09-03 19:31:00,2025-09-03 19:43:20.638351,12.34,6,Android
935,315,2024-04-16 13:46:00,2024-04-16 14:20:17.295606,34.29,17,Android
936,316,2025-11-01 13:04:00,2025-11-01 13:17:16.374692,13.27,6,iOS
937,317,2024-05-30 22:32:00,2024-05-30 22:41:57.827576,9.96,4,Android
938,318,2025-06-28 10:23:00,2025-06-28 10:36:43.967351,13.73,6,iOS
939,318,2025-07-20 23:17:00,2025-07-20 23:31:09.449904,14.16,7,iOS
940,318,2025-08-04 17:01:00,2025-08-04 17:04:45.262341,3.75,1,iOS
941,318,2025-08-31 11:59:00,2025-08-31 12:00:32.905371,1.55,0,iOS
942,318,2025-08-26 03:17:00,2025-08-26 03:33:59.390980,16.99,8,iOS
943,318,2025-08-21 10:44:00,2025-08-21 10:46:04.683203,2.08,1,iOS
944,318,2025-08-09 06:26:00,2025-08-09 06:36:31.285452,10.52,5,iOS
945,319,2024-09-26 09:21:00,2024-09-26 09:32:50.196691,11.84,5,iOS
946,319,2024-08-28 22:29:00,2024-08-28 22:42:36.483353,13.61,6,iOS
947,319,2024-09-07 07:26:00,2024-09-07 07:27:11.035401,1.18,0,iOS
948,319,2024-08-26 23:52:00,2024-08-26 23:54:07.595950,2.13,1,iOS
949,319,2024-08-12 19:55:00,2024-08-12 20:13:58.431377,18.97,9,iOS
950,319,2024-09-06 19:34:00,2024-09-06 19:37:53.440035,3.89,1,iOS
951,319,2024-08-03 16:10:00,2024-08-03 16:21:24.605639,11.41,5,iOS
952,320,2024-10-02 15:21:00,2024-10-02 15:57:09.409983,36.16,18,iOS
953,320,2024-09-13 20:01:00,2024-09-13 20:42:12.747049,41.21,20,iOS
954,320,2024-07-22 05:24:00,2024-07-22 05:52:45.026901,28.75,14,iOS
955,321,2025-02-10 04:29:00,2025-02-10 04:37:17.292197,8.29,4,Android
956,321,2024-11-17 10:59:00,2024-11-17 11:18:17.197527,19.29,9,Android
957,321,2024-12-27 07:56:00,2024-12-27 08:09:38.237660,13.64,6,Android
958,321,2025-01-04 18:12:00,2025-01-04 18:28:21.657325,16.36,8,Android
959,322,2025-01-17 16:16:00,2025-01-17 16:50:59.147859,34.99,17,Android
960,322,2025-01-16 04:36:00,2025-01-16 05:03:17.072945,27.28,13,Android
961,323,2024-09-13 11:17:00,2024-09-13 11:26:12.865160,9.21,4,Android
962,323,2024-07-30 00:18:00,2024-07-30 00:28:41.577783,10.69,5,Android
963,324,2024-05-02 23:15:00,2024-05-02 23:24:43.792657,9.73,4,Android
964,324,2024-05-06 14:52:00,2024-05-06 14:55:14.370259,3.24,1,Android
965,325,2025-05-04 14:37:00,2025-05-04 14:51:11.559028,14.19,7,iOS
966,326,2025-06-20 15:25:00,2025-06-20 15:26:54.109901,1.9,0,iOS
967,326,2025-09-13 09:46:00,2025-09-13 09:53:04.853125,7.08,3,iOS
968,326,2025-09-16 16:38:00,2025-09-16 16:41:40.010900,3.67,1,iOS
969,326,2025-06-23 20:04:00,2025-06-23 20:16:32.320534,12.54,6,iOS
970,326,2025-07-06 11:21:00,2025-07-06 11:29:25.874227,8.43,4,iOS
971,326,2025-09-20 17:39:00,2025-09-20 17:57:08.165911,18.14,9,iOS
972,326,2025-09-10 07:05:00,2025-09-10 07:21:37.688035,16.63,8,iOS
973,327,2025-07-23 12:09:00,2025-07-23 12:15:07.271807,6.12,3,iOS
974,327,2025-07-05 03:40:00,2025-07-05 03:48:50.187093,8.84,4,iOS
975,327,2025-07-31 11:19:00,2025-07-31 11:25:15.020862,6.25,3,iOS
976,327,2025-06-23 06:28:00,2025-06-23 06:43:22.434789,15.37,7,iOS
977,327,2025-08-20 16:38:00,2025-08-20 16:41:12.520800,3.21,1,iOS
978,328,2025-09-12 17:46:00,2025-09-12 17:48:43.017116,2.72,1,Android
979,329,2025-08-11 20:07:00,2025-08-11 20:19:27.645528,12.46,6,Android
980,329,2025-08-15 10:10:00,2025-08-15 10:25:30.523326,15.51,7,Android
981,329,2025-09-13 00:34:00,2025-09-13 00:36:57.443513,2.96,1,Android
982,329,2025-10-01 10:11:00,2025-10-01 10:26:15.425714,15.26,7,Android
983,330,2024-10-19 05:58:00,2024-10-19 06:08:30.984431,10.52,5,iOS
984,330,2024-07-29 22:52:00,2024-07-29 22:58:57.211283,6.95,3,iOS
985,330,2024-10-16 15:49:00,2024-10-16 15:56:13.622841,7.23,3,iOS
986,331,2025-01-03 14:15:00,2025-01-03 14:41:25.073975,26.42,13,iOS
987,331,2025-02-26 15:34:00,2025-02-26 15:43:04.294623,9.07,4,iOS
988,331,2025-02-11 07:24:00,2025-02-11 08:05:47.777044,41.8,20,iOS
989,331,2025-01-04 04:18:00,2025-01-04 04:43:38.213338,25.64,12,iOS
990,332,2026-04-09 18:43:00,2026-04-09 19:00:51.432704,17.86,8,iOS
991,332,2026-03-16 07:03:00,2026-03-16 07:09:22.694326,6.38,3,iOS
992,333,2024-12-18 03:15:00,2024-12-18 03:18:20.908152,3.35,1,iOS
993,333,2024-11-21 13:33:00,2024-11-21 13:46:47.830019,13.8,6,iOS
994,333,2024-10-16 12:57:00,2024-10-16 12:59:51.071600,2.85,1,iOS
995,333,2024-11-26 15:03:00,2024-11-26 15:15:53.475596,12.89,6,iOS
996,333,2024-09-10 11:48:00,2024-09-10 11:54:11.634616,6.19,3,iOS
997,334,2026-02-24 14:51:00,2026-02-24 14:55:44.701791,4.75,2,Android
998,335,2025-07-13 08:17:00,2025-07-13 08:24:43.775300,7.73,3,Android
999,335,2025-09-22 08:24:00,2025-09-22 08:28:06.257402,4.1,2,Android
1000,335,2025-06-17 21:51:00,2025-06-17 21:52:08.816608,1.15,0,Android
1001,335,2025-09-29 23:15:00,2025-09-29 23:28:28.928390,13.48,6,Android
1002,336,2024-09-25 07:56:00,2024-09-25 08:13:37.607718,17.63,8,Android
1003,336,2024-10-07 06:43:00,2024-10-07 06:56:53.173789,13.89,6,Android
1004,336,2024-11-27 19:47:00,2024-11-27 19:55:57.729137,8.96,4,Android
1005,337,2024-02-26 21:35:00,2024-02-26 21:51:27.428109,16.46,8,Android
1006,337,2024-03-05 04:41:00,2024-03-05 04:47:00.667209,6.01,3,Android
1007,337,2024-04-21 08:37:00,2024-04-21 08:45:30.650805,8.51,4,Android
1008,337,2024-05-02 03:00:00,2024-05-02 03:02:57.518050,2.96,1,Android
1009,337,2024-02-26 07:28:00,2024-02-26 07:47:54.739764,19.91,9,Android
1010,338,2024-09-02 14:13:00,2024-09-02 14:18:35.738692,5.6,2,iOS
1011,338,2024-08-14 02:18:00,2024-08-14 02:33:05.268886,15.09,7,iOS
1012,339,2025-07-20 03:14:00,2025-07-20 03:40:22.430181,26.37,13,iOS
1013,339,2025-06-25 16:00:00,2025-06-25 16:24:33.163750,24.55,12,iOS
1014,340,2025-07-27 06:12:00,2025-07-27 06:20:54.850813,8.91,4,Web
1015,340,2025-07-22 19:08:00,2025-07-22 19:16:42.209582,8.7,4,Web
1016,341,2024-04-18 18:26:00,2024-04-18 18:35:56.709537,9.95,4,iOS
1017,341,2024-02-06 16:39:00,2024-02-06 16:50:12.035118,11.2,5,iOS
1018,341,2024-05-17 05:05:00,2024-05-17 05:14:48.559571,9.81,4,iOS
1019,342,2024-12-26 13:45:00,2024-12-26 14:01:26.518172,16.44,8,Android
1020,342,2025-01-06 07:53:00,2025-01-06 08:07:15.513622,14.26,7,Android
1021,343,2025-10-21 06:29:00,2025-10-21 06:37:07.844975,8.13,4,Web
1022,344,2024-01-08 16:36:00,2024-01-08 17:07:52.556375,31.88,15,Android
1023,344,2024-02-15 00:10:00,2024-02-15 00:51:18.347996,41.31,20,Android
1024,344,2024-04-26 04:43:00,2024-04-26 05:03:35.187085,20.59,10,Android
1025,344,2024-01-24 20:45:00,2024-01-24 21:23:42.969116,38.72,19,Android
1026,344,2024-02-21 07:26:00,2024-02-21 07:37:35.587315,11.59,5,Android
1027,345,2025-07-04 02:25:00,2025-07-04 02:36:48.499135,11.81,5,Web
1028,345,2025-05-16 07:08:00,2025-05-16 07:09:42.548770,1.71,0,Web
1029,345,2025-06-28 12:05:00,2025-06-28 12:19:32.230738,14.54,7,Web
1030,345,2025-04-26 04:50:00,2025-04-26 05:05:59.178692,15.99,7,Web
1031,345,2025-04-14 06:38:00,2025-04-14 06:50:36.895225,12.61,6,Web
1032,345,2025-06-04 19:35:00,2025-06-04 19:50:46.242619,15.77,7,Web
1033,346,2024-11-02 23:53:00,2024-11-03 00:02:31.040011,9.52,4,Web
1034,347,2024-07-04 21:23:00,2024-07-04 21:47:33.179525,24.55,12,Web
1035,347,2024-07-04 10:14:00,2024-07-04 10:24:32.527354,10.54,5,Web
1036,347,2024-08-13 21:04:00,2024-08-13 21:13:17.347261,9.29,4,Web
1037,348,2025-04-16 05:07:00,2025-04-16 05:13:12.937236,6.22,3,iOS
1038,348,2025-03-06 09:54:00,2025-03-06 10:09:54.842195,15.91,7,iOS
1039,348,2025-06-10 11:25:00,2025-06-10 11:38:27.662183,13.46,6,iOS
1040,348,2025-03-25 12:48:00,2025-03-25 12:56:21.558343,8.36,4,iOS
1041,348,2025-04-19 20:10:00,2025-04-19 20:20:40.007649,10.67,5,iOS
1042,349,2024-06-22 22:22:00,2024-06-22 22:29:40.213464,7.67,3,iOS
1043,349,2024-07-19 23:28:00,2024-07-19 23:43:26.745811,15.45,7,iOS
1044,350,2024-10-29 06:43:00,2024-10-29 06:52:16.746387,9.28,4,iOS
1045,350,2024-10-31 03:38:00,2024-10-31 03:42:08.806490,4.15,2,iOS
1046,351,2025-05-05 06:01:00,2025-05-05 06:44:32.587449,43.54,21,iOS
1047,351,2025-02-03 03:34:00,2025-02-03 04:15:47.319039,41.79,20,iOS
1048,351,2025-03-09 18:12:00,2025-03-09 18:36:06.781803,24.11,12,iOS
1049,352,2025-08-07 20:55:00,2025-08-07 21:11:13.086752,16.22,8,Android
1050,352,2025-09-30 04:38:00,2025-09-30 04:43:36.407089,5.61,2,Android
1051,352,2025-08-12 07:18:00,2025-08-12 07:33:26.319211,15.44,7,Android
1052,353,2025-08-29 19:57:00,2025-08-29 20:10:43.815283,13.73,6,Web
1053,354,2025-04-11 03:27:00,2025-04-11 03:32:36.322038,5.61,2,Android
1054,354,2025-04-22 02:52:00,2025-04-22 03:11:47.205872,19.79,9,Android
1055,354,2025-07-21 07:45:00,2025-07-21 07:57:05.776465,12.1,6,Android
1056,355,2026-01-21 17:51:00,2026-01-21 18:06:51.898328,15.86,7,Android
1057,355,2026-01-13 14:07:00,2026-01-13 14:25:25.185938,18.42,9,Android
1058,355,2025-11-13 05:51:00,2025-11-13 06:20:36.206771,29.6,14,Android
1059,355,2026-01-09 02:56:00,2026-01-09 03:14:09.303161,18.16,9,Android
1060,355,2025-11-22 08:35:00,2025-11-22 08:50:23.817353,15.4,7,Android
1061,355,2025-12-20 02:44:00,2025-12-20 02:54:44.768160,10.75,5,Android
1062,356,2026-02-24 07:23:00,2026-02-24 07:32:33.650582,9.56,4,Android
1063,356,2026-02-07 10:37:00,2026-02-07 10:41:36.085462,4.6,2,Android
1064,356,2026-01-10 13:20:00,2026-01-10 13:31:50.546806,11.84,5,Android
1065,356,2026-03-15 07:27:00,2026-03-15 07:36:04.796044,9.08,4,Android
1066,356,2026-03-20 20:19:00,2026-03-20 20:36:00.876836,17.01,8,Android
1067,357,2025-07-15 08:32:00,2025-07-15 08:42:05.659169,10.09,5,iOS
1068,357,2025-06-05 17:09:00,2025-06-05 17:19:53.260033,10.89,5,iOS
1069,358,2025-10-24 14:30:00,2025-10-24 14:44:45.583469,14.76,7,Web
1070,358,2025-10-05 07:23:00,2025-10-05 07:27:20.297769,4.34,2,Web
1071,358,2025-09-07 07:39:00,2025-09-07 07:51:54.202966,12.9,6,Web
1072,359,2026-02-05 00:09:00,2026-02-05 00:39:27.926594,30.47,15,iOS
1073,359,2025-11-07 16:34:00,2025-11-07 16:45:59.693797,11.99,5,iOS
1074,359,2026-02-02 18:45:00,2026-02-02 19:27:24.197020,42.4,21,iOS
1075,360,2025-05-02 00:49:00,2025-05-02 01:25:02.468668,36.04,18,Android
1076,360,2025-05-05 00:30:00,2025-05-05 00:48:04.950565,18.08,9,Android
1077,360,2025-02-27 11:50:00,2025-02-27 12:31:15.106097,41.25,20,Android
1078,360,2025-05-19 21:55:00,2025-05-19 22:23:32.889712,28.55,14,Android
1079,361,2024-07-23 14:47:00,2024-07-23 14:58:39.047011,11.65,5,iOS
1080,361,2024-06-06 04:09:00,2024-06-06 04:12:25.713548,3.43,1,iOS
1081,362,2024-03-29 23:32:00,2024-03-29 23:59:03.263186,27.05,13,iOS
1082,362,2024-05-17 08:22:00,2024-05-17 08:44:55.005475,22.92,11,iOS
1083,362,2024-05-18 20:32:00,2024-05-18 21:16:13.079082,44.22,22,iOS
1084,362,2024-05-03 07:23:00,2024-05-03 07:49:42.830604,26.71,13,iOS
1085,362,2024-05-31 09:41:00,2024-05-31 09:59:48.423667,18.81,9,iOS
1086,363,2024-07-03 21:39:00,2024-07-03 22:06:27.584089,27.46,13,Android
1087,363,2024-09-10 08:08:00,2024-09-10 08:18:12.699787,10.21,5,Android
1088,363,2024-08-03 04:10:00,2024-08-03 04:18:59.020471,8.98,4,Android
1089,364,2025-01-30 11:00:00,2025-01-30 11:07:43.690632,7.73,3,Android
1090,364,2025-01-29 02:36:00,2025-01-29 02:46:39.247279,10.65,5,Android
1091,364,2025-01-11 08:15:00,2025-01-11 08:20:14.406109,5.24,2,Android
1092,365,2024-12-24 08:43:00,2024-12-24 08:49:33.532576,6.56,3,iOS
1093,365,2025-02-07 21:22:00,2025-02-07 21:40:16.901702,18.28,9,iOS
1094,365,2024-11-12 17:38:00,2024-11-12 17:56:32.055931,18.53,9,iOS
1095,365,2025-02-17 01:37:00,2025-02-17 01:47:57.502587,10.96,5,iOS
1096,365,2024-11-27 00:24:00,2024-11-27 00:29:00.124081,5.0,2,iOS
1097,366,2024-04-11 20:03:00,2024-04-11 20:12:28.998521,9.48,4,Android
1098,366,2024-02-19 18:45:00,2024-02-19 18:50:02.637254,5.04,2,Android
1099,366,2024-03-23 14:24:00,2024-03-23 14:31:25.079502,7.42,3,Android
1100,366,2024-05-19 19:44:00,2024-05-19 19:57:31.916768,13.53,6,Android
1101,367,2024-06-09 06:12:00,2024-06-09 06:37:33.756308,25.56,12,Android
1102,367,2024-07-01 12:03:00,2024-07-01 12:39:25.606593,36.43,18,Android
1103,367,2024-08-15 15:49:00,2024-08-15 16:33:02.143451,44.04,22,Android
1104,368,2024-10-22 09:40:00,2024-10-22 10:15:34.325381,35.57,17,Android
1105,368,2024-12-21 19:15:00,2024-12-21 19:29:01.874849,14.03,7,Android
1106,368,2024-10-30 17:46:00,2024-10-30 18:11:34.831981,25.58,12,Android
1107,369,2024-07-22 17:24:00,2024-07-22 17:37:18.191173,13.3,6,Web
1108,369,2024-05-25 11:58:00,2024-05-25 12:02:31.676782,4.53,2,Web
1109,370,2025-04-18 08:59:00,2025-04-18 09:14:12.472064,15.21,7,Web
1110,370,2025-03-12 04:23:00,2025-03-12 04:37:56.615352,14.94,7,Web
1111,370,2025-03-16 03:20:00,2025-03-16 03:39:52.059669,19.87,9,Web
1112,371,2024-04-01 18:46:00,2024-04-01 18:49:09.640405,3.16,1,iOS
1113,372,2024-08-06 16:53:00,2024-08-06 17:06:20.663215,13.34,6,Android
1114,372,2024-07-25 07:29:00,2024-07-25 07:41:39.983472,12.67,6,Android
1115,372,2024-11-14 20:38:00,2024-11-14 20:40:12.180823,2.2,1,Android
1116,373,2024-12-21 15:00:00,2024-12-21 15:04:45.096060,4.75,2,iOS
1117,373,2024-10-28 14:13:00,2024-10-28 14:26:30.190460,13.5,6,iOS
1118,373,2024-12-17 22:41:00,2024-12-17 22:58:17.108848,17.29,8,iOS
1119,373,2024-12-19 23:07:00,2024-12-19 23:17:05.529805,10.09,5,iOS
1120,373,2024-12-21 17:59:00,2024-12-21 18:05:24.689839,6.41,3,iOS
1121,373,2025-01-05 13:45:00,2025-01-05 13:55:02.398818,10.04,5,iOS
1122,373,2024-11-09 20:23:00,2024-11-09 20:34:22.752767,11.38,5,iOS
1123,374,2025-07-11 12:39:00,2025-07-11 12:51:26.020688,12.43,6,Android
1124,374,2025-08-14 05:13:00,2025-08-14 05:15:00.774097,2.01,1,Android
1125,374,2025-06-08 23:52:00,2025-06-09 00:09:38.781033,17.65,8,Android
1126,375,2025-09-30 23:00:00,2025-09-30 23:11:50.542873,11.84,5,Android
1127,375,2025-10-12 09:10:00,2025-10-12 09:19:58.983371,9.98,4,Android
1128,375,2025-08-04 17:10:00,2025-08-04 17:19:14.412827,9.24,4,Android
1129,375,2025-08-12 21:51:00,2025-08-12 22:03:32.451015,12.54,6,Android
1130,375,2025-10-07 23:14:00,2025-10-07 23:33:39.771904,19.66,9,Android
1131,376,2024-11-20 14:31:00,2024-11-20 14:49:03.136709,18.05,9,Android
1132,376,2024-12-04 14:11:00,2024-12-04 14:27:22.050468,16.37,8,Android
1133,376,2024-10-24 00:19:00,2024-10-24 00:35:14.746618,16.25,8,Android
1134,377,2026-02-21 14:29:00,2026-02-21 14:56:33.793518,27.56,13,Android
1135,377,2026-03-26 18:04:00,2026-03-26 18:39:28.104296,35.47,17,Android
1136,377,2026-02-02 02:45:00,2026-02-02 03:23:11.278145,38.19,19,Android
1137,377,2026-01-20 11:57:00,2026-01-20 12:05:28.923972,8.48,4,Android
1138,377,2026-03-25 21:34:00,2026-03-25 21:59:17.175580,25.29,12,Android
1139,377,2026-03-19 18:06:00,2026-03-19 18:23:03.184911,17.05,8,Android
1140,377,2026-03-25 07:31:00,2026-03-25 07:45:47.535692,14.79,7,Android
1141,378,2024-09-26 19:34:00,2024-09-26 19:37:24.534206,3.41,1,Web
1142,378,2024-10-23 13:45:00,2024-10-23 14:00:21.944208,15.37,7,Web
1143,379,2024-09-30 01:38:00,2024-09-30 01:54:25.637384,16.43,8,iOS
1144,379,2024-09-18 12:21:00,2024-09-18 12:24:15.430477,3.26,1,iOS
1145,379,2024-12-29 08:29:00,2024-12-29 08:35:31.430736,6.52,3,iOS
1146,379,2024-09-22 01:54:00,2024-09-22 02:03:58.833556,9.98,4,iOS
1147,379,2024-12-25 11:57:00,2024-12-25 12:09:59.752489,13.0,6,iOS
1148,380,2025-06-07 05:26:00,2025-06-07 05:37:45.305760,11.76,5,Android
1149,380,2025-06-11 13:38:00,2025-06-11 13:45:41.583194,7.69,3,Android
1150,381,2025-08-12 07:08:00,2025-08-12 07:24:52.091215,16.87,8,iOS
1151,381,2025-08-23 02:33:00,2025-08-23 02:52:57.903828,19.97,9,iOS
1152,381,2025-06-15 01:01:00,2025-06-15 01:16:56.771068,15.95,7,iOS
1153,382,2024-08-06 15:24:00,2024-08-06 15:37:16.596017,13.28,6,Android
1154,383,2025-12-31 18:14:00,2025-12-31 18:31:22.265868,17.37,8,Android
1155,383,2026-02-15 05:00:00,2026-02-15 05:17:09.275944,17.15,8,Android
1156,384,2024-12-09 05:39:00,2024-12-09 05:58:53.444855,19.89,9,Android
1157,385,2026-01-10 07:09:00,2026-01-10 07:45:16.796617,36.28,18,Web
1158,385,2025-12-27 12:10:00,2025-12-27 12:18:19.578742,8.33,4,Web
1159,385,2025-11-04 04:42:00,2025-11-04 05:20:43.957213,38.73,19,Web
1160,385,2026-01-12 11:19:00,2026-01-12 11:52:46.663034,33.78,16,Web
1161,385,2025-11-19 12:20:00,2025-11-19 12:31:47.147851,11.79,5,Web
1162,385,2025-12-02 11:29:00,2025-12-02 11:38:35.986981,9.6,4,Web
1163,386,2024-12-23 17:31:00,2024-12-23 17:49:58.694419,18.98,9,iOS
1164,386,2025-02-25 18:50:00,2025-02-25 18:52:16.369733,2.27,1,iOS
1165,386,2025-03-24 16:19:00,2025-03-24 16:32:05.934599,13.1,6,iOS
1166,386,2025-02-04 13:58:00,2025-02-04 14:17:07.760726,19.13,9,iOS
1167,386,2024-12-21 00:17:00,2024-12-21 00:24:17.751097,7.3,3,iOS
1168,386,2024-12-22 08:17:00,2024-12-22 08:25:22.759332,8.38,4,iOS
1169,386,2025-02-03 20:21:00,2025-02-03 20:37:04.399115,16.07,8,iOS
1170,387,2025-12-08 18:57:00,2025-12-08 19:07:40.002105,10.67,5,iOS
1171,387,2026-02-04 17:08:00,2026-02-04 17:13:29.502070,5.49,2,iOS
1172,387,2025-12-05 04:17:00,2025-12-05 04:19:46.925876,2.78,1,iOS
1173,387,2026-01-24 23:11:00,2026-01-24 23:15:55.386668,4.92,2,iOS
1174,387,2025-11-27 10:18:00,2025-11-27 10:34:34.652943,16.58,8,iOS
1175,387,2026-01-25 01:09:00,2026-01-25 01:21:42.371834,12.71,6,iOS
1176,388,2024-09-04 09:40:00,2024-09-04 09:41:52.772008,1.88,0,Android
1177,388,2024-08-12 00:05:00,2024-08-12 00:21:13.881754,16.23,8,Android
1178,389,2025-06-24 16:42:00,2025-06-24 17:22:15.488630,40.26,20,Android
1179,389,2025-03-10 12:05:00,2025-03-10 12:33:28.221801,28.47,14,Android
1180,389,2025-03-17 20:39:00,2025-03-17 20:58:25.545189,19.43,9,Android
1181,390,2025-10-18 10:59:00,2025-10-18 11:07:06.664576,8.11,4,Web
1182,391,2024-04-28 02:56:00,2024-04-28 03:10:19.580125,14.33,7,Android
1183,392,2025-02-12 17:28:00,2025-02-12 17:33:08.484585,5.14,2,Web
1184,392,2025-04-24 11:16:00,2025-04-24 11:27:34.781913,11.58,5,Web
1185,392,2025-04-16 13:09:00,2025-04-16 13:13:14.961051,4.25,2,Web
1186,393,2025-05-07 16:07:00,2025-05-07 16:23:11.052411,16.18,8,Android
1187,393,2025-08-19 00:03:00,2025-08-19 00:19:33.479712,16.56,8,Android
1188,393,2025-05-27 22:05:00,2025-05-27 22:14:24.570878,9.41,4,Android
1189,393,2025-08-08 14:16:00,2025-08-08 14:20:14.512065,4.24,2,Android
1190,394,2024-06-25 16:03:00,2024-06-25 16:07:39.619839,4.66,2,iOS
1191,394,2024-04-07 00:31:00,2024-04-07 00:47:21.853251,16.36,8,iOS
1192,394,2024-07-23 18:49:00,2024-07-23 19:04:54.025837,15.9,7,iOS
1193,395,2025-10-03 22:34:00,2025-10-03 22:35:43.513694,1.73,0,Web
1194,396,2025-09-05 02:10:00,2025-09-05 02:26:15.981738,16.27,8,Web
1195,396,2025-09-03 22:39:00,2025-09-03 22:46:44.241962,7.74,3,Web
1196,396,2025-08-07 21:32:00,2025-08-07 21:40:25.169536,8.42,4,Web
1197,396,2025-11-29 20:25:00,2025-11-29 20:44:10.200322,19.17,9,Web
1198,396,2025-11-06 07:04:00,2025-11-06 07:13:24.585373,9.41,4,Web
1199,396,2025-10-03 14:03:00,2025-10-03 14:14:48.677160,11.81,5,Web
1200,397,2025-06-28 21:16:00,2025-06-28 21:23:38.741168,7.65,3,iOS
1201,397,2025-06-25 00:33:00,2025-06-25 00:46:24.679611,13.41,6,iOS
1202,397,2025-08-14 19:18:00,2025-08-14 19:32:25.570075,14.43,7,iOS
1203,397,2025-06-29 23:49:00,2025-06-30 00:05:44.234296,16.74,8,iOS
1204,397,2025-07-29 20:17:00,2025-07-29 20:24:55.255360,7.92,3,iOS
1205,398,2024-10-08 00:18:00,2024-10-08 00:22:03.378742,4.06,2,iOS
1206,398,2024-10-22 15:27:00,2024-10-22 15:42:32.888040,15.55,7,iOS
1207,398,2024-08-27 05:08:00,2024-08-27 05:14:27.382435,6.46,3,iOS
1208,398,2024-09-06 04:02:00,2024-09-06 04:18:44.287554,16.74,8,iOS
1209,398,2024-09-10 16:40:00,2024-09-10 16:58:33.252875,18.55,9,iOS
1210,398,2024-08-24 13:07:00,2024-08-24 13:20:55.865260,13.93,6,iOS
1211,399,2024-11-09 19:21:00,2024-11-09 19:36:44.163399,15.74,7,iOS
1212,400,2025-06-02 22:22:00,2025-06-02 22:33:21.395901,11.36,5,iOS
1213,400,2025-08-17 17:00:00,2025-08-17 17:21:37.641500,21.63,10,iOS
1214,400,2025-07-04 01:20:00,2025-07-04 01:33:46.097324,13.77,6,iOS
1215,400,2025-08-06 00:45:00,2025-08-06 01:10:48.541749,25.81,12,iOS
1216,400,2025-09-07 17:45:00,2025-09-07 18:14:43.881248,29.73,14,iOS
1217,401,2026-02-25 21:47:00,2026-02-25 22:05:45.656701,18.76,9,Web
1218,401,2025-12-05 19:55:00,2025-12-05 20:00:13.187398,5.22,2,Web
1219,401,2026-01-15 16:35:00,2026-01-15 16:53:32.334602,18.54,9,Web
1220,402,2025-10-31 07:15:00,2025-10-31 07:25:03.252409,10.05,5,Android
1221,402,2026-01-08 03:55:00,2026-01-08 04:05:45.062111,10.75,5,Android
1222,402,2026-01-15 15:01:00,2026-01-15 15:11:40.448749,10.67,5,Android
1223,403,2024-06-23 00:11:00,2024-06-23 00:25:40.410444,14.67,7,Android
1224,403,2024-09-10 09:28:00,2024-09-10 09:31:30.390130,3.51,1,Android
1225,403,2024-05-23 23:05:00,2024-05-23 23:10:38.431546,5.64,2,Android
1226,404,2024-05-06 09:00:00,2024-05-06 09:01:20.135085,1.34,0,Web
1227,404,2024-05-30 23:37:00,2024-05-30 23:49:46.572097,12.78,6,Web
1228,405,2026-01-24 07:39:00,2026-01-24 08:18:12.607351,39.21,19,iOS
1229,405,2025-12-25 01:25:00,2025-12-25 01:43:38.021090,18.63,9,iOS
1230,405,2026-01-09 18:15:00,2026-01-09 18:29:36.552497,14.61,7,iOS
1231,405,2025-12-19 20:29:00,2025-12-19 20:53:18.629026,24.31,12,iOS
1232,406,2026-03-20 20:35:00,2026-03-20 20:37:45.071397,2.75,1,Android
1233,407,2025-05-09 14:46:00,2025-05-09 15:27:00.606334,41.01,20,Android
1234,407,2025-05-19 04:13:00,2025-05-19 04:44:18.693888,31.31,15,Android
1235,407,2025-03-23 11:40:00,2025-03-23 11:58:37.955504,18.63,9,Android
1236,408,2025-12-24 01:28:00,2025-12-24 01:39:35.423915,11.59,5,Android
1237,408,2025-12-26 09:06:00,2025-12-26 09:31:57.250617,25.95,12,Android
1238,408,2026-03-05 05:21:00,2026-03-05 05:40:33.462579,19.56,9,Android
1239,408,2026-01-01 09:09:00,2026-01-01 09:26:05.440467,17.09,8,Android
1240,408,2025-12-25 23:19:00,2025-12-25 23:37:37.599616,18.63,9,Android
1241,409,2025-02-11 05:48:00,2025-02-11 05:52:18.360401,4.31,2,Android
1242,409,2025-02-12 11:00:00,2025-02-12 11:16:31.034032,16.52,8,Android
1243,409,2025-04-14 23:23:00,2025-04-14 23:25:29.810278,2.5,1,Android
1244,409,2025-04-01 21:34:00,2025-04-01 21:49:03.039713,15.05,7,Android
1245,409,2025-05-10 08:08:00,2025-05-10 08:21:22.152171,13.37,6,Android
1246,410,2024-05-01 14:55:00,2024-05-01 15:28:23.732414,33.4,16,Web
1247,410,2024-04-15 18:11:00,2024-04-15 18:43:40.887072,32.68,16,Web
1248,410,2024-01-28 08:43:00,2024-01-28 09:09:34.147341,26.57,13,Web
1249,411,2024-10-06 08:13:00,2024-10-06 08:19:16.682942,6.28,3,Android
1250,411,2024-11-07 15:14:00,2024-11-07 15:27:01.699272,13.03,6,Android
1251,411,2024-09-07 10:13:00,2024-09-07 10:31:33.160307,18.55,9,Android
1252,411,2024-09-28 03:36:00,2024-09-28 03:44:57.189980,8.95,4,Android
1253,411,2024-10-16 21:19:00,2024-10-16 21:21:10.165977,2.17,1,Android
1254,412,2025-07-18 00:36:00,2025-07-18 00:45:12.214380,9.2,4,iOS
1255,412,2025-08-18 18:48:00,2025-08-18 18:56:20.841951,8.35,4,iOS
1256,412,2025-08-13 19:26:00,2025-08-13 19:58:33.876442,32.56,16,iOS
1257,412,2025-05-16 09:49:00,2025-05-16 10:33:58.285915,44.97,22,iOS
1258,412,2025-08-01 12:09:00,2025-08-01 12:46:33.983196,37.57,18,iOS
1259,413,2024-06-14 11:58:00,2024-06-14 12:15:54.927401,17.92,8,Android
1260,413,2024-05-11 16:14:00,2024-05-11 16:30:44.515495,16.74,8,Android
1261,413,2024-06-29 20:33:00,2024-06-29 20:34:07.989554,1.13,0,Android
1262,414,2025-10-23 08:02:00,2025-10-23 08:03:42.600164,1.71,0,Android
1263,414,2025-10-04 08:30:00,2025-10-04 08:49:39.602685,19.66,9,Android
1264,415,2024-08-10 01:55:00,2024-08-10 02:00:16.133219,5.27,2,Web
1265,415,2024-08-28 22:58:00,2024-08-28 23:14:05.715295,16.1,8,Web
1266,416,2025-02-05 12:27:00,2025-02-05 12:45:25.579409,18.43,9,Android
1267,417,2025-06-15 01:58:00,2025-06-15 02:16:20.861205,18.35,9,Android
1268,417,2025-03-14 15:38:00,2025-03-14 15:51:00.798664,13.01,6,Android
1269,417,2025-06-15 17:05:00,2025-06-15 17:13:12.066037,8.2,4,Android
1270,417,2025-03-17 00:39:00,2025-03-17 00:43:25.740056,4.43,2,Android
1271,418,2025-02-26 03:02:00,2025-02-26 03:25:24.295449,23.4,11,Web
1272,418,2025-05-23 08:55:00,2025-05-23 09:22:15.533102,27.26,13,Web
1273,418,2025-02-27 13:00:00,2025-02-27 13:24:18.904941,24.32,12,Web
1274,419,2025-11-07 18:49:00,2025-11-07 19:31:35.532447,42.59,21,Android
1275,419,2025-12-01 13:15:00,2025-12-01 13:32:08.263252,17.14,8,Android
1276,419,2026-02-22 10:02:00,2026-02-22 10:39:18.599724,37.31,18,Android
1277,420,2024-09-03 03:06:00,2024-09-03 03:25:02.104531,19.04,9,Android
1278,420,2024-09-13 02:45:00,2024-09-13 02:59:03.101650,14.05,7,Android
1279,420,2024-10-07 16:24:00,2024-10-07 16:31:22.226260,7.37,3,Android
1280,420,2024-07-02 06:48:00,2024-07-02 06:56:23.296455,8.39,4,Android
1281,421,2024-07-11 04:01:00,2024-07-11 04:19:06.851113,18.11,9,Android
1282,421,2024-06-06 18:16:00,2024-06-06 18:25:39.233311,9.65,4,Android
1283,421,2024-06-03 18:08:00,2024-06-03 18:15:06.283859,7.1,3,Android
1284,422,2025-03-26 09:33:00,2025-03-26 09:38:16.546478,5.28,2,Android
1285,422,2025-03-27 11:43:00,2025-03-27 11:55:17.226597,12.29,6,Android
1286,422,2025-04-01 19:56:00,2025-04-01 20:15:20.962194,19.35,9,Android
1287,423,2024-08-03 20:09:00,2024-08-03 20:19:30.610677,10.51,5,Android
1288,423,2024-07-21 02:24:00,2024-07-21 02:27:57.309439,3.96,1,Android
1289,423,2024-06-07 13:54:00,2024-06-07 14:13:53.844075,19.9,9,Android
1290,424,2024-09-17 23:05:00,2024-09-17 23:20:56.930868,15.95,7,Android
1291,424,2024-08-21 04:19:00,2024-08-21 04:23:45.404413,4.76,2,Android
1292,424,2024-09-02 08:30:00,2024-09-02 08:35:09.007607,5.15,2,Android
1293,424,2024-08-29 19:00:00,2024-08-29 19:09:06.412569,9.11,4,Android
1294,424,2024-07-01 12:23:00,2024-07-01 12:29:31.110009,6.52,3,Android
1295,424,2024-09-27 09:17:00,2024-09-27 09:32:04.137686,15.07,7,Android
1296,424,2024-07-31 21:04:00,2024-07-31 21:21:12.362415,17.21,8,Android
1297,425,2024-06-01 04:53:00,2024-06-01 05:06:33.191068,13.55,6,iOS
1298,425,2024-05-12 01:29:00,2024-05-12 01:33:10.972142,4.18,2,iOS
1299,425,2024-05-19 18:23:00,2024-05-19 18:38:46.949567,15.78,7,iOS
1300,425,2024-03-25 08:35:00,2024-03-25 08:53:03.426520,18.06,9,iOS
1301,425,2024-04-13 03:20:00,2024-04-13 03:27:00.774883,7.01,3,iOS
1302,425,2024-05-17 06:10:00,2024-05-17 06:13:02.074291,3.03,1,iOS
1303,426,2025-01-27 06:01:00,2025-01-27 06:19:51.896269,18.86,9,Android
1304,426,2024-12-26 12:32:00,2024-12-26 12:42:32.040242,10.53,5,Android
1305,427,2025-05-23 13:29:00,2025-05-23 13:46:49.705041,17.83,8,Android
1306,427,2025-05-05 05:08:00,2025-05-05 05:17:59.541197,9.99,4,Android
1307,427,2025-03-15 18:48:00,2025-03-15 19:03:03.014965,15.05,7,Android
1308,427,2025-02-25 17:20:00,2025-02-25 17:27:20.487987,7.34,3,Android
1309,427,2025-05-04 00:26:00,2025-05-04 00:42:13.512168,16.23,8,Android
1310,428,2025-03-21 12:05:00,2025-03-21 12:22:14.899194,17.25,8,Web
1311,428,2025-03-05 06:24:00,2025-03-05 06:33:43.274655,9.72,4,Web
1312,428,2025-03-01 01:39:00,2025-03-01 01:57:14.910176,18.25,9,Web
1313,428,2025-02-27 01:18:00,2025-02-27 01:53:27.026726,35.45,17,Web
1314,429,2024-04-12 08:21:00,2024-04-12 08:28:26.562612,7.44,3,Android
1315,429,2024-06-11 20:24:00,2024-06-11 20:33:51.515713,9.86,4,Android
1316,429,2024-06-09 12:05:00,2024-06-09 12:10:20.523860,5.34,2,Android
1317,429,2024-07-12 12:07:00,2024-07-12 12:16:22.035146,9.37,4,Android
1318,429,2024-04-15 10:25:00,2024-04-15 10:27:40.585583,2.68,1,Android
1319,429,2024-05-19 20:55:00,2024-05-19 21:13:36.300086,18.61,9,Android
1320,430,2025-02-14 00:01:00,2025-02-14 00:09:39.567959,8.66,4,Web
1321,430,2025-03-09 05:15:00,2025-03-09 05:16:14.559377,1.24,0,Web
1322,430,2025-01-19 05:31:00,2025-01-19 05:39:50.732232,8.85,4,Web
1323,431,2025-05-17 18:17:00,2025-05-17 18:24:21.697081,7.36,3,Web
1324,431,2025-04-25 19:31:00,2025-04-25 19:49:59.719952,19.0,9,Web
1325,431,2025-04-16 18:14:00,2025-04-16 18:21:31.180629,7.52,3,Web
1326,431,2025-06-18 02:45:00,2025-06-18 03:02:55.490215,17.92,8,Web
1327,432,2024-08-22 00:21:00,2024-08-22 00:37:24.377977,16.41,8,iOS
1328,432,2024-09-02 13:56:00,2024-09-02 14:12:14.176409,16.24,8,iOS
1329,433,2026-01-13 11:38:00,2026-01-13 11:48:19.351576,10.32,5,Android
1330,433,2026-03-15 19:53:00,2026-03-15 20:09:26.387653,16.44,8,Android
1331,433,2026-03-20 23:08:00,2026-03-20 23:24:45.889900,16.76,8,Android
1332,433,2026-01-02 05:36:00,2026-01-02 05:37:28.691043,1.48,0,Android
1333,433,2026-01-12 04:32:00,2026-01-12 04:40:56.189192,8.94,4,Android
1334,434,2025-04-18 02:49:00,2025-04-18 02:51:45.129637,2.75,1,Web
1335,434,2025-04-19 10:17:00,2025-04-19 10:31:13.671365,14.23,7,Web
1336,434,2025-05-13 09:39:00,2025-05-13 09:47:39.251539,8.65,4,Web
1337,435,2025-08-01 16:31:00,2025-08-01 16:33:13.691949,2.23,1,Android
1338,436,2024-10-21 00:57:00,2024-10-21 01:04:56.736258,7.95,3,iOS
1339,436,2025-01-01 15:20:00,2025-01-01 15:25:18.836776,5.31,2,iOS
1340,436,2024-09-20 21:24:00,2024-09-20 21:29:09.966235,5.17,2,iOS
1341,436,2024-10-27 10:25:00,2024-10-27 10:32:04.563699,7.08,3,iOS
1342,437,2024-11-01 23:50:00,2024-11-01 23:56:42.399260,6.71,3,iOS
1343,438,2024-07-25 22:15:00,2024-07-25 22:32:16.323516,17.27,8,Android
1344,438,2024-09-26 20:48:00,2024-09-26 20:54:20.026367,6.33,3,Android
1345,438,2024-10-02 06:39:00,2024-10-02 06:57:54.223726,18.9,9,Android
1346,439,2024-11-11 05:08:00,2024-11-11 05:35:42.499809,27.71,13,Android
1347,439,2025-01-24 07:01:00,2025-01-24 07:36:54.820451,35.91,17,Android
1348,440,2025-03-23 07:54:00,2025-03-23 07:57:21.401860,3.36,1,Web
1349,441,2024-03-06 13:24:00,2024-03-06 13:29:15.621978,5.26,2,Android
1350,441,2024-05-26 15:54:00,2024-05-26 16:09:13.353292,15.22,7,Android
1351,441,2024-02-13 19:57:00,2024-02-13 20:08:04.492097,11.07,5,Android
1352,441,2024-04-07 12:36:00,2024-04-07 12:50:35.277800,14.59,7,Android
1353,441,2024-03-08 19:02:00,2024-03-08 19:14:07.353967,12.12,6,Android
1354,441,2024-02-22 01:41:00,2024-02-22 01:57:53.581255,16.89,8,Android
1355,442,2024-04-20 19:09:00,2024-04-20 19:16:59.304383,7.99,3,Web
1356,442,2024-04-22 17:51:00,2024-04-22 18:04:43.817213,13.73,6,Web
1357,442,2024-06-07 00:30:00,2024-06-07 00:38:27.893568,8.46,4,Web
1358,442,2024-05-07 03:01:00,2024-05-07 03:18:58.942192,17.98,8,Web
1359,443,2024-12-29 23:41:00,2024-12-30 00:19:09.712213,38.16,19,Android
1360,443,2025-01-20 11:24:00,2025-01-20 11:51:57.372758,27.96,13,Android
1361,443,2024-11-19 18:26:00,2024-11-19 18:43:34.454029,17.57,8,Android
1362,443,2025-01-20 08:02:00,2025-01-20 08:11:54.647945,9.91,4,Android
1363,444,2026-01-24 08:46:00,2026-01-24 09:01:14.670083,15.24,7,Web
1364,444,2026-03-01 05:21:00,2026-03-01 05:35:49.175833,14.82,7,Web
1365,444,2026-03-16 01:37:00,2026-03-16 01:40:08.892090,3.15,1,Web
1366,444,2026-04-03 20:19:00,2026-04-03 20:35:33.995845,16.57,8,Web
1367,445,2024-01-07 05:30:00,2024-01-07 05:37:12.332317,7.21,3,iOS
1368,445,2024-04-28 01:25:00,2024-04-28 01:27:29.937797,2.5,1,iOS
1369,445,2024-02-23 12:02:00,2024-02-23 12:15:48.904951,13.82,6,iOS
1370,446,2024-07-15 12:30:00,2024-07-15 12:49:03.780802,19.06,9,Web
1371,446,2024-07-13 12:39:00,2024-07-13 12:44:42.569530,5.71,2,Web
1372,446,2024-11-02 15:46:00,2024-11-02 16:00:06.820820,14.11,7,Web
1373,446,2024-08-24 09:36:00,2024-08-24 09:39:10.760607,3.18,1,Web
1374,447,2024-08-31 05:17:00,2024-08-31 05:20:02.506092,3.04,1,iOS
1375,447,2024-06-30 09:30:00,2024-06-30 09:40:44.185962,10.74,5,iOS
1376,448,2024-10-23 06:49:00,2024-10-23 07:13:54.300994,24.91,12,Android
1377,448,2024-11-08 03:57:00,2024-11-08 04:16:58.745865,19.98,9,Android
1378,449,2024-04-09 17:53:00,2024-04-09 17:58:08.267915,5.14,2,Android
1379,450,2024-12-26 15:51:00,2024-12-26 16:07:54.075154,16.9,8,Android
1380,450,2024-12-03 06:42:00,2024-12-03 06:45:32.459837,3.54,1,Android
1381,450,2025-01-19 01:43:00,2025-01-19 01:59:32.942918,16.55,8,Android
1382,450,2024-11-28 18:30:00,2024-11-28 18:31:03.390086,1.06,0,Android
1383,450,2024-11-21 02:26:00,2024-11-21 02:33:46.904381,7.78,3,Android
1384,451,2025-07-18 07:35:00,2025-07-18 07:46:55.011369,11.92,5,iOS
1385,451,2025-07-28 22:06:00,2025-07-28 22:07:21.613018,1.36,0,iOS
1386,452,2025-02-11 23:29:00,2025-02-11 23:45:17.272054,16.29,8,iOS
1387,452,2025-02-28 18:38:00,2025-02-28 18:42:54.114883,4.9,2,iOS
1388,453,2024-12-25 19:43:00,2024-12-25 19:53:49.863781,10.83,5,iOS
1389,454,2025-12-04 03:57:00,2025-12-04 04:21:41.142957,24.69,12,iOS
1390,454,2025-10-12 18:17:00,2025-10-12 18:47:27.724446,30.46,15,iOS
1391,454,2025-12-15 12:16:00,2025-12-15 12:55:55.084715,39.92,19,iOS
1392,454,2025-09-07 02:42:00,2025-09-07 03:07:15.558706,25.26,12,iOS
1393,455,2024-08-25 21:09:00,2024-08-25 21:53:50.578190,44.84,22,Web
1394,455,2024-07-15 17:22:00,2024-07-15 17:58:07.052315,36.12,18,Web
1395,455,2024-07-10 21:06:00,2024-07-10 21:23:20.730317,17.35,8,Web
1396,456,2026-01-03 17:22:00,2026-01-03 17:41:06.846069,19.11,9,Web
1397,456,2026-01-20 09:56:00,2026-01-20 10:15:15.896324,19.26,9,Web
1398,456,2026-01-21 01:35:00,2026-01-21 01:46:40.559570,11.68,5,Web
1399,456,2025-11-13 05:49:00,2025-11-13 05:57:16.637136,8.28,4,Web
1400,456,2026-01-01 05:23:00,2026-01-01 05:42:17.627160,19.29,9,Web
1401,457,2024-07-13 08:31:00,2024-07-13 08:41:40.571963,10.68,5,iOS
1402,457,2024-07-13 15:32:00,2024-07-13 15:33:40.255888,1.67,0,iOS
1403,458,2024-09-30 21:17:00,2024-09-30 21:32:13.773085,15.23,7,Web
1404,459,2025-02-14 09:40:00,2025-02-14 10:00:55.958839,20.93,10,Android
1405,459,2025-02-28 05:13:00,2025-02-28 05:54:16.024672,41.27,20,Android
1406,459,2025-01-15 19:11:00,2025-01-15 19:40:01.335991,29.02,14,Android
1407,460,2025-06-22 10:34:00,2025-06-22 10:36:34.537867,2.58,1,iOS
1408,460,2025-08-02 09:33:00,2025-08-02 09:39:56.823603,6.95,3,iOS
1409,460,2025-10-15 21:59:00,2025-10-15 22:00:44.349183,1.74,0,iOS
1410,461,2025-06-02 22:35:00,2025-06-02 22:45:17.262642,10.29,5,Android
1411,462,2024-08-28 21:14:00,2024-08-28 21:15:59.274846,1.99,0,Android
1412,463,2024-12-25 04:42:00,2024-12-25 04:43:30.855161,1.51,0,Android
1413,463,2025-01-26 16:58:00,2025-01-26 17:14:37.648887,16.63,8,Android
1414,464,2025-02-05 20:44:00,2025-02-05 20:55:35.041630,11.58,5,Android
1415,464,2025-01-26 15:12:00,2025-01-26 15:25:44.720785,13.75,6,Android
1416,464,2025-02-02 10:21:00,2025-02-02 10:23:58.168583,2.97,1,Android
1417,464,2025-01-31 13:14:00,2025-01-31 13:28:33.697947,14.56,7,Android
1418,464,2025-01-14 07:21:00,2025-01-14 07:26:56.829153,5.95,2,Android
1419,464,2025-03-21 22:02:00,2025-03-21 22:12:42.776746,10.71,5,Android
1420,465,2026-01-16 20:14:00,2026-01-16 20:23:33.208627,9.55,4,Android
1421,465,2026-01-27 11:54:00,2026-01-27 12:20:29.277786,26.49,13,Android
1422,466,2025-10-21 08:36:00,2025-10-21 09:17:29.698076,41.49,20,iOS
1423,466,2025-10-08 04:37:00,2025-10-08 04:49:42.169191,12.7,6,iOS
1424,466,2025-11-28 02:08:00,2025-11-28 02:45:51.502180,37.86,18,iOS
1425,467,2025-11-28 02:19:00,2025-11-28 03:02:05.255005,43.09,21,Android
1426,467,2025-12-01 15:32:00,2025-12-01 16:02:34.533316,30.58,15,Android
1427,467,2025-12-19 14:18:00,2025-12-19 14:31:02.372064,13.04,6,Android
1428,467,2025-12-25 19:32:00,2025-12-25 19:53:47.094193,21.78,10,Android
1429,467,2025-11-27 09:41:00,2025-11-27 09:57:42.658805,16.71,8,Android
1430,468,2025-09-10 08:59:00,2025-09-10 09:38:00.681688,39.01,19,Android
1431,469,2026-03-12 15:29:00,2026-03-12 15:44:40.420873,15.67,7,iOS
1432,469,2026-02-16 02:32:00,2026-02-16 02:33:22.477924,1.37,0,iOS
1433,470,2024-06-04 09:38:00,2024-06-04 09:44:47.027919,6.78,3,Android
1434,470,2024-05-11 21:01:00,2024-05-11 21:10:31.017084,9.52,4,Android
1435,470,2024-06-16 04:42:00,2024-06-16 05:00:41.881040,18.7,9,Android
1436,470,2024-05-02 19:38:00,2024-05-02 19:46:30.693100,8.51,4,Android
1437,470,2024-06-13 06:47:00,2024-06-13 06:55:02.582584,8.04,4,Android
1438,471,2025-12-13 11:06:00,2025-12-13 11:17:54.761815,11.91,5,Android
1439,471,2025-12-13 07:39:00,2025-12-13 07:52:17.733253,13.3,6,Android
1440,471,2026-02-14 08:14:00,2026-02-14 08:26:23.748643,12.4,6,Android
1441,471,2025-12-22 23:32:00,2025-12-22 23:38:50.263598,6.84,3,Android
1442,472,2025-01-17 17:50:00,2025-01-17 17:52:41.623614,2.69,1,Android
1443,472,2024-12-13 21:08:00,2024-12-13 21:21:44.180974,13.74,6,Android
1444,472,2024-12-28 19:00:00,2024-12-28 19:10:11.337064,10.19,5,Android
1445,473,2025-07-01 14:59:00,2025-07-01 15:01:04.418241,2.07,1,Android
1446,473,2025-08-26 22:44:00,2025-08-26 22:58:06.747619,14.11,7,Android
1447,474,2024-07-27 01:34:00,2024-07-27 01:50:00.139180,16.0,8,Android
1448,474,2024-08-04 22:47:00,2024-08-04 23:19:38.594429,32.64,16,Android
1449,474,2024-06-30 03:21:00,2024-06-30 03:38:30.436075,17.51,8,Android
1450,475,2025-08-08 05:17:00,2025-08-08 05:21:50.696043,4.84,2,iOS
1451,475,2025-08-03 20:37:00,2025-08-03 20:49:54.823727,12.91,6,iOS
1452,475,2025-09-17 16:26:00,2025-09-17 16:34:02.902775,8.05,4,iOS
1453,476,2025-04-18 01:22:00,2025-04-18 01:37:44.376197,15.74,7,Android
1454,476,2025-05-09 19:37:00,2025-05-09 19:54:10.242611,17.17,8,Android
1455,476,2025-02-03 05:13:00,2025-02-03 05:23:00.713311,10.01,5,Android
1456,476,2025-03-23 07:56:00,2025-03-23 08:11:31.973082,15.53,7,Android
1457,477,2026-01-24 00:22:00,2026-01-24 00:39:16.577918,17.28,8,iOS
1458,478,2025-01-24 21:06:00,2025-01-24 21:22:04.643801,16.08,8,iOS
1459,478,2025-01-07 19:30:00,2025-01-07 19:49:55.065928,19.92,9,iOS
1460,479,2025-09-24 11:54:00,2025-09-24 12:00:27.580442,6.46,3,iOS
1461,479,2025-10-16 09:36:00,2025-10-16 09:37:09.986697,1.17,0,iOS
1462,479,2025-11-02 10:50:00,2025-11-02 11:07:54.907216,17.92,8,iOS
1463,479,2025-09-18 03:17:00,2025-09-18 03:29:42.193269,12.7,6,iOS
1464,480,2025-04-06 04:08:00,2025-04-06 04:15:38.807514,7.65,3,Android
1465,480,2024-12-16 02:46:00,2024-12-16 02:56:46.855959,10.78,5,Android
1466,480,2025-03-07 22:55:00,2025-03-07 22:57:19.837462,2.33,1,Android
1467,480,2025-01-30 11:46:00,2025-01-30 11:51:14.374199,5.24,2,Android
1468,481,2024-05-01 02:41:00,2024-05-01 03:09:33.448266,28.56,14,Android
1469,481,2024-07-09 04:35:00,2024-07-09 05:10:10.641857,35.18,17,Android
1470,482,2025-06-04 03:39:00,2025-06-04 03:43:14.195833,4.24,2,iOS
1471,483,2025-08-15 05:25:00,2025-08-15 05:27:48.541987,2.81,1,iOS
1472,483,2025-09-10 15:55:00,2025-09-10 15:56:34.972314,1.58,0,iOS
1473,483,2025-12-06 22:49:00,2025-12-06 22:52:32.177177,3.54,1,iOS
1474,483,2025-09-03 14:34:00,2025-09-03 14:53:36.230376,19.6,9,iOS
1475,484,2025-09-14 19:10:00,2025-09-14 19:23:41.858174,13.7,6,iOS
1476,484,2025-11-12 15:15:00,2025-11-12 15:29:51.766425,14.86,7,iOS
1477,484,2025-11-21 15:33:00,2025-11-21 15:49:35.744326,16.6,8,iOS
1478,484,2025-11-15 07:55:00,2025-11-15 08:11:29.008141,16.48,8,iOS
1479,484,2025-09-07 16:06:00,2025-09-07 16:13:39.949254,7.67,3,iOS
1480,485,2025-08-30 21:22:00,2025-08-30 21:24:09.432622,2.16,1,Web
1481,485,2025-07-09 07:37:00,2025-07-09 07:45:59.657902,8.99,4,Web
1482,485,2025-07-30 22:50:00,2025-07-30 22:54:52.466040,4.87,2,Web
1483,486,2025-06-04 12:19:00,2025-06-04 12:28:31.491560,9.52,4,Android
1484,486,2025-06-15 22:02:00,2025-06-15 22:16:19.983687,14.33,7,Android
1485,486,2025-05-08 20:06:00,2025-05-08 20:15:15.364373,9.26,4,Android
1486,486,2025-05-19 20:36:00,2025-05-19 20:46:02.380053,10.04,5,Android
1487,487,2024-08-10 10:47:00,2024-08-10 10:53:35.407016,6.59,3,iOS
1488,487,2024-09-08 17:27:00,2024-09-08 17:37:34.867579,10.58,5,iOS
1489,487,2024-08-01 02:20:00,2024-08-01 02:34:53.442835,14.89,7,iOS
1490,488,2024-12-21 01:41:00,2024-12-21 01:58:05.928175,17.1,8,Android
1491,488,2024-12-05 12:28:00,2024-12-05 13:06:25.680940,38.43,19,Android
1492,488,2025-01-09 03:16:00,2025-01-09 03:50:37.860283,34.63,17,Android
1493,488,2025-01-07 00:30:00,2025-01-07 00:44:36.395184,14.61,7,Android
1494,489,2024-05-21 13:10:00,2024-05-21 13:18:47.051482,8.78,4,Web
1495,489,2024-04-09 04:34:00,2024-04-09 04:36:19.843154,2.33,1,Web
1496,489,2024-05-10 06:05:00,2024-05-10 06:15:54.864626,10.91,5,Web
1497,489,2024-04-25 12:31:00,2024-04-25 12:36:45.428524,5.76,2,Web
1498,489,2024-06-07 11:59:00,2024-06-07 12:14:05.393373,15.09,7,Web
1499,490,2025-05-23 12:23:00,2025-05-23 12:33:52.506152,10.88,5,iOS
1500,491,2025-08-14 09:53:00,2025-08-14 10:06:52.947177,13.88,6,iOS
1501,491,2025-11-01 11:29:00,2025-11-01 11:38:04.716739,9.08,4,iOS
1502,491,2025-09-24 23:17:00,2025-09-24 23:32:41.346807,15.69,7,iOS
1503,491,2025-10-13 19:48:00,2025-10-13 19:57:52.475946,9.87,4,iOS
1504,491,2025-09-04 11:29:00,2025-09-04 11:40:19.546132,11.33,5,iOS
1505,492,2025-05-16 13:41:00,2025-05-16 13:47:15.179888,6.25,3,Web
1506,492,2025-04-11 06:16:00,2025-04-11 06:22:57.734342,6.96,3,Web
1507,492,2025-05-12 16:07:00,2025-05-12 16:17:55.209679,10.92,5,Web
1508,492,2025-03-27 14:37:00,2025-03-27 14:40:42.740377,3.71,1,Web
1509,492,2025-06-03 22:27:00,2025-06-03 22:37:33.135346,10.55,5,Web
1510,493,2025-04-23 07:16:00,2025-04-23 07:31:50.553723,15.84,7,Android
1511,493,2025-05-30 02:42:00,2025-05-30 02:45:30.343171,3.51,1,Android
1512,493,2025-02-18 06:59:00,2025-02-18 07:11:09.322338,12.16,6,Android
1513,493,2025-04-22 12:15:00,2025-04-22 12:30:07.361571,15.12,7,Android
1514,493,2025-03-21 08:41:00,2025-03-21 08:49:17.488774,8.29,4,Android
1515,493,2025-04-04 09:27:00,2025-04-04 09:31:43.681271,4.73,2,Android
1516,494,2025-09-05 04:32:00,2025-09-05 04:44:26.958016,12.45,6,iOS
1517,494,2025-07-04 09:36:00,2025-07-04 09:43:52.699319,7.88,3,iOS
1518,494,2025-06-19 12:51:00,2025-06-19 13:03:32.869387,12.55,6,iOS
1519,494,2025-09-06 16:57:00,2025-09-06 16:58:27.931162,1.47,0,iOS
1520,494,2025-06-30 05:25:00,2025-06-30 05:43:11.508055,18.19,9,iOS
1521,494,2025-09-09 19:23:00,2025-09-09 19:30:36.260777,7.6,3,iOS
1522,494,2025-09-24 23:50:00,2025-09-25 00:03:53.154950,13.89,6,iOS
1523,495,2025-11-28 00:16:00,2025-11-28 00:32:00.127269,16.0,8,Android
1524,496,2024-03-13 15:25:00,2024-03-13 15:42:13.966678,17.23,8,Android
1525,496,2024-06-05 09:06:00,2024-06-05 09:25:41.052649,19.68,9,Android
1526,496,2024-05-02 09:43:00,2024-05-02 09:56:04.004441,13.07,6,Android
1527,497,2025-06-28 04:06:00,2025-06-28 04:21:09.052258,15.15,7,Web
1528,498,2025-05-24 19:23:00,2025-05-24 19:28:49.647975,5.83,2,Android
1529,498,2025-07-14 00:34:00,2025-07-14 00:41:37.385914,7.62,3,Android
1530,498,2025-04-14 09:19:00,2025-04-14 09:31:42.927629,12.72,6,Android
1531,498,2025-07-09 18:29:00,2025-07-09 18:32:19.627541,3.33,1,Android
1532,499,2025-10-04 05:26:00,2025-10-04 05:34:57.223884,8.95,4,iOS
1533,499,2025-10-25 23:36:00,2025-10-25 23:39:36.552078,3.61,1,iOS
1534,499,2025-12-27 04:34:00,2025-12-27 04:48:25.346655,14.42,7,iOS
1535,499,2025-11-17 20:46:00,2025-11-17 20:59:19.399280,13.32,6,iOS
1536,499,2025-09-26 03:20:00,2025-09-26 03:31:40.370947,11.67,5,iOS
1537,499,2026-01-07 10:26:00,2026-01-07 10:35:06.157177,9.1,4,iOS
1538,499,2025-09-26 11:00:00,2025-09-26 11:11:01.415036,11.02,5,iOS
1539,499,2025-11-24 08:59:00,2025-11-24 09:10:55.321631,11.92,5,iOS
1540,499,2025-12-16 02:57:00,2025-12-16 03:13:56.855495,16.95,8,iOS
1541,500,2024-10-08 09:42:00,2024-10-08 10:21:57.905232,39.97,19,iOS
1542,500,2024-12-29 00:54:00,2024-12-29 01:23:03.234589,29.05,14,iOS
1543,500,2024-09-11 07:41:00,2024-09-11 07:50:26.207240,9.44,4,iOS
1544,500,2024-12-19 19:08:00,2024-12-19 19:20:38.973261,12.65,6,iOS
1545,500,2024-12-28 13:27:00,2024-12-28 14:11:52.612157,44.88,22,iOS
1546,500,2024-10-17 06:56:00,2024-10-17 07:35:01.892318,39.03,19,iOS
1547,501,2025-11-04 00:49:00,2025-11-04 01:05:42.162594,16.7,8,iOS
1548,502,2025-07-05 17:45:00,2025-07-05 17:52:37.814886,7.63,3,Android
1549,502,2025-05-18 20:26:00,2025-05-18 20:33:52.714678,7.88,3,Android
1550,502,2025-07-30 10:59:00,2025-07-30 11:05:33.281389,6.55,3,Android
1551,503,2024-04-07 01:11:00,2024-04-07 01:40:18.188741,29.3,14,Android
1552,503,2024-05-26 22:59:00,2024-05-26 23:12:07.707771,13.13,6,Android
1553,503,2024-06-10 18:04:00,2024-06-10 18:39:10.560290,35.18,17,Android
1554,503,2024-05-27 17:06:00,2024-05-27 17:34:24.166310,28.4,14,Android
1555,503,2024-05-23 04:02:00,2024-05-23 04:25:59.864979,24.0,11,Android
1556,504,2026-04-05 22:03:00,2026-04-05 22:06:04.596847,3.08,1,iOS
1557,504,2025-12-20 08:47:00,2025-12-20 08:55:36.540772,8.61,4,iOS
1558,504,2026-03-14 09:05:00,2026-03-14 09:17:10.316698,12.17,6,iOS
1559,504,2026-02-01 02:45:00,2026-02-01 02:48:22.235836,3.37,1,iOS
1560,505,2025-01-19 12:27:00,2025-01-19 12:34:34.886411,7.58,3,Android
1561,505,2025-03-02 07:30:00,2025-03-02 07:37:28.226869,7.47,3,Android
1562,505,2025-04-04 13:43:00,2025-04-04 13:59:15.292826,16.25,8,Android
1563,505,2025-02-06 06:21:00,2025-02-06 06:37:15.817436,16.26,8,Android
1564,505,2024-12-22 05:00:00,2024-12-22 05:14:34.600914,14.58,7,Android
1565,505,2025-01-21 07:41:00,2025-01-21 07:58:46.188179,17.77,8,Android
1566,506,2025-03-04 07:54:00,2025-03-04 08:06:59.391117,12.99,6,iOS
1567,506,2025-02-26 01:31:00,2025-02-26 01:39:11.791929,8.2,4,iOS
1568,506,2025-05-22 16:11:00,2025-05-22 16:23:46.883509,12.78,6,iOS
1569,506,2025-03-07 19:55:00,2025-03-07 20:13:12.587651,18.21,9,iOS
1570,507,2024-05-23 19:18:00,2024-05-23 19:50:12.799686,32.21,16,Android
1571,507,2024-04-25 16:12:00,2024-04-25 16:50:00.860223,38.01,19,Android
1572,507,2024-03-29 10:40:00,2024-03-29 10:51:05.474330,11.09,5,Android
1573,507,2024-03-22 02:44:00,2024-03-22 03:08:10.809344,24.18,12,Android
1574,508,2025-11-15 18:23:00,2025-11-15 18:32:47.449345,9.79,4,Android
1575,509,2025-07-23 17:22:00,2025-07-23 17:38:30.473028,16.51,8,iOS
1576,509,2025-05-19 09:46:00,2025-05-19 10:00:49.340908,14.82,7,iOS
1577,509,2025-06-22 17:03:00,2025-06-22 17:13:40.747519,10.68,5,iOS
1578,509,2025-06-13 22:23:00,2025-06-13 22:34:24.678167,11.41,5,iOS
1579,510,2024-06-01 03:39:00,2024-06-01 03:55:54.516573,16.91,8,Android
1580,510,2024-04-06 14:37:00,2024-04-06 14:45:03.738795,8.06,4,Android
1581,510,2024-02-27 02:11:00,2024-02-27 02:12:44.653508,1.74,0,Android
1582,511,2024-03-24 10:26:00,2024-03-24 10:40:36.677353,14.61,7,Web
1583,511,2024-02-26 17:25:00,2024-02-26 17:42:16.603892,17.28,8,Web
1584,511,2024-03-03 22:09:00,2024-03-03 22:23:47.399960,14.79,7,Web
1585,511,2024-06-09 18:19:00,2024-06-09 18:28:41.273709,9.69,4,Web
1586,511,2024-04-15 20:19:00,2024-04-15 20:33:45.310511,14.76,7,Web
1587,512,2025-06-17 22:38:00,2025-06-17 22:56:37.908223,18.63,9,iOS
1588,512,2025-08-31 22:04:00,2025-08-31 22:06:49.124141,2.82,1,iOS
1589,512,2025-07-04 11:32:00,2025-07-04 11:34:59.762653,3.0,1,iOS
1590,512,2025-06-10 01:51:00,2025-06-10 01:54:42.764410,3.71,1,iOS
1591,513,2026-03-03 23:39:00,2026-03-03 23:56:46.032218,17.77,8,Web
1592,514,2024-07-30 12:57:00,2024-07-30 13:08:03.759121,11.06,5,iOS
1593,515,2025-10-21 11:14:00,2025-10-21 11:15:46.467260,1.77,0,iOS
1594,516,2024-12-03 19:44:00,2024-12-03 19:58:56.370036,14.94,7,iOS
1595,517,2024-04-29 09:52:00,2024-04-29 09:56:23.061651,4.38,2,iOS
1596,517,2024-04-30 06:18:00,2024-04-30 06:37:03.981378,19.07,9,iOS
1597,517,2024-07-29 04:59:00,2024-07-29 05:06:35.358804,7.59,3,iOS
1598,517,2024-07-14 18:41:00,2024-07-14 19:00:44.262747,19.74,9,iOS
1599,517,2024-06-28 03:16:00,2024-06-28 03:33:08.092700,17.13,8,iOS
1600,517,2024-04-15 22:50:00,2024-04-15 22:51:38.661604,1.64,0,iOS
1601,518,2025-04-21 02:57:00,2025-04-21 03:08:24.370415,11.41,5,Android
1602,518,2025-04-26 14:22:00,2025-04-26 14:41:54.968393,19.92,9,Android
1603,519,2024-04-29 19:11:00,2024-04-29 19:24:49.535397,13.83,6,Web
1604,519,2024-04-10 22:57:00,2024-04-10 23:01:33.545179,4.56,2,Web
1605,520,2025-10-26 17:57:00,2025-10-26 18:08:05.478319,11.09,5,Android
1606,520,2025-10-11 16:43:00,2025-10-11 16:51:53.521393,8.89,4,Android
1607,520,2025-08-13 13:44:00,2025-08-13 13:46:58.939237,2.98,1,Android
1608,521,2024-06-21 08:56:00,2024-06-21 09:39:36.748527,43.61,21,Android
1609,521,2024-07-01 12:24:00,2024-07-01 13:06:30.681452,42.51,21,Android
1610,521,2024-06-25 13:40:00,2024-06-25 14:21:59.001588,41.98,20,Android
1611,521,2024-07-03 05:52:00,2024-07-03 06:24:38.161422,32.64,16,Android
1612,521,2024-08-06 21:27:00,2024-08-06 22:06:46.074058,39.77,19,Android
1613,522,2025-04-15 02:47:00,2025-04-15 03:12:17.526695,25.29,12,Android
1614,523,2024-07-02 13:22:00,2024-07-02 13:38:14.400152,16.24,8,Web
1615,524,2025-06-29 23:13:00,2025-06-29 23:16:47.495176,3.79,1,Android
1616,525,2025-04-26 16:10:00,2025-04-26 16:25:14.363346,15.24,7,Android
1617,525,2025-02-26 11:40:00,2025-02-26 11:43:38.441673,3.64,1,Android
1618,525,2025-02-13 16:43:00,2025-02-13 16:44:27.161374,1.45,0,Android
1619,525,2025-02-13 00:20:00,2025-02-13 00:31:01.606546,11.03,5,Android
1620,525,2025-01-18 14:51:00,2025-01-18 15:05:10.921630,14.18,7,Android
1621,525,2025-04-02 23:46:00,2025-04-02 23:48:41.629467,2.69,1,Android
1622,526,2025-06-16 11:10:00,2025-06-16 11:13:16.539990,3.28,1,iOS
1623,526,2025-06-06 17:35:00,2025-06-06 17:40:05.811542,5.1,2,iOS
1624,526,2025-04-28 09:35:00,2025-04-28 09:37:41.479571,2.69,1,iOS
1625,526,2025-04-11 23:24:00,2025-04-11 23:25:10.652321,1.18,0,iOS
1626,527,2026-01-19 11:20:00,2026-01-19 11:22:49.324063,2.82,1,Android
1627,527,2026-01-05 13:42:00,2026-01-05 14:01:25.354570,19.42,9,Android
1628,527,2026-04-23 13:11:00,2026-04-23 13:25:02.994347,14.05,7,Android
1629,527,2026-01-02 16:48:00,2026-01-02 17:05:49.948437,17.83,8,Android
1630,527,2026-04-17 12:50:00,2026-04-17 12:53:06.073358,3.1,1,Android
1631,528,2024-10-27 17:02:00,2024-10-27 17:15:05.829390,13.1,6,Android
1632,529,2025-09-28 15:36:00,2025-09-28 15:44:18.693776,8.31,4,Android
1633,529,2025-08-03 00:20:00,2025-08-03 00:30:45.693046,10.76,5,Android
1634,529,2025-07-30 18:56:00,2025-07-30 18:58:28.558012,2.48,1,Android
1635,529,2025-08-20 05:04:00,2025-08-20 05:11:57.038275,7.95,3,Android
1636,530,2025-10-02 08:28:00,2025-10-02 08:46:26.705538,18.45,9,Web
1637,530,2025-11-03 14:45:00,2025-11-03 14:46:39.521220,1.66,0,Web
1638,531,2025-07-12 11:59:00,2025-07-12 12:31:09.777822,32.16,16,iOS
1639,531,2025-07-29 07:00:00,2025-07-29 07:11:04.053211,11.07,5,iOS
1640,532,2025-06-06 23:29:00,2025-06-06 23:41:49.399889,12.82,6,Android
1641,532,2025-04-14 04:24:00,2025-04-14 04:38:25.446570,14.42,7,Android
1642,533,2025-10-26 20:16:00,2025-10-26 20:35:21.615876,19.36,9,Android
1643,534,2025-05-13 17:16:00,2025-05-13 17:27:20.543047,11.34,5,Android
1644,534,2025-04-24 11:36:00,2025-04-24 11:40:50.733037,4.85,2,Android
1645,534,2025-02-22 20:58:00,2025-02-22 21:03:38.761259,5.65,2,Android
1646,534,2025-04-10 13:48:00,2025-04-10 14:03:41.643288,15.69,7,Android
1647,534,2025-04-17 23:25:00,2025-04-17 23:26:45.060765,1.75,0,Android
1648,535,2025-09-29 03:56:00,2025-09-29 04:01:10.736102,5.18,2,iOS
1649,535,2025-07-31 03:16:00,2025-07-31 03:33:44.638046,17.74,8,iOS
1650,535,2025-08-12 19:59:00,2025-08-12 20:07:08.782405,8.15,4,iOS
1651,536,2024-11-10 16:55:00,2024-11-10 17:02:16.819968,7.28,3,Web
1652,536,2024-10-11 22:53:00,2024-10-11 23:07:40.605040,14.68,7,Web
1653,537,2025-01-10 09:23:00,2025-01-10 09:29:03.914231,6.07,3,Android
1654,537,2024-12-20 20:17:00,2024-12-20 20:28:51.767424,11.86,5,Android
1655,538,2025-09-08 06:38:00,2025-09-08 06:40:18.313880,2.31,1,Android
1656,538,2025-11-20 11:42:00,2025-11-20 11:55:02.681777,13.04,6,Android
1657,538,2025-10-20 06:29:00,2025-10-20 06:35:33.233149,6.55,3,Android
1658,538,2025-10-18 23:08:00,2025-10-18 23:11:01.076058,3.02,1,Android
1659,539,2025-10-23 04:05:00,2025-10-23 04:15:06.486513,10.11,5,Android
1660,540,2025-05-11 15:01:00,2025-05-11 15:18:06.325400,17.11,8,iOS
1661,540,2025-06-09 08:47:00,2025-06-09 08:49:56.308568,2.94,1,iOS
1662,540,2025-07-06 14:19:00,2025-07-06 14:38:30.539313,19.51,9,iOS
1663,540,2025-07-04 13:51:00,2025-07-04 14:10:41.423377,19.69,9,iOS
1664,540,2025-07-09 19:20:00,2025-07-09 19:26:44.571855,6.74,3,iOS
1665,541,2024-03-20 16:41:00,2024-03-20 16:45:53.577059,4.89,2,iOS
1666,541,2024-06-20 16:57:00,2024-06-20 17:13:11.884648,16.2,8,iOS
1667,541,2024-07-02 20:07:00,2024-07-02 20:14:08.787720,7.15,3,iOS
1668,542,2025-02-21 17:30:00,2025-02-21 17:55:38.510557,25.64,12,Android
1669,543,2025-07-04 14:10:00,2025-07-04 14:29:15.249322,19.25,9,Android
1670,543,2025-05-21 07:45:00,2025-05-21 08:26:57.202017,41.95,20,Android
1671,543,2025-05-30 03:47:00,2025-05-30 04:18:41.830329,31.7,15,Android
1672,544,2026-03-14 15:11:00,2026-03-14 15:12:35.816945,1.6,0,iOS
1673,545,2024-06-14 02:39:00,2024-06-14 02:53:49.170164,14.82,7,Web
1674,545,2024-03-19 00:00:00,2024-03-19 00:13:32.761917,13.55,6,Web
1675,545,2024-05-11 13:02:00,2024-05-11 13:08:37.580638,6.63,3,Web
1676,545,2024-06-19 07:12:00,2024-06-19 07:17:45.145803,5.75,2,Web
1677,545,2024-03-27 08:18:00,2024-03-27 08:33:10.742492,15.18,7,Web
1678,545,2024-03-24 13:32:00,2024-03-24 13:47:47.290331,15.79,7,Web
1679,546,2025-03-26 21:48:00,2025-03-26 21:52:32.838023,4.55,2,Android
1680,546,2025-05-23 07:27:00,2025-05-23 07:38:38.466494,11.64,5,Android
1681,546,2025-02-11 02:32:00,2025-02-11 02:34:42.454162,2.71,1,Android
1682,546,2025-03-23 07:43:00,2025-03-23 07:55:08.553307,12.14,6,Android
1683,546,2025-03-08 10:43:00,2025-03-08 10:55:10.020380,12.17,6,Android
1684,547,2024-09-26 04:39:00,2024-09-26 04:52:47.611487,13.79,6,iOS
1685,547,2024-06-26 04:03:00,2024-06-26 04:20:01.902050,17.03,8,iOS
1686,548,2026-02-28 18:49:00,2026-02-28 19:06:39.792674,17.66,8,iOS
1687,549,2025-09-19 22:45:00,2025-09-19 23:04:17.264442,19.29,9,Android
1688,549,2025-11-04 16:55:00,2025-11-04 17:00:36.955718,5.62,2,Android
1689,550,2025-04-22 16:15:00,2025-04-22 16:21:46.871432,6.78,3,Web
1690,550,2025-07-29 17:35:00,2025-07-29 17:50:29.712207,15.5,7,Web
1691,550,2025-06-17 20:43:00,2025-06-17 20:46:48.534999,3.81,1,Web
1692,550,2025-04-19 12:27:00,2025-04-19 12:45:23.909667,18.4,9,Web
1693,551,2024-07-19 18:46:00,2024-07-19 19:05:42.952833,19.72,9,Web
1694,551,2024-06-23 11:43:00,2024-06-23 11:50:14.222694,7.24,3,Web
1695,551,2024-05-23 20:59:00,2024-05-23 21:11:32.204299,12.54,6,Web
1696,552,2025-11-22 21:17:00,2025-11-22 21:36:43.163782,19.72,9,Android
1697,553,2025-03-28 22:55:00,2025-03-28 23:05:36.171043,10.6,5,iOS
1698,553,2025-03-30 17:23:00,2025-03-30 17:32:37.149663,9.62,4,iOS
1699,553,2025-04-10 00:13:00,2025-04-10 00:26:16.600472,13.28,6,iOS
1700,553,2025-01-20 15:46:00,2025-01-20 15:52:37.567007,6.63,3,iOS
1701,553,2025-04-23 21:44:00,2025-04-23 21:59:40.328796,15.67,7,iOS
1702,553,2025-02-03 03:00:00,2025-02-03 03:01:07.894703,1.13,0,iOS
1703,554,2025-07-26 16:47:00,2025-07-26 16:53:17.159627,6.29,3,Web
1704,554,2025-04-27 14:49:00,2025-04-27 14:59:05.341083,10.09,5,Web
1705,555,2024-09-18 10:22:00,2024-09-18 10:30:33.557634,8.56,4,iOS
1706,556,2026-03-03 08:21:00,2026-03-03 08:35:24.659190,14.41,7,Web
1707,556,2026-02-20 22:53:00,2026-02-20 23:02:24.562368,9.41,4,Web
1708,556,2025-11-13 09:27:00,2025-11-13 09:36:32.949415,9.55,4,Web
1709,557,2025-12-09 01:39:00,2025-12-09 01:52:32.582420,13.54,6,Android
1710,558,2024-12-22 17:07:00,2024-12-22 17:25:29.339637,18.49,9,Android
1711,559,2025-11-08 00:12:00,2025-11-08 00:17:40.293232,5.67,2,iOS
1712,559,2025-11-12 15:08:00,2025-11-12 15:11:49.208321,3.82,1,iOS
1713,559,2026-02-14 06:53:00,2026-02-14 07:10:57.178658,17.95,8,iOS
1714,560,2025-03-28 23:32:00,2025-03-28 23:50:30.402795,18.51,9,Android
1715,560,2025-06-13 04:29:00,2025-06-13 04:43:26.612610,14.44,7,Android
1716,560,2025-04-27 23:34:00,2025-04-27 23:42:09.387274,8.16,4,Android
1717,561,2025-06-02 15:44:00,2025-06-02 15:50:48.502833,6.81,3,iOS
1718,561,2025-07-04 18:17:00,2025-07-04 18:18:03.009816,1.05,0,iOS
1719,562,2025-05-22 22:08:00,2025-05-22 22:26:52.463739,18.87,9,Android
1720,562,2025-04-14 02:53:00,2025-04-14 03:07:50.817408,14.85,7,Android
1721,562,2025-05-02 05:05:00,2025-05-02 05:22:11.488120,17.19,8,Android
1722,562,2025-04-15 11:00:00,2025-04-15 11:13:56.360728,13.94,6,Android
1723,562,2025-03-16 14:16:00,2025-03-16 14:35:24.915768,19.42,9,Android
1724,562,2025-06-15 05:23:00,2025-06-15 05:30:01.657789,7.03,3,Android
1725,562,2025-04-03 16:06:00,2025-04-03 16:10:46.636877,4.78,2,Android
1726,563,2025-05-19 19:04:00,2025-05-19 19:47:31.906686,43.53,21,Android
1727,563,2025-04-09 08:01:00,2025-04-09 08:15:32.917440,14.55,7,Android
1728,563,2025-05-02 08:02:00,2025-05-02 08:14:00.371529,12.01,6,Android
1729,563,2025-04-11 01:00:00,2025-04-11 01:25:41.947153,25.7,12,Android
1730,563,2025-02-17 04:52:00,2025-02-17 05:24:01.110291,32.02,16,Android
1731,563,2025-04-25 22:10:00,2025-04-25 22:33:58.986267,23.98,11,Android
1732,564,2024-09-15 20:01:00,2024-09-15 20:04:37.115018,3.62,1,iOS
1733,564,2024-12-02 15:22:00,2024-12-02 15:36:47.710837,14.8,7,iOS
1734,564,2025-01-04 06:10:00,2025-01-04 06:29:59.611782,19.99,9,iOS
1735,564,2025-01-01 12:11:00,2025-01-01 12:29:28.499028,18.47,9,iOS
1736,565,2026-02-11 08:31:00,2026-02-11 08:48:59.604984,17.99,8,Web
1737,565,2026-01-15 02:35:00,2026-01-15 02:43:43.045023,8.72,4,Web
1738,565,2025-12-05 18:35:00,2025-12-05 18:46:08.627999,11.14,5,Web
1739,565,2025-11-11 15:43:00,2025-11-11 15:47:54.568839,4.91,2,Web
1740,565,2026-01-19 14:10:00,2026-01-19 14:29:03.161070,19.05,9,Web
1741,566,2025-06-04 13:21:00,2025-06-04 13:30:15.925004,9.27,4,Web
1742,566,2025-05-31 07:53:00,2025-05-31 08:00:12.818635,7.21,3,Web
1743,566,2025-04-26 07:39:00,2025-04-26 07:44:31.263493,5.52,2,Web
1744,567,2024-05-26 06:06:00,2024-05-26 06:17:03.026368,11.05,5,Android
1745,567,2024-05-10 03:33:00,2024-05-10 03:47:10.814841,14.18,7,Android
1746,567,2024-05-21 10:24:00,2024-05-21 10:28:57.143081,4.95,2,Android
1747,567,2024-07-06 20:43:00,2024-07-06 20:58:32.364163,15.54,7,Android
1748,568,2025-06-12 11:31:00,2025-06-12 11:49:43.684659,18.73,9,Android
1749,568,2025-04-19 22:59:00,2025-04-19 23:08:07.277888,9.12,4,Android
1750,568,2025-04-23 03:04:00,2025-04-23 03:14:15.583157,10.26,5,Android
1751,569,2024-04-07 21:39:00,2024-04-07 21:40:54.662125,1.91,0,Android
1752,569,2024-04-26 07:45:00,2024-04-26 08:02:48.185959,17.8,8,Android
1753,569,2024-06-03 19:15:00,2024-06-03 19:16:23.426303,1.39,0,Android
1754,569,2024-05-20 13:42:00,2024-05-20 13:57:01.653938,15.03,7,Android
1755,569,2024-05-08 01:29:00,2024-05-08 01:34:49.433535,5.82,2,Android
1756,569,2024-03-17 23:52:00,2024-03-17 23:57:18.000325,5.3,2,Android
1757,570,2025-04-09 05:04:00,2025-04-09 05:23:14.290406,19.24,9,iOS
1758,570,2025-04-25 07:21:00,2025-04-25 07:29:58.638299,8.98,4,iOS
1759,571,2024-05-04 00:33:00,2024-05-04 00:45:59.983004,13.0,6,Android
1760,571,2024-03-01 06:28:00,2024-03-01 06:40:49.410009,12.82,6,Android
1761,571,2024-06-07 02:24:00,2024-06-07 02:38:43.802582,14.73,7,Android
1762,572,2025-12-22 15:39:00,2025-12-22 15:50:26.995110,11.45,5,iOS
1763,572,2025-12-23 13:24:00,2025-12-23 13:37:24.124571,13.4,6,iOS
1764,572,2026-02-21 09:27:00,2026-02-21 09:39:24.581061,12.41,6,iOS
1765,573,2026-01-29 07:29:00,2026-01-29 07:43:00.748076,14.01,7,Android
1766,573,2025-12-27 06:30:00,2025-12-27 06:45:27.595905,15.46,7,Android
1767,573,2026-01-05 01:27:00,2026-01-05 01:39:43.085387,12.72,6,Android
1768,574,2024-09-01 18:50:00,2024-09-01 19:07:00.696225,17.01,8,Web
1769,574,2024-11-26 15:13:00,2024-11-26 15:28:10.716800,15.18,7,Web
1770,575,2025-01-03 07:30:00,2025-01-03 07:41:03.126002,11.05,5,Web
1771,575,2024-12-29 19:42:00,2024-12-29 20:01:39.842611,19.66,9,Web
1772,575,2024-11-26 14:56:00,2024-11-26 15:10:58.139614,14.97,7,Web
1773,575,2025-01-06 19:32:00,2025-01-06 19:40:42.027090,8.7,4,Web
1774,576,2025-05-17 16:02:00,2025-05-17 16:09:11.863440,7.2,3,Android
1775,576,2025-06-30 07:53:00,2025-06-30 08:11:13.411108,18.22,9,Android
1776,576,2025-06-17 15:53:00,2025-06-17 16:12:18.620403,19.31,9,Android
1777,576,2025-06-23 13:15:00,2025-06-23 13:18:46.290018,3.77,1,Android
1778,577,2024-08-17 23:21:00,2024-08-17 23:32:08.569529,11.14,5,Android
1779,577,2024-06-07 19:34:00,2024-06-07 19:49:23.764140,15.4,7,Android
1780,577,2024-07-05 07:56:00,2024-07-05 08:15:35.656756,19.59,9,Android
1781,577,2024-07-21 03:26:00,2024-07-21 03:34:37.840408,8.63,4,Android
1782,577,2024-07-15 03:57:00,2024-07-15 04:08:52.478502,11.87,5,Android
1783,578,2025-11-12 10:59:00,2025-11-12 11:18:39.963670,19.67,9,Web
1784,578,2025-12-07 22:10:00,2025-12-07 22:18:04.684130,8.08,4,Web
1785,578,2025-09-10 15:01:00,2025-09-10 15:02:47.261117,1.79,0,Web
1786,578,2025-11-21 17:20:00,2025-11-21 17:29:05.588866,9.09,4,Web
1787,578,2025-11-28 02:56:00,2025-11-28 03:01:17.359218,5.29,2,Web
1788,578,2025-11-27 21:16:00,2025-11-27 21:31:36.920259,15.62,7,Web
1789,578,2025-09-01 16:32:00,2025-09-01 16:35:25.936431,3.43,1,Web
1790,579,2025-04-30 23:16:00,2025-04-30 23:33:10.668746,17.18,8,iOS
1791,579,2025-03-15 03:19:00,2025-03-15 03:28:11.999566,9.2,4,iOS
1792,580,2025-04-26 14:45:00,2025-04-26 14:48:58.210380,3.97,1,Android
1793,580,2025-05-02 17:45:00,2025-05-02 17:57:08.179683,12.14,6,Android
1794,580,2025-01-10 09:18:00,2025-01-10 09:21:42.831017,3.71,1,Android
1795,581,2024-11-29 20:50:00,2024-11-29 21:29:53.367306,39.89,19,iOS
1796,581,2024-10-22 15:49:00,2024-10-22 15:59:41.156133,10.69,5,iOS
1797,581,2024-09-28 21:57:00,2024-09-28 22:09:53.346999,12.89,6,iOS
1798,581,2024-10-24 09:01:00,2024-10-24 09:20:55.311116,19.92,9,iOS
1799,581,2024-12-07 05:07:00,2024-12-07 05:44:13.958692,37.23,18,iOS
1800,581,2024-11-14 05:10:00,2024-11-14 05:48:25.811195,38.43,19,iOS
1801,582,2026-01-01 07:57:00,2026-01-01 08:00:17.787004,3.3,1,iOS
1802,583,2024-06-23 08:38:00,2024-06-23 08:41:49.566682,3.83,1,Android
1803,583,2024-06-06 16:29:00,2024-06-06 16:43:56.732358,14.95,7,Android
1804,584,2025-12-02 05:48:00,2025-12-02 05:57:45.575909,9.76,4,Android
1805,584,2026-01-05 16:37:00,2026-01-05 16:48:59.810810,12.0,5,Android
1806,584,2026-01-23 14:37:00,2026-01-23 14:54:47.007941,17.78,8,Android
1807,584,2025-11-10 11:19:00,2025-11-10 11:27:56.842189,8.95,4,Android
1808,584,2025-10-09 05:55:00,2025-10-09 05:58:03.275006,3.05,1,Android
1809,584,2025-11-15 02:59:00,2025-11-15 03:10:51.259524,11.85,5,Android
1810,585,2024-08-30 16:47:00,2024-08-30 16:56:13.651707,9.23,4,Web
1811,585,2024-08-25 02:42:00,2024-08-25 02:53:37.024622,11.62,5,Web
1812,586,2025-11-05 20:11:00,2025-11-05 20:16:48.182548,5.8,2,iOS
1813,586,2026-01-08 20:50:00,2026-01-08 21:00:17.933589,10.3,5,iOS
1814,586,2026-01-07 06:41:00,2026-01-07 06:51:52.946585,10.88,5,iOS
1815,587,2024-03-26 04:15:00,2024-03-26 04:32:55.073194,17.92,8,Web
1816,587,2024-05-12 20:43:00,2024-05-12 20:59:39.174610,16.65,8,Web
1817,587,2024-04-28 17:51:00,2024-04-28 18:05:00.910949,14.02,7,Web
1818,587,2024-03-19 20:08:00,2024-03-19 20:23:33.636245,15.56,7,Web
1819,587,2024-01-30 13:04:00,2024-01-30 13:10:55.576287,6.93,3,Web
1820,587,2024-03-08 23:12:00,2024-03-08 23:25:30.069388,13.5,6,Web
1821,588,2024-05-24 08:20:00,2024-05-24 08:33:11.590486,13.19,6,Android
1822,589,2024-06-13 18:59:00,2024-06-13 19:02:36.117976,3.6,1,Android
1823,589,2024-04-04 05:56:00,2024-04-04 06:07:20.586311,11.34,5,Android
1824,590,2024-10-07 20:36:00,2024-10-07 21:11:35.114383,35.59,17,Android
1825,591,2024-02-11 21:15:00,2024-02-11 21:26:18.763288,11.31,5,iOS
1826,592,2025-07-30 03:07:00,2025-07-30 03:48:12.798863,41.21,20,Android
1827,592,2025-07-11 13:53:00,2025-07-11 14:10:33.176118,17.55,8,Android
1828,592,2025-07-18 18:33:00,2025-07-18 18:44:14.667439,11.24,5,Android
1829,593,2024-03-21 06:19:00,2024-03-21 06:31:21.878928,12.36,6,iOS
1830,593,2024-05-20 00:31:00,2024-05-20 00:40:43.712347,9.73,4,iOS
1831,593,2024-05-02 00:07:00,2024-05-02 00:25:37.402676,18.62,9,iOS
1832,593,2024-06-09 15:49:00,2024-06-09 15:55:20.078898,6.33,3,iOS
1833,593,2024-02-24 13:32:00,2024-02-24 13:49:29.756128,17.5,8,iOS
1834,593,2024-04-14 09:49:00,2024-04-14 10:05:21.134258,16.35,8,iOS
1835,594,2024-08-21 05:33:00,2024-08-21 05:45:18.770884,12.31,6,iOS
1836,594,2024-07-15 17:49:00,2024-07-15 17:57:28.133810,8.47,4,iOS
1837,595,2024-07-02 19:18:00,2024-07-02 19:25:33.187258,7.55,3,Android
1838,595,2024-07-31 03:05:00,2024-07-31 03:14:15.222282,9.25,4,Android
1839,595,2024-08-27 04:48:00,2024-08-27 04:59:36.236164,11.6,5,Android
1840,595,2024-05-18 00:01:00,2024-05-18 00:14:15.081906,13.25,6,Android
1841,596,2025-02-19 17:44:00,2025-02-19 17:50:56.722233,6.95,3,Android
1842,597,2025-08-04 12:52:00,2025-08-04 13:02:15.035996,10.25,5,Android
1843,598,2025-07-24 17:40:00,2025-07-24 17:46:21.814905,6.36,3,Android
1844,598,2025-07-28 18:31:00,2025-07-28 18:37:49.741755,6.83,3,Android
1845,598,2025-05-26 21:14:00,2025-05-26 21:33:59.703526,20.0,9,Android
1846,598,2025-07-08 23:19:00,2025-07-08 23:38:03.637921,19.06,9,Android
1847,598,2025-08-29 05:47:00,2025-08-29 05:50:34.127986,3.57,1,Android
1848,599,2025-05-28 01:22:00,2025-05-28 01:31:46.130296,9.77,4,Android
1849,599,2025-04-13 15:07:00,2025-04-13 15:23:59.871762,17.0,8,Android
1850,600,2024-07-30 05:51:00,2024-07-30 06:07:51.016074,16.85,8,Web
1851,600,2024-06-06 16:01:00,2024-06-06 16:08:02.781886,7.05,3,Web
1852,600,2024-05-26 07:33:00,2024-05-26 07:49:36.058761,16.6,8,Web
1853,601,2025-04-20 11:00:00,2025-04-20 11:12:23.051569,12.38,6,iOS
1854,601,2025-04-14 14:42:00,2025-04-14 14:45:01.529489,3.03,1,iOS
1855,601,2025-04-18 02:01:00,2025-04-18 02:17:49.497380,16.82,8,iOS
1856,602,2025-05-18 14:23:00,2025-05-18 14:27:54.226233,4.9,2,Android
1857,602,2025-06-30 15:54:00,2025-06-30 16:02:17.526805,8.29,4,Android
1858,602,2025-06-11 20:07:00,2025-06-11 20:22:28.738547,15.48,7,Android
1859,602,2025-04-22 05:35:00,2025-04-22 05:53:47.494234,18.79,9,Android
1860,603,2025-01-19 22:10:00,2025-01-19 22:14:40.815820,4.68,2,Web
1861,603,2024-10-16 10:15:00,2024-10-16 10:24:14.597032,9.24,4,Web
1862,603,2024-12-12 01:40:00,2024-12-12 01:46:00.280439,6.0,3,Web
1863,603,2025-01-22 19:34:00,2025-01-22 19:35:26.299913,1.44,0,Web
1864,604,2024-04-12 12:26:00,2024-04-12 12:48:03.414980,22.06,11,Android
1865,604,2024-05-05 19:05:00,2024-05-05 19:15:24.908186,10.42,5,Android
1866,605,2025-05-26 17:50:00,2025-05-26 17:51:51.070064,1.85,0,iOS
1867,606,2024-07-14 17:28:00,2024-07-14 17:38:48.562702,10.81,5,Web
1868,606,2024-06-08 17:17:00,2024-06-08 17:22:13.529132,5.23,2,Web
1869,606,2024-04-12 19:00:00,2024-04-12 19:19:56.637584,19.94,9,Web
1870,606,2024-05-09 09:36:00,2024-05-09 09:53:20.321695,17.34,8,Web
1871,606,2024-04-03 20:31:00,2024-04-03 20:47:34.796244,16.58,8,Web
1872,606,2024-05-22 22:25:00,2024-05-22 22:29:21.609359,4.36,2,Web
1873,607,2026-03-22 15:31:00,2026-03-22 15:38:07.558318,7.13,3,Android
1874,607,2026-02-01 05:33:00,2026-02-01 05:44:52.590537,11.88,5,Android
1875,607,2026-01-12 08:25:00,2026-01-12 08:31:50.848636,6.85,3,Android
1876,607,2025-12-15 20:26:00,2025-12-15 20:27:32.693458,1.54,0,Android
1877,608,2025-04-09 09:42:00,2025-04-09 09:44:48.062523,2.8,1,iOS
1878,608,2025-07-22 01:22:00,2025-07-22 01:41:52.536454,19.88,9,iOS
1879,608,2025-05-19 19:38:00,2025-05-19 19:41:37.265607,3.62,1,iOS
1880,608,2025-06-26 12:47:00,2025-06-26 13:02:57.174363,15.95,7,iOS
1881,608,2025-06-26 00:53:00,2025-06-26 01:01:02.446744,8.04,4,iOS
1882,608,2025-07-31 12:34:00,2025-07-31 12:44:25.681281,10.43,5,iOS
1883,609,2025-12-18 04:42:00,2025-12-18 05:09:38.129727,27.64,13,Android
1884,609,2025-12-12 22:27:00,2025-12-12 23:07:20.365236,40.34,20,Android
1885,609,2026-02-06 03:50:00,2026-02-06 04:14:04.405024,24.07,12,Android
1886,609,2025-11-15 05:21:00,2025-11-15 05:53:49.275820,32.82,16,Android
1887,609,2025-12-29 17:42:00,2025-12-29 18:15:38.495823,33.64,16,Android
1888,610,2024-10-16 06:50:00,2024-10-16 06:59:52.540558,9.88,4,iOS
1889,611,2024-07-24 16:26:00,2024-07-24 16:42:01.037680,16.02,8,iOS
1890,611,2024-09-11 17:27:00,2024-09-11 17:53:33.222334,26.55,13,iOS
1891,611,2024-09-28 08:58:00,2024-09-28 09:38:26.640762,40.44,20,iOS
1892,611,2024-09-27 12:50:00,2024-09-27 13:25:34.862316,35.58,17,iOS
1893,612,2024-05-25 06:03:00,2024-05-25 06:11:51.736243,8.86,4,iOS
1894,612,2024-05-28 16:27:00,2024-05-28 16:36:20.328453,9.34,4,iOS
1895,612,2024-03-22 14:11:00,2024-03-22 14:24:32.091581,13.53,6,iOS
1896,613,2025-03-18 14:50:00,2025-03-18 15:01:09.915876,11.17,5,Android
1897,613,2024-12-02 18:38:00,2024-12-02 19:09:01.195365,31.02,15,Android
1898,613,2025-02-21 22:10:00,2025-02-21 22:22:37.823422,12.63,6,Android
1899,613,2024-12-11 22:11:00,2024-12-11 22:35:45.935731,24.77,12,Android
1900,614,2024-12-27 04:21:00,2024-12-27 04:47:27.100443,26.45,13,Android
1901,614,2025-03-13 01:02:00,2025-03-13 01:14:45.185092,12.75,6,Android
1902,615,2025-10-26 11:07:00,2025-10-26 11:14:53.393475,7.89,3,Android
1903,616,2024-09-18 15:39:00,2024-09-18 15:52:01.334753,13.02,6,Android
1904,616,2024-08-25 16:21:00,2024-08-25 16:30:22.298728,9.37,4,Android
1905,616,2024-07-20 11:45:00,2024-07-20 11:47:27.423196,2.46,1,Android
1906,616,2024-10-10 11:16:00,2024-10-10 11:23:07.693906,7.13,3,Android
1907,617,2025-04-29 14:08:00,2025-04-29 14:24:02.543726,16.04,8,Android
1908,617,2025-06-03 05:09:00,2025-06-03 05:22:42.727678,13.71,6,Android
1909,618,2024-05-19 09:44:00,2024-05-19 09:48:39.932374,4.67,2,Android
1910,618,2024-07-21 22:02:00,2024-07-21 22:16:06.041722,14.1,7,Android
1911,618,2024-09-04 10:14:00,2024-09-04 10:20:19.491326,6.32,3,Android
1912,619,2025-08-25 02:58:00,2025-08-25 03:20:18.807453,22.31,11,Android
1913,619,2025-06-24 11:01:00,2025-06-24 11:35:54.004556,34.9,17,Android
1914,619,2025-07-21 21:10:00,2025-07-21 21:21:03.338669,11.06,5,Android
1915,620,2025-10-01 12:11:00,2025-10-01 12:20:03.748846,9.06,4,iOS
1916,620,2025-08-20 01:38:00,2025-08-20 01:42:20.139342,4.34,2,iOS
1917,620,2025-09-04 01:23:00,2025-09-04 01:35:27.587109,12.46,6,iOS
1918,621,2025-07-17 02:29:00,2025-07-17 02:33:37.698176,4.63,2,Android
1919,621,2025-10-02 21:33:00,2025-10-02 21:35:08.447814,2.14,1,Android
1920,621,2025-08-14 17:46:00,2025-08-14 17:50:23.517124,4.39,2,Android
1921,621,2025-07-17 00:14:00,2025-07-17 00:33:33.958462,19.57,9,Android
1922,621,2025-07-27 06:14:00,2025-07-27 06:22:09.973773,8.17,4,Android
1923,621,2025-06-21 06:34:00,2025-06-21 06:41:05.536959,7.09,3,Android
1924,622,2026-01-27 03:27:00,2026-01-27 03:30:58.367163,3.97,1,Web
1925,622,2026-01-05 15:07:00,2026-01-05 15:23:30.101281,16.5,8,Web
1926,622,2026-02-14 16:13:00,2026-02-14 16:29:17.969401,16.3,8,Web
1927,623,2024-07-09 23:57:00,2024-07-10 00:14:41.978893,17.7,8,Android
1928,623,2024-06-18 14:41:00,2024-06-18 14:42:56.090488,1.93,0,Android
1929,623,2024-04-15 15:30:00,2024-04-15 15:35:40.230479,5.67,2,Android
1930,623,2024-06-21 05:32:00,2024-06-21 05:41:04.807433,9.08,4,Android
1931,623,2024-05-15 01:54:00,2024-05-15 02:00:33.433245,6.56,3,Android
1932,623,2024-06-12 21:27:00,2024-06-12 21:28:35.851332,1.6,0,Android
1933,624,2025-11-26 07:59:00,2025-11-26 08:09:08.319291,10.14,5,Web
1934,625,2025-05-22 11:41:00,2025-05-22 11:52:03.965001,11.07,5,iOS
1935,625,2025-07-20 07:28:00,2025-07-20 07:38:22.380472,10.37,5,iOS
1936,625,2025-05-30 17:44:00,2025-05-30 17:47:12.604564,3.21,1,iOS
1937,626,2025-05-04 08:13:00,2025-05-04 08:21:55.917663,8.93,4,iOS
1938,626,2025-03-22 02:44:00,2025-03-22 02:52:57.500979,8.96,4,iOS
1939,627,2026-02-21 22:15:00,2026-02-21 22:28:38.846009,13.65,6,Android
1940,627,2026-02-11 18:11:00,2026-02-11 18:29:40.235123,18.67,9,Android
1941,628,2025-10-07 09:01:00,2025-10-07 09:43:48.889290,42.81,21,Android
1942,628,2025-10-04 06:05:00,2025-10-04 06:45:17.582123,40.29,20,Android
1943,628,2025-07-01 15:38:00,2025-07-01 16:12:22.210000,34.37,17,Android
1944,628,2025-10-17 13:18:00,2025-10-17 13:51:04.714852,33.08,16,Android
1945,629,2024-03-14 13:00:00,2024-03-14 13:12:02.166909,12.04,6,Android
1946,629,2024-03-03 02:50:00,2024-03-03 02:54:49.973660,4.83,2,Android
1947,629,2024-05-02 22:50:00,2024-05-02 22:55:37.951767,5.63,2,Android
1948,629,2024-04-12 13:23:00,2024-04-12 13:40:55.030212,17.92,8,Android
1949,630,2024-11-10 14:57:00,2024-11-10 15:00:24.828740,3.41,1,Android
1950,630,2024-12-15 01:25:00,2024-12-15 01:26:18.034838,1.3,0,Android
1951,630,2025-01-15 22:05:00,2025-01-15 22:11:35.003477,6.58,3,Android
1952,631,2025-01-12 02:57:00,2025-01-12 03:07:12.133558,10.2,5,Android
1953,631,2024-10-21 18:09:00,2024-10-21 18:25:07.940539,16.13,8,Android
1954,632,2025-10-20 19:38:00,2025-10-20 19:57:04.997808,19.08,9,Android
1955,632,2025-07-17 11:39:00,2025-07-17 11:46:41.862656,7.7,3,Android
1956,633,2025-10-17 16:26:00,2025-10-17 16:43:10.095448,17.17,8,Web
1957,633,2025-10-07 22:58:00,2025-10-07 23:16:18.146267,18.3,9,Web
1958,634,2024-05-12 06:00:00,2024-05-12 06:07:31.213764,7.52,3,iOS
1959,634,2024-04-17 01:40:00,2024-04-17 01:55:37.585500,15.63,7,iOS
1960,634,2024-03-25 18:00:00,2024-03-25 18:19:00.041008,19.0,9,iOS
1961,634,2024-04-20 17:37:00,2024-04-20 17:50:50.130559,13.84,6,iOS
1962,635,2026-01-19 10:07:00,2026-01-19 10:36:53.159370,29.89,14,Web
1963,635,2025-12-08 18:18:00,2025-12-08 18:53:10.775604,35.18,17,Web
1964,636,2024-09-17 03:32:00,2024-09-17 03:50:13.100352,18.22,9,Android
1965,636,2024-07-24 00:31:00,2024-07-24 01:11:51.791353,40.86,20,Android
1966,636,2024-06-05 02:22:00,2024-06-05 02:36:53.871755,14.9,7,Android
1967,636,2024-07-12 14:17:00,2024-07-12 14:48:42.500694,31.71,15,Android
1968,637,2024-07-03 00:30:00,2024-07-03 00:49:25.007610,19.42,9,Android
1969,637,2024-08-24 03:53:00,2024-08-24 03:56:11.323051,3.19,1,Android
1970,637,2024-07-13 00:31:00,2024-07-13 00:33:14.893793,2.25,1,Android
1971,637,2024-08-08 18:25:00,2024-08-08 18:35:49.784374,10.83,5,Android
1972,638,2026-02-02 06:49:00,2026-02-02 07:08:57.335288,19.96,9,iOS
1973,638,2025-12-02 23:14:00,2025-12-02 23:17:36.182830,3.6,1,iOS
1974,639,2025-09-24 23:49:00,2025-09-24 23:50:45.696496,1.76,0,Android
1975,640,2025-02-27 08:37:00,2025-02-27 08:54:26.858158,17.45,8,Web
1976,640,2025-02-21 13:29:00,2025-02-21 13:48:38.464723,19.64,9,Web
1977,640,2025-05-22 16:42:00,2025-05-22 16:56:18.092904,14.3,7,Web
1978,641,2024-12-08 05:08:00,2024-12-08 05:19:26.534272,11.44,5,iOS
1979,641,2024-11-14 20:58:00,2024-11-14 21:11:21.816960,13.36,6,iOS
1980,641,2024-11-13 07:21:00,2024-11-13 07:39:58.622946,18.98,9,iOS
1981,641,2024-10-30 18:53:00,2024-10-30 19:00:39.560665,7.66,3,iOS
1982,642,2025-01-23 15:35:00,2025-01-23 15:43:42.598550,8.71,4,Web
1983,642,2024-11-27 05:09:00,2024-11-27 05:19:35.915611,10.6,5,Web
1984,642,2024-12-22 13:22:00,2024-12-22 13:35:34.826911,13.58,6,Web
1985,642,2024-12-26 08:27:00,2024-12-26 08:31:10.410404,4.17,2,Web
1986,643,2025-07-01 19:45:00,2025-07-01 19:55:43.718217,10.73,5,Android
1987,644,2024-04-04 05:42:00,2024-04-04 05:44:43.761023,2.73,1,Android
1988,644,2024-01-23 00:45:00,2024-01-23 00:48:06.168062,3.1,1,Android
1989,644,2024-01-23 08:19:00,2024-01-23 08:38:05.988209,19.1,9,Android
1990,645,2025-06-04 11:49:00,2025-06-04 11:51:07.864387,2.13,1,Android
1991,645,2025-06-09 11:52:00,2025-06-09 11:59:33.941251,7.57,3,Android
1992,645,2025-04-25 01:22:00,2025-04-25 01:25:39.879346,3.66,1,Android
1993,646,2025-01-13 12:09:00,2025-01-13 12:26:51.341127,17.86,8,Android
1994,646,2025-02-02 23:25:00,2025-02-02 23:44:27.649596,19.46,9,Android
1995,646,2025-01-31 03:48:00,2025-01-31 03:58:00.719273,10.01,5,Android
1996,646,2025-02-06 21:13:00,2025-02-06 21:28:23.172027,15.39,7,Android
1997,646,2025-02-13 07:45:00,2025-02-13 07:55:03.011784,10.05,5,Android
1998,646,2024-12-06 15:43:00,2024-12-06 15:45:35.810879,2.6,1,Android
1999,647,2025-03-20 01:46:00,2025-03-20 02:04:32.928767,18.55,9,iOS
2000,647,2025-04-12 23:06:00,2025-04-12 23:16:25.667777,10.43,5,iOS
2001,647,2025-03-24 15:07:00,2025-03-24 15:12:55.758311,5.93,2,iOS
2002,648,2024-07-31 16:38:00,2024-07-31 16:57:42.918946,19.72,9,Android
2003,648,2024-07-19 22:17:00,2024-07-19 22:31:50.145563,14.84,7,Android
2004,648,2024-08-18 22:22:00,2024-08-18 22:30:37.684390,8.63,4,Android
2005,648,2024-09-13 19:59:00,2024-09-13 20:17:15.068378,18.25,9,Android
2006,649,2025-05-10 04:17:00,2025-05-10 04:53:32.941970,36.55,18,Web
2007,649,2025-04-23 08:26:00,2025-04-23 08:38:32.875649,12.55,6,Web
2008,650,2024-11-11 06:23:00,2024-11-11 06:28:19.737458,5.33,2,iOS
2009,650,2024-10-14 01:46:00,2024-10-14 01:48:33.936408,2.57,1,iOS
2010,651,2025-09-26 19:07:00,2025-09-26 19:13:00.127353,6.0,3,Android
2011,651,2025-09-22 18:00:00,2025-09-22 18:17:32.574324,17.54,8,Android
2012,651,2025-07-18 21:28:00,2025-07-18 21:38:59.622064,10.99,5,Android
2013,651,2025-08-11 05:54:00,2025-08-11 05:59:37.780737,5.63,2,Android
2014,651,2025-09-08 06:52:00,2025-09-08 07:07:26.280106,15.44,7,Android
2015,652,2025-11-08 06:38:00,2025-11-08 06:50:39.854887,12.66,6,Android
2016,652,2025-11-15 11:42:00,2025-11-15 11:43:26.476394,1.44,0,Android
2017,652,2025-12-18 02:15:00,2025-12-18 02:27:56.232172,12.94,6,Android
2018,652,2025-12-08 01:48:00,2025-12-08 01:59:09.840729,11.16,5,Android
2019,652,2025-12-24 18:42:00,2025-12-24 18:50:34.879359,8.58,4,Android
2020,653,2024-05-01 23:49:00,2024-05-02 00:01:39.198748,12.65,6,Android
2021,653,2024-06-26 11:38:00,2024-06-26 11:45:17.245291,7.29,3,Android
2022,654,2025-05-30 15:17:00,2025-05-30 15:25:23.106449,8.39,4,Android
2023,654,2025-07-26 14:41:00,2025-07-26 14:49:19.412164,8.32,4,Android
2024,655,2026-01-12 00:43:00,2026-01-12 00:46:12.383077,3.21,1,iOS
2025,656,2025-01-19 06:54:00,2025-01-19 07:10:19.048333,16.32,8,Web
2026,656,2025-02-04 14:17:00,2025-02-04 14:54:13.743577,37.23,18,Web
2027,656,2025-03-19 11:44:00,2025-03-19 12:14:24.557723,30.41,15,Web
2028,657,2025-07-06 05:08:00,2025-07-06 05:19:17.638839,11.29,5,iOS
2029,657,2025-06-21 17:32:00,2025-06-21 17:46:35.012000,14.58,7,iOS
2030,657,2025-07-17 16:24:00,2025-07-17 16:38:06.811479,14.11,7,iOS
2031,658,2025-08-28 01:01:00,2025-08-28 01:04:37.444220,3.62,1,Android
2032,658,2025-10-09 21:30:00,2025-10-09 21:48:29.837998,18.5,9,Android
2033,658,2025-10-08 04:29:00,2025-10-08 04:35:02.161258,6.04,3,Android
2034,659,2025-09-21 09:28:00,2025-09-21 09:36:01.758007,8.03,4,Android
2035,659,2025-09-16 00:13:00,2025-09-16 00:17:22.175595,4.37,2,Android
2036,660,2024-10-11 05:07:00,2024-10-11 05:15:44.003985,8.73,4,Android
2037,661,2025-05-09 23:20:00,2025-05-09 23:26:33.114575,6.55,3,Web
2038,661,2025-04-06 07:25:00,2025-04-06 07:43:16.080961,18.27,9,Web
2039,661,2025-03-13 10:00:00,2025-03-13 10:06:49.103170,6.82,3,Web
2040,661,2025-06-07 10:55:00,2025-06-07 11:02:16.627474,7.28,3,Web
2041,662,2026-01-04 18:15:00,2026-01-04 18:18:18.530940,3.31,1,iOS
2042,663,2024-06-21 20:31:00,2024-06-21 20:39:33.673932,8.56,4,iOS
2043,664,2024-12-21 00:34:00,2024-12-21 01:07:32.326046,33.54,16,iOS
2044,664,2024-08-27 23:01:00,2024-08-27 23:21:23.002238,20.38,10,iOS
2045,664,2024-12-14 15:47:00,2024-12-14 15:56:46.502028,9.78,4,iOS
2046,664,2024-11-04 09:23:00,2024-11-04 09:44:47.591969,21.79,10,iOS
2047,664,2024-12-04 01:02:00,2024-12-04 01:19:36.493344,17.61,8,iOS
2048,664,2024-10-28 06:09:00,2024-10-28 06:31:28.722134,22.48,11,iOS
2049,664,2024-10-08 06:29:00,2024-10-08 06:44:53.309688,15.89,7,iOS
2050,664,2024-12-10 07:40:00,2024-12-10 08:11:59.466793,31.99,15,iOS
2051,665,2024-06-16 22:05:00,2024-06-16 22:11:41.844384,6.7,3,Web
2052,665,2024-05-04 20:53:00,2024-05-04 21:08:50.154515,15.84,7,Web
2053,666,2024-12-03 12:30:00,2024-12-03 12:32:36.228209,2.6,1,iOS
2054,666,2024-10-07 22:06:00,2024-10-07 22:24:09.030396,18.15,9,iOS
2055,667,2024-12-25 21:20:00,2024-12-25 21:25:45.377425,5.76,2,iOS
2056,668,2024-11-26 16:00:00,2024-11-26 16:01:06.203222,1.1,0,Web
2057,669,2025-05-27 06:08:00,2025-05-27 06:26:14.926941,18.25,9,Web
2058,669,2025-05-29 11:38:00,2025-05-29 11:56:21.880264,18.36,9,Web
2059,669,2025-08-01 22:50:00,2025-08-01 23:16:26.053707,26.43,13,Web
2060,670,2024-10-13 09:31:00,2024-10-13 09:41:02.055209,10.03,5,Android
2061,670,2024-08-13 14:11:00,2024-08-13 14:19:56.673461,8.94,4,Android
2062,670,2024-10-17 18:04:00,2024-10-17 18:06:11.593946,2.19,1,Android
2063,671,2025-08-18 01:09:00,2025-08-18 01:11:53.189507,2.89,1,Android
2064,672,2024-09-25 06:35:00,2024-09-25 06:54:03.774235,19.06,9,Web
2065,672,2024-08-28 00:03:00,2024-08-28 00:13:46.882466,10.78,5,Web
2066,672,2024-10-18 16:57:00,2024-10-18 17:03:13.586249,6.23,3,Web
2067,672,2024-10-25 09:53:00,2024-10-25 10:11:23.260354,18.39,9,Web
2068,673,2025-05-13 01:39:00,2025-05-13 01:57:31.970697,18.53,9,Android
2069,673,2025-02-06 15:51:00,2025-02-06 16:06:04.553678,15.08,7,Android
2070,673,2025-02-08 05:12:00,2025-02-08 05:16:54.221893,4.9,2,Android
2071,673,2025-03-18 01:59:00,2025-03-18 02:01:06.907874,2.12,1,Android
2072,673,2025-04-06 07:39:00,2025-04-06 07:56:41.532450,17.69,8,Android
2073,673,2025-01-25 01:53:00,2025-01-25 02:00:42.573102,7.71,3,Android
2074,673,2025-03-20 18:07:00,2025-03-20 18:22:05.661190,15.09,7,Android
2075,673,2025-04-14 20:07:00,2025-04-14 20:10:49.729714,3.83,1,Android
2076,674,2025-05-07 03:42:00,2025-05-07 03:57:19.169770,15.32,7,Android
2077,674,2025-02-05 03:17:00,2025-02-05 03:26:22.063351,9.37,4,Android
2078,674,2025-03-12 13:58:00,2025-03-12 14:00:59.659562,2.99,1,Android
2079,674,2025-05-20 05:59:00,2025-05-20 06:12:47.267970,13.79,6,Android
2080,674,2025-02-12 19:14:00,2025-02-12 19:29:10.147772,15.17,7,Android
2081,675,2024-08-11 12:20:00,2024-08-11 12:37:33.950967,17.57,8,Android
2082,675,2024-10-10 07:28:00,2024-10-10 07:46:57.472091,18.96,9,Android
2083,675,2024-09-25 06:24:00,2024-09-25 06:27:03.686729,3.06,1,Android
2084,675,2024-09-05 10:12:00,2024-09-05 10:16:57.544145,4.96,2,Android
2085,676,2026-01-25 18:33:00,2026-01-25 18:43:47.288522,10.79,5,iOS
2086,676,2025-11-28 00:56:00,2025-11-28 01:03:46.923981,7.78,3,iOS
2087,677,2024-10-14 19:27:00,2024-10-14 19:32:31.186317,5.52,2,Android
2088,677,2024-08-10 09:42:00,2024-08-10 09:52:07.615633,10.13,5,Android
2089,677,2024-08-19 07:24:00,2024-08-19 07:32:36.722185,8.61,4,Android
2090,677,2024-10-31 13:01:00,2024-10-31 13:07:02.935218,6.05,3,Android
2091,677,2024-09-01 17:34:00,2024-09-01 17:42:53.025902,8.88,4,Android
2092,678,2026-01-04 17:35:00,2026-01-04 17:37:05.631333,2.09,1,Android
2093,678,2026-01-17 08:05:00,2026-01-17 08:13:29.028867,8.48,4,Android
2094,678,2025-10-25 04:59:00,2025-10-25 05:02:04.333151,3.07,1,Android
2095,679,2026-02-17 18:58:00,2026-02-17 19:08:20.259414,10.34,5,Android
2096,679,2025-12-18 00:13:00,2025-12-18 00:20:47.168110,7.79,3,Android
2097,679,2026-03-16 05:34:00,2026-03-16 05:46:54.758172,12.91,6,Android
2098,679,2026-03-12 04:05:00,2026-03-12 04:06:40.824257,1.68,0,Android
2099,680,2025-08-27 23:14:00,2025-08-27 23:46:17.637357,32.29,16,Web
2100,681,2025-01-24 16:53:00,2025-01-24 17:05:18.201434,12.3,6,Android
2101,681,2025-04-18 15:15:00,2025-04-18 15:27:49.932464,12.83,6,Android
2102,681,2024-12-30 08:47:00,2024-12-30 09:22:18.559781,35.31,17,Android
2103,681,2025-03-07 00:08:00,2025-03-07 00:31:27.677712,23.46,11,Android
2104,682,2024-02-18 09:34:00,2024-02-18 09:47:14.755011,13.25,6,Android
2105,682,2024-01-11 04:49:00,2024-01-11 05:01:44.139164,12.74,6,Android
2106,682,2024-01-10 04:34:00,2024-01-10 04:48:48.617665,14.81,7,Android
2107,683,2024-06-21 08:41:00,2024-06-21 09:22:19.943331,41.33,20,Web
2108,683,2024-06-17 13:41:00,2024-06-17 14:02:47.073299,21.78,10,Web
2109,683,2024-06-01 19:51:00,2024-06-01 20:28:21.269635,37.35,18,Web
2110,684,2024-09-11 10:51:00,2024-09-11 11:09:55.611284,18.93,9,Web
2111,684,2024-10-23 10:25:00,2024-10-23 10:36:52.491545,11.87,5,Web
2112,684,2024-10-28 05:05:00,2024-10-28 05:08:05.454543,3.09,1,Web
2113,684,2024-09-03 06:01:00,2024-09-03 06:08:09.983544,7.17,3,Web
2114,685,2025-07-26 22:05:00,2025-07-26 22:19:17.987207,14.3,7,Android
2115,686,2024-11-08 02:33:00,2024-11-08 02:52:33.342911,19.56,9,Android
2116,686,2024-09-11 01:15:00,2024-09-11 01:23:00.866050,8.01,4,Android
2117,687,2026-03-07 13:17:00,2026-03-07 13:21:48.052236,4.8,2,iOS
2118,687,2025-11-11 23:19:00,2025-11-11 23:33:58.801047,14.98,7,iOS
2119,688,2024-05-30 13:37:00,2024-05-30 13:43:34.676989,6.58,3,Android
2120,689,2025-01-05 04:39:00,2025-01-05 04:45:20.425513,6.34,3,iOS
2121,689,2024-12-11 10:30:00,2024-12-11 10:39:14.638678,9.24,4,iOS
2122,689,2024-11-20 11:15:00,2024-11-20 11:26:36.358409,11.61,5,iOS
2123,689,2024-12-13 12:44:00,2024-12-13 12:57:56.836004,13.95,6,iOS
2124,690,2024-10-11 03:23:00,2024-10-11 03:36:18.019082,13.3,6,iOS
2125,690,2024-09-06 08:07:00,2024-09-06 08:17:46.635130,10.78,5,iOS
2126,690,2024-10-12 20:25:00,2024-10-12 20:35:46.175460,10.77,5,iOS
2127,690,2024-09-06 01:23:00,2024-09-06 01:36:17.772891,13.3,6,iOS
2128,691,2024-07-11 23:16:00,2024-07-11 23:32:39.209357,16.65,8,iOS
2129,691,2024-04-28 02:56:00,2024-04-28 03:04:38.734873,8.65,4,iOS
2130,691,2024-06-21 08:08:00,2024-06-21 08:20:12.516583,12.21,6,iOS
2131,691,2024-06-04 16:13:00,2024-06-04 16:27:47.737916,14.8,7,iOS
2132,691,2024-06-29 07:47:00,2024-06-29 07:53:19.740697,6.33,3,iOS
2133,692,2024-04-13 00:29:00,2024-04-13 00:42:46.973916,13.78,6,Android
2134,693,2025-03-04 22:08:00,2025-03-04 22:16:44.283768,8.74,4,iOS
2135,693,2025-05-03 16:19:00,2025-05-03 16:25:35.897473,6.6,3,iOS
2136,694,2024-08-06 11:52:00,2024-08-06 12:01:15.635698,9.26,4,Android
2137,694,2024-05-28 00:57:00,2024-05-28 01:02:14.201552,5.24,2,Android
2138,694,2024-07-16 18:44:00,2024-07-16 18:47:59.123881,3.99,1,Android
2139,694,2024-08-18 18:07:00,2024-08-18 18:14:51.488605,7.86,3,Android
2140,695,2025-05-16 17:13:00,2025-05-16 17:30:59.638387,17.99,8,Android
2141,695,2025-06-28 06:22:00,2025-06-28 06:27:52.925279,5.88,2,Android
2142,695,2025-08-12 20:21:00,2025-08-12 20:30:21.172439,9.35,4,Android
2143,695,2025-04-29 04:29:00,2025-04-29 04:38:59.514791,9.99,4,Android
2144,695,2025-08-17 08:35:00,2025-08-17 08:43:33.203864,8.55,4,Android
2145,695,2025-05-24 06:49:00,2025-05-24 07:05:44.642447,16.74,8,Android
2146,696,2024-12-06 07:04:00,2024-12-06 07:20:47.323296,16.79,8,Web
2147,696,2024-11-03 17:30:00,2024-11-03 17:32:38.686436,2.64,1,Web
2148,696,2024-11-12 09:40:00,2024-11-12 09:42:22.822721,2.38,1,Web
2149,696,2024-12-16 18:58:00,2024-12-16 19:05:50.499616,7.84,3,Web
2150,697,2025-06-10 22:00:00,2025-06-10 22:16:00.035781,16.0,8,iOS
2151,698,2024-05-07 02:32:00,2024-05-07 02:35:48.216087,3.8,1,iOS
2152,698,2024-04-09 14:39:00,2024-04-09 14:57:32.691219,18.54,9,iOS
2153,699,2024-04-28 03:06:00,2024-04-28 03:11:36.904904,5.62,2,iOS
2154,699,2024-06-27 03:23:00,2024-06-27 03:42:16.755818,19.28,9,iOS
2155,700,2025-05-09 10:52:00,2025-05-09 11:02:13.885222,10.23,5,iOS
2156,701,2024-05-16 12:50:00,2024-05-16 13:03:35.766560,13.6,6,iOS
2157,701,2024-05-25 22:25:00,2024-05-25 23:09:10.768138,44.18,22,iOS
2158,701,2024-05-12 22:28:00,2024-05-12 22:58:44.989684,30.75,15,iOS
2159,701,2024-05-13 05:40:00,2024-05-13 06:09:36.705489,29.61,14,iOS
2160,701,2024-04-05 00:50:00,2024-04-05 01:20:31.572306,30.53,15,iOS
2161,702,2024-09-28 11:42:00,2024-09-28 11:51:34.952799,9.58,4,iOS
2162,702,2024-11-14 01:29:00,2024-11-14 01:48:17.362752,19.29,9,iOS
2163,702,2024-08-27 00:01:00,2024-08-27 00:14:10.077491,13.17,6,iOS
2164,702,2024-11-26 12:37:00,2024-11-26 12:40:43.258613,3.72,1,iOS
2165,702,2024-09-04 09:21:00,2024-09-04 09:24:44.198505,3.74,1,iOS
2166,703,2026-02-08 20:17:00,2026-02-08 20:24:15.400489,7.26,3,Android
2167,703,2026-02-05 14:13:00,2026-02-05 14:14:25.713145,1.43,0,Android
2168,703,2026-01-08 13:55:00,2026-01-08 14:12:44.050793,17.73,8,Android
2169,703,2025-11-23 07:30:00,2025-11-23 07:36:35.475336,6.59,3,Android
2170,704,2025-01-09 22:58:00,2025-01-09 23:03:06.338017,5.11,2,Android
2171,704,2024-12-31 08:47:00,2024-12-31 08:48:58.593309,1.98,0,Android
2172,704,2024-12-23 21:20:00,2024-12-23 21:29:18.732912,9.31,4,Android
2173,704,2025-01-27 14:13:00,2025-01-27 14:17:35.876191,4.6,2,Android
2174,704,2024-12-24 20:12:00,2024-12-24 20:29:28.497728,17.47,8,Android
2175,705,2024-12-20 12:17:00,2024-12-20 12:25:39.494030,8.66,4,Android
2176,705,2024-12-23 04:09:00,2024-12-23 04:12:11.238635,3.19,1,Android
2177,705,2024-10-23 02:52:00,2024-10-23 03:01:01.372742,9.02,4,Android
2178,705,2024-11-07 18:52:00,2024-11-07 18:53:57.565603,1.96,0,Android
2179,706,2024-05-05 08:21:00,2024-05-05 08:35:44.273209,14.74,7,Android
2180,706,2024-04-12 18:40:00,2024-04-12 18:49:41.065975,9.68,4,Android
2181,706,2024-04-30 06:22:00,2024-04-30 06:32:47.342310,10.79,5,Android
2182,706,2024-04-16 19:15:00,2024-04-16 19:17:23.871051,2.4,1,Android
2183,706,2024-02-28 00:50:00,2024-02-28 01:05:32.998698,15.55,7,Android
2184,706,2024-05-09 21:56:00,2024-05-09 22:01:40.930142,5.68,2,Android
2185,706,2024-04-27 02:30:00,2024-04-27 02:41:15.081714,11.25,5,Android
2186,706,2024-06-02 03:07:00,2024-06-02 03:24:18.529179,17.31,8,Android
2187,706,2024-02-27 12:28:00,2024-02-27 12:32:29.801883,4.5,2,Android
2188,706,2024-02-06 15:58:00,2024-02-06 16:02:07.574099,4.13,2,Android
2189,707,2024-10-02 04:20:00,2024-10-02 04:30:55.117201,10.92,5,Android
2190,708,2026-01-22 04:25:00,2026-01-22 04:44:10.084250,19.17,9,Android
2191,708,2026-03-28 06:26:00,2026-03-28 06:48:55.091848,22.92,11,Android
2192,709,2024-03-21 10:58:00,2024-03-21 11:16:43.244716,18.72,9,Android
2193,710,2025-04-08 05:16:00,2025-04-08 05:32:01.410157,16.02,8,iOS
2194,710,2025-05-08 18:03:00,2025-05-08 18:18:21.769059,15.36,7,iOS
2195,710,2025-04-03 00:24:00,2025-04-03 00:43:59.967338,20.0,9,iOS
2196,710,2025-07-11 03:57:00,2025-07-11 04:12:54.267117,15.9,7,iOS
2197,711,2024-11-05 05:09:00,2024-11-05 05:15:48.643024,6.81,3,Android
2198,711,2024-11-13 13:20:00,2024-11-13 13:39:53.242547,19.89,9,Android
2199,712,2024-04-03 01:04:00,2024-04-03 01:20:12.517044,16.21,8,iOS
2200,713,2025-12-14 20:04:00,2025-12-14 20:11:26.478259,7.44,3,Android
2201,713,2025-11-25 02:43:00,2025-11-25 02:44:22.192436,1.37,0,Android
2202,713,2025-12-15 10:30:00,2025-12-15 10:36:57.571944,6.96,3,Android
2203,713,2025-11-14 07:21:00,2025-11-14 07:22:11.460166,1.19,0,Android
2204,714,2025-11-24 05:01:00,2025-11-24 05:12:04.759428,11.08,5,Web
2205,714,2025-12-02 10:37:00,2025-12-02 10:47:55.232852,10.92,5,Web
2206,714,2025-12-28 11:43:00,2025-12-28 11:59:36.687046,16.61,8,Web
2207,714,2025-12-20 19:19:00,2025-12-20 19:31:57.481558,12.96,6,Web
2208,714,2025-10-11 03:37:00,2025-10-11 03:55:47.049286,18.78,9,Web
2209,715,2024-06-22 01:44:00,2024-06-22 02:02:32.132350,18.54,9,Web
2210,715,2024-09-15 21:41:00,2024-09-15 21:58:05.267563,17.09,8,Web
2211,716,2025-12-06 05:11:00,2025-12-06 05:21:49.484123,10.82,5,Android
2212,716,2026-01-24 08:06:00,2026-01-24 08:10:47.148234,4.79,2,Android
2213,716,2025-12-20 12:53:00,2025-12-20 13:08:31.938566,15.53,7,Android
2214,717,2025-09-16 02:23:00,2025-09-16 02:35:06.145679,12.1,6,iOS
2215,717,2025-09-09 14:21:00,2025-09-09 14:38:11.179993,17.19,8,iOS
2216,717,2025-11-15 21:38:00,2025-11-15 21:44:45.283608,6.75,3,iOS
2217,717,2025-11-07 03:57:00,2025-11-07 04:00:39.279066,3.65,1,iOS
2218,718,2024-11-01 19:32:00,2024-11-01 19:39:53.318945,7.89,3,Android
2219,718,2024-08-10 01:20:00,2024-08-10 01:37:30.567930,17.51,8,Android
2220,719,2025-09-29 02:45:00,2025-09-29 03:19:49.317863,34.82,17,Android
2221,720,2024-10-15 08:01:00,2024-10-15 08:13:39.393423,12.66,6,Android
2222,720,2024-09-28 23:54:00,2024-09-29 00:06:09.739033,12.16,6,Android
2223,721,2024-06-15 03:38:00,2024-06-15 03:49:38.076024,11.63,5,Web
2224,721,2024-04-06 06:34:00,2024-04-06 06:51:13.546782,17.23,8,Web
2225,722,2025-03-29 04:48:00,2025-03-29 04:51:54.726046,3.91,1,iOS
2226,722,2024-12-29 03:09:00,2024-12-29 03:10:18.312254,1.31,0,iOS
2227,723,2024-04-07 20:30:00,2024-04-07 20:37:48.608460,7.81,3,Android
2228,724,2025-07-15 00:05:00,2025-07-15 00:06:49.501740,1.83,0,Web
2229,725,2025-10-28 01:15:00,2025-10-28 01:25:27.164397,10.45,5,Android
2230,725,2025-12-19 16:16:00,2025-12-19 16:24:50.754052,8.85,4,Android
2231,725,2025-11-18 18:14:00,2025-11-18 18:28:46.202122,14.77,7,Android
2232,725,2025-12-11 21:42:00,2025-12-11 22:01:46.965850,19.78,9,Android
2233,725,2026-01-13 18:08:00,2026-01-13 18:13:34.677270,5.58,2,Android
2234,725,2025-11-23 00:26:00,2025-11-23 00:34:22.750952,8.38,4,Android
2235,726,2024-09-21 20:15:00,2024-09-21 20:45:47.765101,30.8,15,Android
2236,727,2025-03-04 21:10:00,2025-03-04 21:11:29.537665,1.49,0,Android
2237,727,2025-06-01 11:28:00,2025-06-01 11:39:07.695758,11.13,5,Android
2238,728,2024-07-06 06:07:00,2024-07-06 06:24:15.968842,17.27,8,Android
2239,728,2024-06-15 09:08:00,2024-06-15 09:21:15.876635,13.26,6,Android
2240,728,2024-08-19 11:48:00,2024-08-19 11:59:10.093157,11.17,5,Android
2241,728,2024-08-04 04:49:00,2024-08-04 05:06:03.758608,17.06,8,Android
2242,729,2024-10-14 11:44:00,2024-10-14 11:58:04.695132,14.08,7,Android
2243,729,2024-11-20 03:18:00,2024-11-20 03:28:10.766915,10.18,5,Android
2244,729,2024-11-02 11:43:00,2024-11-02 11:47:18.787389,4.31,2,Android
2245,729,2025-01-01 12:06:00,2025-01-01 12:25:00.331812,19.01,9,Android
2246,729,2024-09-10 00:55:00,2024-09-10 01:11:07.482797,16.12,8,Android
2247,729,2024-11-02 05:32:00,2024-11-02 05:50:21.904123,18.37,9,Android
2248,730,2025-07-16 04:59:00,2025-07-16 05:10:48.148650,11.8,5,iOS
2249,731,2024-10-31 10:03:00,2024-10-31 10:35:31.063858,32.52,16,Android
2250,731,2024-09-10 23:39:00,2024-09-11 00:02:22.766493,23.38,11,Android
2251,731,2024-07-30 01:40:00,2024-07-30 02:01:56.641136,21.94,10,Android
2252,732,2024-06-21 12:25:00,2024-06-21 12:39:34.614299,14.58,7,Android
2253,732,2024-06-12 02:27:00,2024-06-12 03:09:48.608174,42.81,21,Android
2254,732,2024-05-05 11:32:00,2024-05-05 11:40:11.140810,8.19,4,Android
2255,732,2024-04-15 13:21:00,2024-04-15 13:47:57.441837,26.96,13,Android
2256,732,2024-03-09 07:07:00,2024-03-09 07:24:38.554268,17.64,8,Android
2257,732,2024-06-24 10:46:00,2024-06-24 11:02:13.920653,16.23,8,Android
2258,733,2026-03-20 03:17:00,2026-03-20 03:20:31.798849,3.53,1,iOS
2259,733,2026-01-19 22:57:00,2026-01-19 23:09:36.664206,12.61,6,iOS
2260,734,2025-01-23 21:05:00,2025-01-23 21:23:01.985781,18.03,9,Android
2261,734,2025-02-15 23:18:00,2025-02-15 23:19:03.446983,1.06,0,Android
2262,734,2024-11-16 23:19:00,2024-11-16 23:32:26.048102,13.43,6,Android
2263,734,2024-10-22 07:09:00,2024-10-22 07:20:16.360665,11.27,5,Android
2264,735,2025-09-19 05:57:00,2025-09-19 06:04:16.114853,7.27,3,Android
2265,735,2025-12-28 00:20:00,2025-12-28 00:37:59.099005,17.98,8,Android
2266,735,2025-12-20 00:14:00,2025-12-20 00:32:36.791921,18.61,9,Android
2267,736,2024-10-01 17:14:00,2024-10-01 17:30:39.567081,16.66,8,Android
2268,736,2024-09-24 09:00:00,2024-09-24 09:11:53.480942,11.89,5,Android
2269,736,2024-09-23 13:05:00,2024-09-23 13:17:27.203491,12.45,6,Android
2270,736,2024-10-08 03:57:00,2024-10-08 04:11:03.549874,14.06,7,Android
2271,737,2025-06-14 10:07:00,2025-06-14 10:15:12.433842,8.21,4,Android
2272,737,2025-07-21 11:49:00,2025-07-21 12:01:19.330472,12.32,6,Android
2273,737,2025-10-01 17:56:00,2025-10-01 18:13:48.813697,17.81,8,Android
2274,737,2025-07-06 15:35:00,2025-07-06 15:41:36.047025,6.6,3,Android
2275,738,2024-09-11 05:51:00,2024-09-11 06:06:24.897105,15.41,7,iOS
2276,738,2024-09-06 03:28:00,2024-09-06 03:38:52.407453,10.87,5,iOS
2277,738,2024-09-02 14:10:00,2024-09-02 14:23:41.991051,13.7,6,iOS
2278,739,2025-12-23 19:33:00,2025-12-23 19:37:32.302010,4.54,2,iOS
2279,739,2026-02-23 18:39:00,2026-02-23 18:56:42.945691,17.72,8,iOS
2280,739,2026-03-30 23:34:00,2026-03-30 23:46:12.672860,12.21,6,iOS
2281,739,2025-12-17 02:45:00,2025-12-17 02:59:48.052948,14.8,7,iOS
2282,739,2026-01-26 19:14:00,2026-01-26 19:24:09.402734,10.16,5,iOS
2283,740,2025-11-26 04:48:00,2025-11-26 04:58:29.459189,10.49,5,Android
2284,740,2025-09-13 12:19:00,2025-09-13 12:34:57.803530,15.96,7,Android
2285,740,2025-12-24 21:59:00,2025-12-24 22:06:15.719170,7.26,3,Android
2286,741,2025-06-24 07:47:00,2025-06-24 07:56:02.728148,9.05,4,Web
2287,741,2025-08-06 07:27:00,2025-08-06 07:56:02.306490,29.04,14,Web
2288,741,2025-07-20 16:26:00,2025-07-20 16:44:17.187640,18.29,9,Web
2289,741,2025-07-20 03:38:00,2025-07-20 04:04:05.705621,26.1,13,Web
2290,742,2024-05-26 08:25:00,2024-05-26 08:44:07.729145,19.13,9,Android
2291,742,2024-03-03 20:21:00,2024-03-03 20:37:58.403954,16.97,8,Android
2292,742,2024-04-20 19:09:00,2024-04-20 19:27:38.065229,18.63,9,Android
2293,742,2024-04-04 08:15:00,2024-04-04 08:34:50.046722,19.83,9,Android
2294,743,2024-09-20 08:58:00,2024-09-20 09:03:34.866581,5.58,2,iOS
2295,743,2024-09-27 05:22:00,2024-09-27 05:32:24.692217,10.41,5,iOS
2296,743,2024-09-20 08:36:00,2024-09-20 08:43:07.141966,7.12,3,iOS
2297,743,2024-07-30 14:30:00,2024-07-30 14:32:24.412855,2.41,1,iOS
2298,744,2024-04-28 07:12:00,2024-04-28 07:29:13.434923,17.22,8,Android
2299,745,2025-12-28 00:08:00,2025-12-28 00:19:45.499068,11.76,5,Android
2300,745,2026-02-16 01:54:00,2026-02-16 02:11:34.430043,17.57,8,Android
2301,745,2025-11-30 05:06:00,2025-11-30 05:12:54.498633,6.91,3,Android
2302,745,2026-03-20 07:07:00,2026-03-20 07:18:15.269770,11.25,5,Android
2303,746,2026-01-16 09:41:00,2026-01-16 09:43:28.437674,2.47,1,Android
2304,746,2025-12-07 20:16:00,2025-12-07 20:18:55.494015,2.92,1,Android
2305,746,2025-11-25 09:10:00,2025-11-25 09:27:45.294249,17.75,8,Android
2306,746,2025-11-10 01:49:00,2025-11-10 02:04:50.659838,15.84,7,Android
2307,746,2025-12-22 12:47:00,2025-12-22 12:57:18.614262,10.31,5,Android
2308,747,2025-11-04 13:28:00,2025-11-04 13:36:29.447692,8.49,4,Android
2309,747,2026-01-03 16:42:00,2026-01-03 16:43:11.588330,1.19,0,Android
2310,747,2025-09-17 22:43:00,2025-09-17 22:52:31.656340,9.53,4,Android
2311,747,2025-09-10 20:22:00,2025-09-10 20:25:52.424089,3.87,1,Android
2312,747,2025-11-22 21:52:00,2025-11-22 21:58:49.649689,6.83,3,Android
2313,747,2025-12-20 21:03:00,2025-12-20 21:17:40.483904,14.67,7,Android
2314,747,2025-10-12 12:32:00,2025-10-12 12:45:41.784124,13.7,6,Android
2315,747,2025-11-22 21:40:00,2025-11-22 21:49:49.438113,9.82,4,Android
2316,747,2025-12-13 04:50:00,2025-12-13 04:58:15.855029,8.26,4,Android
2317,748,2025-12-01 13:38:00,2025-12-01 13:51:43.610339,13.73,6,Android
2318,748,2025-08-21 20:16:00,2025-08-21 20:27:55.682637,11.93,5,Android
2319,748,2025-09-01 13:51:00,2025-09-01 13:59:59.082980,8.98,4,Android
2320,748,2025-08-18 19:47:00,2025-08-18 20:04:16.911893,17.28,8,Android
2321,749,2025-11-21 23:39:00,2025-11-22 00:19:36.698800,40.61,20,Android
2322,750,2025-04-21 02:00:00,2025-04-21 02:03:30.550547,3.51,1,Web
2323,750,2025-01-10 21:50:00,2025-01-10 22:02:38.012220,12.63,6,Web
2324,750,2025-02-22 22:33:00,2025-02-22 22:36:33.899519,3.56,1,Web
2325,750,2025-01-31 17:11:00,2025-01-31 17:15:18.579847,4.31,2,Web
2326,751,2025-10-21 12:24:00,2025-10-21 12:39:12.179368,15.2,7,Web
2327,751,2026-01-05 01:58:00,2026-01-05 02:29:12.159785,31.2,15,Web
2328,751,2025-10-26 22:59:00,2025-10-26 23:26:03.964753,27.07,13,Web
2329,751,2025-09-27 16:45:00,2025-09-27 17:26:15.661593,41.26,20,Web
2330,752,2025-07-29 08:36:00,2025-07-29 09:09:38.036694,33.63,16,iOS
2331,752,2025-10-24 11:02:00,2025-10-24 11:31:15.342864,29.26,14,iOS
2332,752,2025-10-14 12:39:00,2025-10-14 13:17:19.168516,38.32,19,iOS
2333,753,2024-02-03 01:00:00,2024-02-03 01:02:37.345122,2.62,1,Android
2334,753,2024-02-01 00:44:00,2024-02-01 01:03:41.520922,19.69,9,Android
2335,753,2024-02-17 13:08:00,2024-02-17 13:20:01.791473,12.03,6,Android
2336,753,2024-03-27 03:52:00,2024-03-27 03:56:07.716462,4.13,2,Android
2337,753,2024-01-31 01:17:00,2024-01-31 01:31:53.382258,14.89,7,Android
2338,753,2024-04-23 18:32:00,2024-04-23 18:41:12.440766,9.21,4,Android
2339,753,2024-04-02 22:16:00,2024-04-02 22:30:49.482175,14.82,7,Android
2340,753,2024-02-22 07:04:00,2024-02-22 07:16:49.755397,12.83,6,Android
2341,753,2024-02-20 02:12:00,2024-02-20 02:24:37.776248,12.63,6,Android
2342,754,2025-06-22 13:09:00,2025-06-22 13:17:11.013436,8.18,4,Android
2343,755,2025-06-14 15:57:00,2025-06-14 16:01:14.767653,4.25,2,Android
2344,755,2025-08-27 09:37:00,2025-08-27 09:50:27.680399,13.46,6,Android
2345,756,2025-07-31 10:23:00,2025-07-31 10:39:32.580223,16.54,8,Android
2346,756,2025-06-23 10:31:00,2025-06-23 10:50:46.797990,19.78,9,Android
2347,756,2025-05-10 11:31:00,2025-05-10 11:40:49.257580,9.82,4,Android
2348,756,2025-07-19 14:25:00,2025-07-19 14:32:22.961507,7.38,3,Android
2349,756,2025-06-17 10:50:00,2025-06-17 10:56:10.195171,6.17,3,Android
2350,756,2025-05-05 11:47:00,2025-05-05 12:02:17.363365,15.29,7,Android
2351,757,2024-12-14 14:18:00,2024-12-14 14:34:21.683139,16.36,8,Android
2352,758,2025-04-11 01:27:00,2025-04-11 01:30:26.919316,3.45,1,Android
2353,758,2025-07-18 10:03:00,2025-07-18 10:22:25.135153,19.42,9,Android
2354,759,2024-01-22 08:38:00,2024-01-22 08:41:03.126569,3.05,1,Web
2355,759,2024-02-22 03:28:00,2024-02-22 03:41:34.214694,13.57,6,Web
2356,759,2024-04-03 16:50:00,2024-04-03 16:51:49.524686,1.83,0,Web
2357,759,2024-05-02 13:16:00,2024-05-02 13:19:35.272045,3.59,1,Web
2358,760,2024-10-30 21:43:00,2024-10-30 22:10:47.617246,27.79,13,Android
2359,760,2024-09-27 21:14:00,2024-09-27 21:35:54.842313,21.91,10,Android
2360,760,2024-11-28 15:29:00,2024-11-28 15:53:50.538020,24.84,12,Android
2361,760,2024-10-29 08:33:00,2024-10-29 08:48:31.467779,15.52,7,Android
2362,760,2024-10-20 11:00:00,2024-10-20 11:24:58.454367,24.97,12,Android
2363,760,2024-11-10 23:56:00,2024-11-11 00:23:09.932389,27.17,13,Android
2364,760,2024-12-27 06:17:00,2024-12-27 06:56:20.278945,39.34,19,Android
2365,760,2024-09-15 10:58:00,2024-09-15 11:07:56.605078,9.94,4,Android
2366,761,2024-11-11 23:48:00,2024-11-12 00:24:49.849316,36.83,18,iOS
2367,762,2024-04-28 07:16:00,2024-04-28 07:58:25.792681,42.43,21,Android
2368,762,2024-04-14 14:27:00,2024-04-14 14:37:57.654358,10.96,5,Android
2369,762,2024-01-23 00:07:00,2024-01-23 00:22:44.398747,15.74,7,Android
2370,763,2025-11-08 23:11:00,2025-11-08 23:19:00.168888,8.0,4,iOS
2371,763,2025-10-29 17:01:00,2025-10-29 17:11:08.073397,10.13,5,iOS
2372,763,2025-09-06 01:34:00,2025-09-06 01:51:37.073216,17.62,8,iOS
2373,763,2025-09-14 07:28:00,2025-09-14 07:41:15.555152,13.26,6,iOS
2374,763,2025-08-28 05:59:00,2025-08-28 06:07:10.100726,8.17,4,iOS
2375,764,2025-12-16 19:47:00,2025-12-16 20:04:57.983842,17.97,8,Android
2376,764,2025-11-22 11:57:00,2025-11-22 12:03:52.467455,6.87,3,Android
2377,765,2025-10-24 03:07:00,2025-10-24 03:11:50.612890,4.84,2,iOS
2378,765,2025-11-05 10:19:00,2025-11-05 10:21:22.864039,2.38,1,iOS
2379,766,2024-11-20 21:41:00,2024-11-20 21:50:54.312287,9.91,4,Android
2380,767,2024-03-20 09:40:00,2024-03-20 09:59:18.705125,19.31,9,Android
2381,768,2024-06-01 01:43:00,2024-06-01 02:22:03.638826,39.06,19,Android
2382,768,2024-05-27 13:34:00,2024-05-27 14:08:49.447891,34.82,17,Android
2383,768,2024-08-08 03:27:00,2024-08-08 03:45:50.982673,18.85,9,Android
2384,768,2024-06-04 13:00:00,2024-06-04 13:09:22.490391,9.37,4,Android
2385,768,2024-06-25 21:11:00,2024-06-25 21:35:39.885973,24.66,12,Android
2386,768,2024-09-02 19:18:00,2024-09-02 19:58:03.907533,40.07,20,Android
2387,769,2024-12-02 17:10:00,2024-12-02 17:20:03.014235,10.05,5,iOS
2388,770,2025-03-26 18:16:00,2025-03-26 18:27:05.836420,11.1,5,Android
2389,771,2024-03-31 04:27:00,2024-03-31 04:28:20.404035,1.34,0,Android
2390,771,2024-03-31 13:08:00,2024-03-31 13:16:32.714387,8.55,4,Android
2391,771,2024-04-14 01:56:00,2024-04-14 02:01:13.988505,5.23,2,Android
2392,771,2024-05-28 15:53:00,2024-05-28 16:00:19.307477,7.32,3,Android
2393,771,2024-03-19 02:16:00,2024-03-19 02:33:25.366216,17.42,8,Android
2394,771,2024-04-08 15:04:00,2024-04-08 15:22:23.576115,18.39,9,Android
2395,772,2024-03-18 12:17:00,2024-03-18 12:49:25.643630,32.43,16,Android
2396,772,2024-03-11 18:16:00,2024-03-11 18:33:46.559806,17.78,8,Android
2397,772,2024-04-23 21:25:00,2024-04-23 21:53:22.070222,28.37,14,Android
2398,773,2024-06-26 18:06:00,2024-06-26 18:13:43.157847,7.72,3,iOS
2399,773,2024-04-15 22:24:00,2024-04-15 22:28:51.700002,4.86,2,iOS
2400,773,2024-04-16 23:42:00,2024-04-16 23:44:47.553520,2.79,1,iOS
2401,774,2026-01-20 18:36:00,2026-01-20 18:44:12.723019,8.21,4,iOS
2402,774,2025-11-25 11:44:00,2025-11-25 11:46:42.124416,2.7,1,iOS
2403,774,2026-02-13 09:19:00,2026-02-13 09:21:37.855197,2.63,1,iOS
2404,775,2024-06-07 18:59:00,2024-06-07 19:17:32.198001,18.54,9,Web
2405,775,2024-07-01 08:44:00,2024-07-01 09:13:30.040215,29.5,14,Web
2406,775,2024-05-20 19:45:00,2024-05-20 20:21:22.838222,36.38,18,Web
2407,775,2024-07-04 22:14:00,2024-07-04 22:37:16.304442,23.27,11,Web
2408,775,2024-06-14 16:08:00,2024-06-14 16:52:47.216046,44.79,22,Web
2409,775,2024-04-14 04:47:00,2024-04-14 05:05:24.746200,18.41,9,Web
2410,776,2025-11-08 07:02:00,2025-11-08 07:11:11.791795,9.2,4,Android
2411,776,2026-01-25 12:03:00,2026-01-25 12:08:48.186465,5.8,2,Android
2412,776,2026-01-04 23:49:00,2026-01-05 00:02:31.734965,13.53,6,Android
2413,776,2025-12-29 13:14:00,2025-12-29 13:23:03.007440,9.05,4,Android
2414,776,2025-10-16 09:33:00,2025-10-16 09:48:24.397832,15.41,7,Android
2415,777,2025-01-06 15:30:00,2025-01-06 15:40:29.234849,10.49,5,Android
2416,777,2024-11-25 21:23:00,2024-11-25 21:35:24.095280,12.4,6,Android
2417,777,2024-11-23 08:56:00,2024-11-23 09:04:47.164892,8.79,4,Android
2418,778,2025-05-30 05:50:00,2025-05-30 06:00:21.995277,10.37,5,Android
2419,778,2025-04-14 12:53:00,2025-04-14 13:31:33.729505,38.56,19,Android
2420,778,2025-06-20 05:41:00,2025-06-20 06:24:00.320941,43.01,21,Android
2421,779,2025-10-20 15:05:00,2025-10-20 15:11:04.675127,6.08,3,Android
2422,779,2025-08-07 15:12:00,2025-08-07 15:24:24.518642,12.41,6,Android
2423,779,2025-09-30 22:45:00,2025-09-30 23:01:06.200707,16.1,8,Android
2424,779,2025-07-17 20:02:00,2025-07-17 20:21:37.046443,19.62,9,Android
2425,780,2025-09-29 17:44:00,2025-09-29 18:02:12.340503,18.21,9,iOS
2426,780,2025-09-24 11:52:00,2025-09-24 12:03:52.985195,11.88,5,iOS
2427,780,2025-09-24 15:16:00,2025-09-24 15:26:33.796783,10.56,5,iOS
2428,781,2025-10-09 05:38:00,2025-10-09 05:41:52.179277,3.87,1,Android
2429,781,2025-09-02 04:44:00,2025-09-02 05:01:24.917384,17.42,8,Android
2430,781,2025-09-16 08:42:00,2025-09-16 08:44:02.147643,2.04,1,Android
2431,781,2025-10-19 15:02:00,2025-10-19 15:04:01.196042,2.02,1,Android
2432,782,2024-10-20 19:00:00,2024-10-20 19:17:20.079784,17.33,8,iOS
2433,783,2024-05-20 03:53:00,2024-05-20 03:56:46.645281,3.78,1,iOS
2434,783,2024-06-03 23:05:00,2024-06-03 23:21:08.357101,16.14,8,iOS
2435,783,2024-06-01 17:02:00,2024-06-01 17:21:10.824099,19.18,9,iOS
2436,783,2024-05-21 05:01:00,2024-05-21 05:04:53.165116,3.89,1,iOS
2437,784,2024-11-04 19:34:00,2024-11-04 19:52:14.030630,18.23,9,Android
2438,784,2024-11-26 19:39:00,2024-11-26 19:48:27.079027,9.45,4,Android
2439,784,2024-08-21 04:31:00,2024-08-21 04:47:17.261494,16.29,8,Android
2440,784,2024-12-02 20:20:00,2024-12-02 20:27:13.301497,7.22,3,Android
2441,784,2024-10-29 23:54:00,2024-10-30 00:12:15.869143,18.26,9,Android
2442,784,2024-11-30 22:25:00,2024-11-30 22:37:04.325172,12.07,6,Android
2443,785,2024-06-18 08:08:00,2024-06-18 08:26:26.044502,18.43,9,Android
2444,785,2024-10-02 04:52:00,2024-10-02 05:09:02.650512,17.04,8,Android
2445,786,2024-04-21 12:21:00,2024-04-21 12:39:11.783565,18.2,9,Android
2446,786,2024-01-24 13:30:00,2024-01-24 13:42:34.050741,12.57,6,Android
2447,787,2025-05-06 00:49:00,2025-05-06 00:59:20.338320,10.34,5,Android
2448,787,2025-06-23 17:23:00,2025-06-23 17:30:11.516212,7.19,3,Android
2449,788,2024-08-02 16:17:00,2024-08-02 16:44:13.697117,27.23,13,Android
2450,788,2024-08-07 00:19:00,2024-08-07 00:35:23.515155,16.39,8,Android
2451,789,2025-03-07 21:08:00,2025-03-07 21:46:01.307511,38.02,19,iOS
2452,790,2025-08-04 15:36:00,2025-08-04 15:43:20.756090,7.35,3,Android
2453,791,2024-07-23 15:21:00,2024-07-23 15:26:12.326588,5.21,2,Web
2454,792,2025-04-21 17:34:00,2025-04-21 18:07:26.713449,33.45,16,iOS
2455,792,2025-06-30 04:49:00,2025-06-30 05:27:48.287679,38.8,19,iOS
2456,792,2025-04-29 17:23:00,2025-04-29 18:04:06.579848,41.11,20,iOS
2457,793,2025-06-20 08:47:00,2025-06-20 08:59:11.164503,12.19,6,Android
2458,793,2025-05-04 07:11:00,2025-05-04 07:20:27.605136,9.46,4,Android
2459,793,2025-05-22 04:08:00,2025-05-22 04:21:08.004924,13.13,6,Android
2460,794,2025-05-09 16:50:00,2025-05-09 17:05:09.360238,15.16,7,Android
2461,794,2025-05-31 02:52:00,2025-05-31 02:53:28.608845,1.48,0,Android
2462,794,2025-06-08 21:45:00,2025-06-08 21:58:29.231909,13.49,6,Android
2463,795,2025-03-12 10:58:00,2025-03-12 11:09:04.713224,11.08,5,Web
2464,795,2025-01-04 03:06:00,2025-01-04 03:20:24.241481,14.4,7,Web
2465,795,2024-12-19 04:07:00,2024-12-19 04:14:36.114004,7.6,3,Web
2466,795,2024-11-17 09:00:00,2024-11-17 09:17:51.065249,17.85,8,Web
2467,795,2025-01-06 15:53:00,2025-01-06 16:12:53.444269,19.89,9,Web
2468,796,2025-10-08 17:23:00,2025-10-08 17:29:37.267793,6.62,3,Android
2469,796,2025-12-06 01:37:00,2025-12-06 01:56:44.932184,19.75,9,Android
2470,797,2025-03-25 08:24:00,2025-03-25 08:40:30.953882,16.52,8,iOS
2471,797,2025-02-11 08:09:00,2025-02-11 08:26:54.185512,17.9,8,iOS
2472,797,2025-02-13 06:58:00,2025-02-13 07:15:02.381480,17.04,8,iOS
2473,797,2025-03-15 19:01:00,2025-03-15 19:17:25.012986,16.42,8,iOS
2474,798,2025-10-23 15:39:00,2025-10-23 15:46:20.983977,7.35,3,iOS
2475,798,2025-12-15 12:20:00,2025-12-15 12:29:21.103397,9.35,4,iOS
2476,798,2025-08-31 12:50:00,2025-08-31 13:04:59.469080,14.99,7,iOS
2477,798,2025-11-07 01:07:00,2025-11-07 01:24:53.499931,17.89,8,iOS
2478,798,2025-11-23 09:27:00,2025-11-23 09:30:37.576861,3.63,1,iOS
2479,798,2025-12-11 03:02:00,2025-12-11 03:16:57.594988,14.96,7,iOS
2480,799,2024-06-22 06:56:00,2024-06-22 07:06:29.211285,10.49,5,Android
2481,799,2024-08-04 18:17:00,2024-08-04 18:20:42.536352,3.71,1,Android
2482,800,2024-11-07 02:24:00,2024-11-07 02:39:50.360523,15.84,7,Android
2483,801,2024-08-13 19:21:00,2024-08-13 19:37:22.082138,16.37,8,Android
2484,801,2024-09-21 09:17:00,2024-09-21 09:32:45.528690,15.76,7,Android
2485,801,2024-07-02 14:14:00,2024-07-02 14:23:38.254971,9.64,4,Android
2486,802,2025-08-09 18:21:00,2025-08-09 18:38:04.472398,17.07,8,Android
2487,802,2025-09-10 05:07:00,2025-09-10 05:14:13.506417,7.23,3,Android
2488,802,2025-10-14 21:45:00,2025-10-14 21:48:02.897395,3.05,1,Android
2489,802,2025-08-30 17:17:00,2025-08-30 17:32:44.122041,15.74,7,Android
2490,803,2025-09-08 07:02:00,2025-09-08 07:24:43.476118,22.72,11,Web
2491,803,2025-11-12 14:10:00,2025-11-12 14:25:00.634490,15.01,7,Web
2492,803,2025-09-03 08:14:00,2025-09-03 08:49:00.507175,35.01,17,Web
2493,803,2025-10-22 10:14:00,2025-10-22 10:31:00.501707,17.01,8,Web
2494,803,2025-10-08 09:39:00,2025-10-08 09:56:21.486288,17.36,8,Web
2495,804,2025-12-29 08:19:00,2025-12-29 08:30:49.140022,11.82,5,iOS
2496,805,2025-04-08 04:30:00,2025-04-08 04:41:28.767507,11.48,5,Android
2497,805,2025-05-22 05:30:00,2025-05-22 05:43:39.349555,13.66,6,Android
2498,805,2025-05-02 07:03:00,2025-05-02 07:20:17.404437,17.29,8,Android
2499,805,2025-07-24 02:39:00,2025-07-24 02:42:00.253678,3.0,1,Android
2500,805,2025-04-21 12:25:00,2025-04-21 12:28:50.374995,3.84,1,Android
2501,806,2024-05-10 08:59:00,2024-05-10 09:08:14.286309,9.24,4,Android
2502,806,2024-05-27 09:26:00,2024-05-27 09:43:55.764077,17.93,8,Android
2503,806,2024-07-24 15:50:00,2024-07-24 16:08:48.093077,18.8,9,Android
2504,806,2024-05-12 23:39:00,2024-05-12 23:53:19.892128,14.33,7,Android
2505,806,2024-06-20 18:20:00,2024-06-20 18:22:41.002099,2.68,1,Android
2506,807,2025-03-24 00:07:00,2025-03-24 00:23:18.467164,16.31,8,Android
2507,807,2025-02-08 12:01:00,2025-02-08 12:06:26.106516,5.44,2,Android
2508,807,2025-03-04 11:50:00,2025-03-04 12:00:01.932332,10.03,5,Android
2509,807,2025-03-08 11:33:00,2025-03-08 11:44:05.274327,11.09,5,Android
2510,808,2024-10-22 11:34:00,2024-10-22 12:15:49.763910,41.83,20,Android
2511,808,2025-01-17 20:57:00,2025-01-17 21:16:02.476834,19.04,9,Android
2512,808,2024-12-16 02:41:00,2024-12-16 02:50:27.199240,9.45,4,Android
2513,809,2025-11-14 09:04:00,2025-11-14 09:07:05.137255,3.09,1,Android
2514,809,2025-12-03 04:19:00,2025-12-03 04:34:37.884407,15.63,7,Android
2515,809,2026-01-04 23:59:00,2026-01-05 00:00:38.342716,1.64,0,Android
2516,809,2026-01-10 15:36:00,2026-01-10 15:43:23.809840,7.4,3,Android
2517,810,2024-10-16 19:07:00,2024-10-16 19:12:39.706826,5.66,2,iOS
2518,810,2024-10-20 14:29:00,2024-10-20 14:42:35.049148,13.58,6,iOS
2519,810,2024-10-14 03:18:00,2024-10-14 03:35:32.564679,17.54,8,iOS
2520,810,2024-12-11 01:49:00,2024-12-11 01:51:42.223630,2.7,1,iOS
2521,811,2024-11-09 07:01:00,2024-11-09 07:40:54.709262,39.91,19,Web
2522,811,2024-09-30 06:52:00,2024-09-30 07:34:56.439139,42.94,21,Web
2523,811,2024-12-10 11:10:00,2024-12-10 11:24:19.486778,14.32,7,Web
2524,812,2025-08-08 00:00:00,2025-08-08 00:15:56.690893,15.94,7,iOS
2525,812,2025-08-26 06:23:00,2025-08-26 06:26:57.338726,3.96,1,iOS
2526,812,2025-06-15 17:03:00,2025-06-15 17:10:04.835580,7.08,3,iOS
2527,812,2025-07-01 08:08:00,2025-07-01 08:24:05.816022,16.1,8,iOS
2528,813,2025-09-17 04:17:00,2025-09-17 04:27:22.790915,10.38,5,Android
2529,813,2025-08-20 16:35:00,2025-08-20 16:54:23.265642,19.39,9,Android
2530,813,2025-09-12 07:41:00,2025-09-12 07:45:40.179730,4.67,2,Android
2531,814,2026-04-03 03:58:00,2026-04-03 04:03:34.519219,5.58,2,Android
2532,815,2024-11-17 03:43:00,2024-11-17 03:47:23.891403,4.4,2,Android
2533,816,2025-09-12 02:51:00,2025-09-12 03:01:14.835159,10.25,5,Web
2534,816,2025-08-24 10:11:00,2025-08-24 10:16:17.459351,5.29,2,Web
2535,817,2025-08-15 03:17:00,2025-08-15 03:28:26.452276,11.44,5,Android
2536,818,2025-09-19 23:27:00,2025-09-19 23:42:47.707830,15.8,7,Web
2537,818,2025-07-17 14:52:00,2025-07-17 15:10:52.129557,18.87,9,Web
2538,819,2025-08-10 06:25:00,2025-08-10 06:41:50.623747,16.84,8,Android
2539,819,2025-10-04 09:16:00,2025-10-04 09:30:10.726496,14.18,7,Android
2540,820,2025-02-18 14:31:00,2025-02-18 14:33:05.350078,2.09,1,iOS
2541,820,2025-01-10 10:06:00,2025-01-10 10:21:03.986653,15.07,7,iOS
2542,820,2025-04-14 05:45:00,2025-04-14 05:46:35.996194,1.6,0,iOS
2543,820,2025-03-04 20:58:00,2025-03-04 21:08:56.332428,10.94,5,iOS
2544,820,2025-03-31 03:39:00,2025-03-31 03:43:35.441824,4.59,2,iOS
2545,820,2025-04-14 15:14:00,2025-04-14 15:21:43.695652,7.73,3,iOS
2546,820,2025-02-11 04:16:00,2025-02-11 04:27:23.245906,11.39,5,iOS
2547,821,2026-04-09 12:50:00,2026-04-09 13:02:05.041467,12.08,6,Android
2548,822,2024-04-27 20:02:00,2024-04-27 20:17:43.359852,15.72,7,Android
2549,822,2024-06-20 21:30:00,2024-06-20 21:49:33.789264,19.56,9,Android
2550,822,2024-05-31 21:12:00,2024-05-31 21:28:53.235429,16.89,8,Android
2551,822,2024-04-23 04:49:00,2024-04-23 05:02:59.593358,13.99,6,Android
2552,822,2024-04-16 03:55:00,2024-04-16 04:04:37.284671,9.62,4,Android
2553,822,2024-04-10 03:39:00,2024-04-10 03:44:03.673084,5.06,2,Android
2554,823,2025-06-26 03:44:00,2025-06-26 03:52:59.469052,8.99,4,iOS
2555,823,2025-06-04 13:13:00,2025-06-04 13:32:02.441907,19.04,9,iOS
2556,824,2025-09-16 22:21:00,2025-09-16 22:35:25.279358,14.42,7,Android
2557,824,2025-10-01 23:08:00,2025-10-01 23:13:50.383531,5.84,2,Android
2558,824,2025-08-03 15:59:00,2025-08-03 16:00:46.810801,1.78,0,Android
2559,824,2025-09-27 12:44:00,2025-09-27 12:59:19.291029,15.32,7,Android
2560,824,2025-10-11 16:53:00,2025-10-11 17:09:06.376485,16.11,8,Android
2561,825,2024-03-31 17:15:00,2024-03-31 17:24:05.327894,9.09,4,Android
2562,826,2024-08-12 00:31:00,2024-08-12 00:36:35.967998,5.6,2,Android
2563,827,2024-08-12 14:58:00,2024-08-12 15:14:55.132420,16.92,8,iOS
2564,827,2024-08-23 18:15:00,2024-08-23 18:30:01.185889,15.02,7,iOS
2565,827,2024-05-31 14:29:00,2024-05-31 14:33:27.727703,4.46,2,iOS
2566,828,2024-03-15 20:28:00,2024-03-15 20:31:41.543988,3.69,1,Android
2567,828,2024-03-11 03:40:00,2024-03-11 03:49:48.493212,9.81,4,Android
2568,828,2024-03-31 10:42:00,2024-03-31 10:43:32.807375,1.55,0,Android
2569,829,2025-10-18 22:58:00,2025-10-18 23:07:38.081257,9.63,4,Android
2570,829,2025-12-05 20:11:00,2025-12-05 20:47:53.036709,36.88,18,Android
2571,829,2025-11-21 18:31:00,2025-11-21 18:39:54.530484,8.91,4,Android
2572,830,2025-03-07 00:58:00,2025-03-07 01:24:20.021230,26.33,13,Android
2573,830,2025-05-09 00:12:00,2025-05-09 00:41:19.550919,29.33,14,Android
2574,831,2025-08-07 13:51:00,2025-08-07 13:58:46.061416,7.77,3,Android
2575,832,2024-06-20 21:38:00,2024-06-20 21:45:48.816778,7.81,3,Android
2576,832,2024-07-10 15:05:00,2024-07-10 15:09:51.293662,4.85,2,Android
2577,833,2025-04-12 13:57:00,2025-04-12 14:07:29.779152,10.5,5,iOS
2578,834,2026-02-01 00:39:00,2026-02-01 00:55:23.227632,16.39,8,Android
2579,834,2025-12-25 06:07:00,2025-12-25 06:37:02.096869,30.03,15,Android
2580,834,2025-12-30 14:41:00,2025-12-30 14:51:34.736955,10.58,5,Android
2581,834,2026-03-07 10:29:00,2026-03-07 11:10:17.236195,41.29,20,Android
2582,834,2025-12-26 16:55:00,2025-12-26 17:29:40.639948,34.68,17,Android
2583,834,2026-01-25 03:58:00,2026-01-25 04:35:26.446976,37.44,18,Android
2584,835,2024-11-04 11:55:00,2024-11-04 12:05:18.123339,10.3,5,iOS
2585,835,2024-10-24 01:11:00,2024-10-24 01:21:08.607731,10.14,5,iOS
2586,835,2024-10-28 03:22:00,2024-10-28 03:28:28.135848,6.47,3,iOS
2587,836,2024-06-11 15:08:00,2024-06-11 15:17:16.389114,9.27,4,iOS
2588,836,2024-03-29 08:26:00,2024-03-29 08:45:24.992898,19.42,9,iOS
2589,836,2024-06-19 17:56:00,2024-06-19 18:06:50.355425,10.84,5,iOS
2590,836,2024-05-21 04:07:00,2024-05-21 04:13:02.445945,6.04,3,iOS
2591,837,2025-09-05 10:14:00,2025-09-05 10:24:47.165438,10.79,5,iOS
2592,837,2025-08-15 19:11:00,2025-08-15 19:19:25.541799,8.43,4,iOS
2593,837,2025-07-15 04:58:00,2025-07-15 05:11:10.183880,13.17,6,iOS
2594,837,2025-06-18 20:13:00,2025-06-18 20:15:48.754550,2.81,1,iOS
2595,837,2025-07-03 19:35:00,2025-07-03 19:50:24.494374,15.41,7,iOS
2596,838,2025-09-13 12:32:00,2025-09-13 12:45:06.461490,13.11,6,iOS
2597,838,2025-08-22 13:23:00,2025-08-22 13:45:56.234672,22.94,11,iOS
2598,839,2024-10-25 05:32:00,2024-10-25 05:36:08.012617,4.13,2,Android
2599,839,2024-08-02 14:21:00,2024-08-02 14:37:03.956922,16.07,8,Android
2600,839,2024-08-06 17:00:00,2024-08-06 17:09:15.427110,9.26,4,Android
2601,840,2025-10-28 02:37:00,2025-10-28 02:41:44.405744,4.74,2,Android
2602,841,2025-04-12 16:47:00,2025-04-12 16:50:06.106670,3.1,1,iOS
2603,842,2024-08-26 13:03:00,2024-08-26 13:18:42.588623,15.71,7,iOS
2604,842,2024-12-06 22:16:00,2024-12-06 22:29:22.061691,13.37,6,iOS
2605,842,2024-10-17 21:24:00,2024-10-17 21:27:09.174420,3.15,1,iOS
2606,842,2024-08-13 09:14:00,2024-08-13 09:18:31.929382,4.53,2,iOS
2607,843,2024-09-27 05:56:00,2024-09-27 06:05:50.630650,9.84,4,iOS
2608,844,2025-03-12 22:54:00,2025-03-12 23:35:01.758835,41.03,20,Android
2609,844,2025-01-29 00:06:00,2025-01-29 00:40:01.078993,34.02,17,Android
2610,844,2025-03-05 06:01:00,2025-03-05 06:36:05.169201,35.09,17,Android
2611,845,2025-05-17 02:59:00,2025-05-17 03:18:17.984076,19.3,9,iOS
2612,846,2025-04-06 11:34:00,2025-04-06 11:51:22.201636,17.37,8,Web
2613,846,2025-03-31 09:27:00,2025-03-31 09:28:30.054969,1.5,0,Web
2614,846,2025-02-08 18:11:00,2025-02-08 18:26:02.652614,15.04,7,Web
2615,847,2025-09-20 22:32:00,2025-09-20 22:48:26.561115,16.44,8,Android
2616,847,2025-07-07 11:16:00,2025-07-07 11:21:10.392591,5.17,2,Android
2617,848,2024-03-08 07:47:00,2024-03-08 08:01:53.627332,14.89,7,iOS
2618,848,2024-04-16 21:52:00,2024-04-16 22:06:36.599225,14.61,7,iOS
2619,849,2025-05-23 01:09:00,2025-05-23 01:20:11.059434,11.18,5,iOS
2620,849,2025-05-20 20:26:00,2025-05-20 20:35:32.848122,9.55,4,iOS
2621,849,2025-06-28 22:59:00,2025-06-28 23:00:43.842478,1.73,0,iOS
2622,849,2025-06-29 12:53:00,2025-06-29 12:57:40.901015,4.68,2,iOS
2623,850,2024-02-09 02:43:00,2024-02-09 02:59:00.634314,16.01,8,Web
2624,850,2024-04-11 00:22:00,2024-04-11 00:33:09.869496,11.16,5,Web
2625,851,2025-07-19 19:58:00,2025-07-19 20:36:13.445600,38.22,19,iOS
2626,852,2024-03-05 12:53:00,2024-03-05 13:12:54.217318,19.9,9,iOS
2627,852,2024-02-06 11:41:00,2024-02-06 11:49:14.340437,8.24,4,iOS
2628,853,2025-05-22 22:47:00,2025-05-22 22:53:05.038508,6.08,3,Android
2629,853,2025-06-20 09:57:00,2025-06-20 10:16:36.291486,19.6,9,Android
2630,853,2025-05-27 05:28:00,2025-05-27 05:32:31.241584,4.52,2,Android
2631,854,2025-03-06 13:32:00,2025-03-06 13:46:43.545437,14.73,7,Android
2632,855,2025-03-20 11:37:00,2025-03-20 11:40:07.800467,3.13,1,Web
2633,855,2025-06-03 13:58:00,2025-06-03 14:01:00.517722,3.01,1,Web
2634,855,2025-04-15 18:27:00,2025-04-15 18:28:00.471572,1.01,0,Web
2635,856,2024-05-06 07:14:00,2024-05-06 07:33:18.631506,19.31,9,Android
2636,856,2024-03-27 15:26:00,2024-03-27 15:29:05.322493,3.09,1,Android
2637,856,2024-04-01 13:31:00,2024-04-01 13:41:01.130556,10.02,5,Android
2638,856,2024-03-10 16:47:00,2024-03-10 17:05:03.375490,18.06,9,Android
2639,856,2024-06-01 00:05:00,2024-06-01 00:06:01.783849,1.03,0,Android
2640,856,2024-06-05 21:31:00,2024-06-05 21:50:41.838828,19.7,9,Android
2641,857,2025-08-18 05:42:00,2025-08-18 05:54:35.262711,12.59,6,Web
2642,858,2025-04-04 09:38:00,2025-04-04 09:52:34.800444,14.58,7,iOS
2643,858,2025-01-05 14:33:00,2025-01-05 14:43:54.714981,10.91,5,iOS
2644,859,2025-05-24 01:55:00,2025-05-24 01:56:26.590475,1.44,0,Android
2645,859,2025-07-03 00:39:00,2025-07-03 00:57:34.171821,18.57,9,Android
2646,859,2025-07-09 23:35:00,2025-07-09 23:40:22.798453,5.38,2,Android
2647,859,2025-05-29 07:52:00,2025-05-29 07:56:42.488956,4.71,2,Android
2648,859,2025-07-09 21:49:00,2025-07-09 21:59:45.231005,10.75,5,Android
2649,860,2024-10-22 00:23:00,2024-10-22 00:34:55.577926,11.93,5,iOS
2650,860,2024-09-25 23:43:00,2024-09-25 23:51:32.084722,8.53,4,iOS
2651,860,2024-11-30 14:22:00,2024-11-30 14:28:03.988857,6.07,3,iOS
2652,860,2024-10-26 16:16:00,2024-10-26 16:19:42.545396,3.71,1,iOS
2653,861,2024-07-26 22:25:00,2024-07-26 22:38:35.030751,13.58,6,Android
2654,862,2024-05-12 07:10:00,2024-05-12 07:22:49.557980,12.83,6,iOS
2655,862,2024-05-26 20:42:00,2024-05-26 21:00:11.566362,18.19,9,iOS
2656,862,2024-05-20 00:28:00,2024-05-20 00:32:19.825795,4.33,2,iOS
2657,862,2024-04-29 21:20:00,2024-04-29 21:34:51.167462,14.85,7,iOS
2658,862,2024-04-05 14:42:00,2024-04-05 14:50:32.632272,8.54,4,iOS
2659,863,2024-02-01 06:08:00,2024-02-01 06:25:18.031926,17.3,8,iOS
2660,864,2024-06-10 09:37:00,2024-06-10 09:53:17.927423,16.3,8,Android
2661,864,2024-04-30 00:52:00,2024-04-30 01:00:46.633144,8.78,4,Android
2662,865,2025-08-05 03:41:00,2025-08-05 03:54:04.007975,13.07,6,Web
2663,865,2025-08-26 05:47:00,2025-08-26 05:53:39.038305,6.65,3,Web
2664,866,2026-01-27 12:25:00,2026-01-27 12:34:13.193080,9.22,4,Android
2665,866,2026-01-23 23:40:00,2026-01-23 23:41:53.324870,1.89,0,Android
2666,866,2026-01-04 23:20:00,2026-01-04 23:34:19.131688,14.32,7,Android
2667,867,2024-12-27 06:37:00,2024-12-27 06:38:10.013231,1.17,0,Android
2668,867,2025-01-03 05:58:00,2025-01-03 06:00:41.945897,2.7,1,Android
2669,867,2025-03-29 00:31:00,2025-03-29 00:34:46.500537,3.78,1,Android
2670,868,2024-06-29 21:14:00,2024-06-29 21:19:14.175856,5.24,2,Web
2671,868,2024-07-08 08:21:00,2024-07-08 08:26:37.032486,5.62,2,Web
2672,868,2024-04-30 15:39:00,2024-04-30 15:56:33.806384,17.56,8,Web
2673,868,2024-05-15 13:30:00,2024-05-15 13:46:39.635255,16.66,8,Web
2674,869,2024-12-07 00:06:00,2024-12-07 00:08:04.355128,2.07,1,iOS
2675,869,2024-11-01 20:20:00,2024-11-01 20:22:14.227496,2.24,1,iOS
2676,869,2024-11-05 13:57:00,2024-11-05 14:12:32.208935,15.54,7,iOS
2677,869,2025-01-08 10:24:00,2025-01-08 10:28:55.367184,4.92,2,iOS
2678,869,2024-12-06 09:05:00,2024-12-06 09:24:17.631900,19.29,9,iOS
2679,870,2024-04-13 21:26:00,2024-04-13 21:43:04.892396,17.08,8,Android
2680,870,2024-02-14 21:51:00,2024-02-14 22:04:49.459023,13.82,6,Android
2681,870,2024-03-22 00:25:00,2024-03-22 00:43:29.048341,18.48,9,Android
2682,870,2024-04-23 04:08:00,2024-04-23 04:22:34.931291,14.58,7,Android
2683,870,2024-03-25 05:53:00,2024-03-25 06:12:00.826959,19.01,9,Android
2684,871,2025-01-12 01:24:00,2025-01-12 01:38:48.842501,14.81,7,Web
2685,872,2024-06-23 10:59:00,2024-06-23 11:25:53.235333,26.89,13,Android
2686,872,2024-07-24 09:27:00,2024-07-24 09:44:21.095626,17.35,8,Android
2687,872,2024-05-19 13:33:00,2024-05-19 14:10:58.658377,37.98,18,Android
2688,872,2024-08-10 00:12:00,2024-08-10 00:32:35.299624,20.59,10,Android
2689,873,2024-07-13 19:51:00,2024-07-13 19:52:31.983317,1.53,0,Android
2690,873,2024-07-26 01:59:00,2024-07-26 02:09:30.268395,10.5,5,Android
2691,874,2024-01-19 19:15:00,2024-01-19 19:40:21.829804,25.36,12,Android
2692,874,2024-03-20 06:45:00,2024-03-20 07:25:27.897009,40.46,20,Android
2693,874,2024-02-05 08:32:00,2024-02-05 09:02:22.179424,30.37,15,Android
2694,875,2024-11-29 02:17:00,2024-11-29 02:29:22.578637,12.38,6,iOS
2695,875,2025-01-31 07:42:00,2025-01-31 08:01:47.328306,19.79,9,iOS
2696,875,2025-01-10 05:37:00,2025-01-10 05:49:18.194595,12.3,6,iOS
2697,875,2025-02-06 12:06:00,2025-02-06 12:10:30.186983,4.5,2,iOS
2698,875,2025-01-07 10:53:00,2025-01-07 11:05:43.972969,12.73,6,iOS
2699,876,2025-07-07 10:32:00,2025-07-07 10:50:36.175191,18.6,9,Android
2700,876,2025-08-28 20:42:00,2025-08-28 21:25:24.642460,43.41,21,Android
2701,876,2025-07-30 21:11:00,2025-07-30 21:49:45.421822,38.76,19,Android
2702,876,2025-08-02 00:16:00,2025-08-02 00:50:28.081138,34.47,17,Android
2703,876,2025-07-15 02:10:00,2025-07-15 02:40:55.546569,30.93,15,Android
2704,877,2024-11-01 09:05:00,2024-11-01 09:15:37.241932,10.62,5,Android
2705,877,2024-08-12 05:11:00,2024-08-12 05:12:03.125348,1.05,0,Android
2706,878,2024-05-01 09:21:00,2024-05-01 09:27:16.595858,6.28,3,Android
2707,878,2024-03-12 05:31:00,2024-03-12 05:41:06.940914,10.12,5,Android
2708,879,2026-02-19 15:42:00,2026-02-19 15:53:19.273195,11.32,5,Android
2709,879,2026-03-21 23:18:00,2026-03-21 23:25:44.005470,7.73,3,Android
2710,879,2026-02-23 20:50:00,2026-02-23 20:52:34.150891,2.57,1,Android
2711,880,2024-05-15 15:34:00,2024-05-15 15:49:22.290469,15.37,7,iOS
2712,881,2024-06-29 04:54:00,2024-06-29 04:56:46.888817,2.78,1,Web
2713,882,2024-09-26 18:26:00,2024-09-26 18:40:54.982496,14.92,7,iOS
2714,883,2026-01-22 22:59:00,2026-01-22 23:17:44.022039,18.73,9,Android
2715,883,2025-11-01 20:55:00,2025-11-01 21:11:05.205613,16.09,8,Android
2716,883,2025-10-04 14:17:00,2025-10-04 14:28:37.122430,11.62,5,Android
2717,883,2025-12-06 02:23:00,2025-12-06 02:34:02.895544,11.05,5,Android
2718,883,2025-10-30 09:13:00,2025-10-30 09:22:40.717530,9.68,4,Android
2719,883,2025-09-30 05:25:00,2025-09-30 05:28:42.249734,3.7,1,Android
2720,884,2024-12-29 04:53:00,2024-12-29 04:54:01.054031,1.02,0,Web
2721,885,2024-03-14 09:59:00,2024-03-14 10:15:43.703096,16.73,8,iOS
2722,885,2024-03-25 22:22:00,2024-03-25 22:30:38.334539,8.64,4,iOS
2723,886,2024-05-20 12:52:00,2024-05-20 13:02:59.934746,11.0,5,Android
2724,886,2024-06-08 20:52:00,2024-06-08 20:54:46.206361,2.77,1,Android
2725,886,2024-08-20 11:54:00,2024-08-20 12:06:43.153068,12.72,6,Android
2726,887,2025-05-20 12:55:00,2025-05-20 13:07:53.128458,12.89,6,Android
2727,887,2025-07-31 15:48:00,2025-07-31 15:54:26.810997,6.45,3,Android
2728,887,2025-05-17 17:16:00,2025-05-17 17:34:53.755556,18.9,9,Android
2729,887,2025-06-06 09:29:00,2025-06-06 09:33:00.242463,4.0,2,Android
2730,888,2025-04-06 05:11:00,2025-04-06 05:13:43.717250,2.73,1,iOS
2731,889,2025-02-11 10:55:00,2025-02-11 11:19:26.393979,24.44,12,Android
2732,889,2025-03-07 03:25:00,2025-03-07 03:35:51.065381,10.85,5,Android
2733,889,2025-04-11 12:38:00,2025-04-11 12:53:02.701913,15.05,7,Android
2734,890,2024-11-18 22:53:00,2024-11-18 23:13:51.395612,20.86,10,iOS
2735,891,2026-02-02 11:26:00,2026-02-02 11:45:14.221810,19.24,9,iOS
2736,891,2026-02-11 01:24:00,2026-02-11 01:39:30.295405,15.5,7,iOS
2737,892,2024-05-03 13:50:00,2024-05-03 14:06:51.292659,16.85,8,Web
2738,892,2024-05-10 09:03:00,2024-05-10 09:27:19.956322,24.33,12,Web
2739,893,2024-10-03 03:47:00,2024-10-03 04:01:09.873554,14.16,7,Web
2740,894,2025-06-15 12:15:00,2025-06-15 12:25:16.490879,10.27,5,Web
2741,894,2025-06-05 20:07:00,2025-06-05 20:22:13.277082,15.22,7,Web
2742,895,2025-12-17 18:51:00,2025-12-17 19:21:42.054708,30.7,15,iOS
2743,895,2025-10-28 14:56:00,2025-10-28 15:35:12.922843,39.22,19,iOS
2744,895,2025-08-30 13:25:00,2025-08-30 14:08:04.768997,43.08,21,iOS
2745,896,2025-04-29 06:09:00,2025-04-29 06:27:54.718322,18.91,9,Web
2746,896,2025-03-21 17:06:00,2025-03-21 17:09:48.748713,3.81,1,Web
2747,897,2025-01-26 02:07:00,2025-01-26 02:19:14.185137,12.24,6,iOS
2748,897,2024-11-15 03:51:00,2024-11-15 04:07:16.291427,16.27,8,iOS
2749,898,2025-01-16 20:57:00,2025-01-16 21:15:22.007638,18.37,9,iOS
2750,898,2024-12-06 22:00:00,2024-12-06 22:14:12.756063,14.21,7,iOS
2751,898,2025-01-16 22:52:00,2025-01-16 22:53:38.914543,1.65,0,iOS
2752,899,2025-08-28 05:10:00,2025-08-28 05:12:53.865283,2.9,1,iOS
2753,899,2025-10-08 12:32:00,2025-10-08 12:46:22.755644,14.38,7,iOS
2754,899,2025-08-30 16:52:00,2025-08-30 17:02:18.092576,10.3,5,iOS
2755,899,2025-10-19 23:28:00,2025-10-19 23:33:12.393013,5.21,2,iOS
2756,899,2025-08-30 22:13:00,2025-08-30 22:28:08.606088,15.14,7,iOS
2757,899,2025-09-24 16:40:00,2025-09-24 16:46:59.113390,6.99,3,iOS
2758,899,2025-10-20 00:55:00,2025-10-20 01:01:37.793469,6.63,3,iOS
2759,899,2025-08-05 22:48:00,2025-08-05 23:06:57.287091,18.95,9,iOS
2760,899,2025-11-01 11:17:00,2025-11-01 11:19:36.742994,2.61,1,iOS
2761,900,2025-07-02 23:02:00,2025-07-02 23:17:17.513241,15.29,7,Android
2762,900,2025-07-18 10:31:00,2025-07-18 10:38:11.473072,7.19,3,Android
2763,900,2025-03-28 21:58:00,2025-03-28 22:16:33.273350,18.55,9,Android
2764,901,2025-05-20 06:45:00,2025-05-20 07:17:57.737744,32.96,16,iOS
2765,901,2025-06-16 13:58:00,2025-06-16 14:06:16.782183,8.28,4,iOS
2766,902,2025-12-19 04:26:00,2025-12-19 04:42:02.266917,16.04,8,Android
2767,903,2025-10-14 21:02:00,2025-10-14 21:20:25.008149,18.42,9,Android
2768,903,2025-12-04 03:38:00,2025-12-04 03:39:41.677215,1.69,0,Android
2769,904,2025-07-03 20:56:00,2025-07-03 21:15:22.520543,19.38,9,Android
2770,904,2025-09-15 09:40:00,2025-09-15 09:54:09.416423,14.16,7,Android
2771,904,2025-07-24 17:21:00,2025-07-24 17:28:13.763281,7.23,3,Android
2772,904,2025-07-26 05:01:00,2025-07-26 05:20:40.010425,19.67,9,Android
2773,905,2024-05-01 04:32:00,2024-05-01 04:40:14.860324,8.25,4,Android
2774,905,2024-03-15 18:08:00,2024-03-15 18:11:23.151643,3.39,1,Android
2775,905,2024-04-13 00:47:00,2024-04-13 00:59:32.881743,12.55,6,Android
2776,906,2024-10-23 09:05:00,2024-10-23 09:09:03.025744,4.05,2,Android
2777,906,2024-11-25 20:50:00,2024-11-25 21:04:58.095773,14.97,7,Android
2778,907,2024-05-07 07:23:00,2024-05-07 07:39:46.479762,16.77,8,iOS
2779,907,2024-05-25 00:40:00,2024-05-25 00:48:19.773301,8.33,4,iOS
2780,907,2024-05-30 21:50:00,2024-05-30 22:06:08.033121,16.13,8,iOS
2781,907,2024-05-09 15:19:00,2024-05-09 15:31:41.081920,12.68,6,iOS
2782,908,2024-04-06 19:05:00,2024-04-06 19:08:58.002481,3.97,1,Android
2783,908,2024-03-16 07:42:00,2024-03-16 07:50:54.133177,8.9,4,Android
2784,908,2024-01-27 11:18:00,2024-01-27 11:36:58.967235,18.98,9,Android
2785,908,2024-04-05 04:35:00,2024-04-05 04:54:30.995205,19.52,9,Android
2786,908,2024-01-30 13:11:00,2024-01-30 13:28:30.492838,17.51,8,Android
2787,909,2024-05-31 10:46:00,2024-05-31 10:59:04.510699,13.08,6,Android
2788,910,2024-08-08 01:13:00,2024-08-08 01:32:23.413570,19.39,9,Android
2789,911,2024-09-17 18:15:00,2024-09-17 18:27:16.552965,12.28,6,iOS
2790,911,2024-09-28 20:50:00,2024-09-28 21:04:29.596834,14.49,7,iOS
2791,911,2024-08-30 10:08:00,2024-08-30 10:16:07.284081,8.12,4,iOS
2792,911,2024-07-13 07:48:00,2024-07-13 07:57:40.820106,9.68,4,iOS
2793,911,2024-10-27 21:50:00,2024-10-27 22:02:24.490735,12.41,6,iOS
2794,911,2024-09-09 20:43:00,2024-09-09 20:47:41.046456,4.68,2,iOS
2795,912,2024-08-14 13:24:00,2024-08-14 13:36:15.012052,12.25,6,Android
2796,912,2024-07-10 03:06:00,2024-07-10 03:20:22.086284,14.37,7,Android
2797,912,2024-09-08 02:59:00,2024-09-08 03:15:21.425867,16.36,8,Android
2798,912,2024-09-14 05:05:00,2024-09-14 05:11:47.685835,6.79,3,Android
2799,913,2025-10-26 21:34:00,2025-10-26 21:38:15.878127,4.26,2,Android
2800,913,2025-10-02 01:33:00,2025-10-02 01:35:50.502820,2.84,1,Android
2801,913,2025-09-21 21:15:00,2025-09-21 21:34:34.002066,19.57,9,Android
2802,913,2025-11-08 12:00:00,2025-11-08 12:15:23.010391,15.38,7,Android
2803,913,2025-10-03 01:52:00,2025-10-03 02:06:21.654333,14.36,7,Android
2804,914,2024-06-09 01:03:00,2024-06-09 01:04:05.474118,1.09,0,Android
2805,914,2024-08-22 22:55:00,2024-08-22 23:10:52.867399,15.88,7,Android
2806,915,2024-08-21 12:21:00,2024-08-21 12:34:49.549124,13.83,6,Android
2807,915,2024-09-06 02:46:00,2024-09-06 02:55:49.408468,9.82,4,Android
2808,915,2024-06-03 09:55:00,2024-06-03 10:03:03.127343,8.05,4,Android
2809,915,2024-07-15 00:37:00,2024-07-15 00:51:49.183787,14.82,7,Android
2810,915,2024-08-29 17:39:00,2024-08-29 17:46:38.085266,7.63,3,Android
2811,915,2024-08-30 19:40:00,2024-08-30 19:52:35.674595,12.59,6,Android
2812,916,2024-05-08 10:36:00,2024-05-08 10:51:06.315961,15.11,7,Web
2813,917,2025-09-12 08:33:00,2025-09-12 09:12:25.390880,39.42,19,Android
2814,918,2024-11-12 18:59:00,2024-11-12 19:18:04.221215,19.07,9,Android
2815,918,2024-11-17 01:32:00,2024-11-17 01:45:51.635825,13.86,6,Android
2816,918,2025-01-24 04:02:00,2025-01-24 04:07:57.676405,5.96,2,Android
2817,919,2025-04-04 22:32:00,2025-04-04 22:44:41.485622,12.69,6,Web
2818,919,2025-04-26 13:03:00,2025-04-26 13:06:23.577016,3.39,1,Web
2819,919,2025-05-02 22:35:00,2025-05-02 22:45:34.027817,10.57,5,Web
2820,919,2025-05-06 16:29:00,2025-05-06 16:43:23.288611,14.39,7,Web
2821,920,2024-01-31 17:32:00,2024-01-31 17:37:46.360110,5.77,2,iOS
2822,920,2024-05-11 18:49:00,2024-05-11 19:06:39.176623,17.65,8,iOS
2823,920,2024-04-14 05:45:00,2024-04-14 05:57:32.115412,12.54,6,iOS
2824,920,2024-02-04 07:50:00,2024-02-04 08:02:24.215961,12.4,6,iOS
2825,920,2024-03-15 21:22:00,2024-03-15 21:32:25.770618,10.43,5,iOS
2826,921,2024-02-21 11:57:00,2024-02-21 12:12:10.985310,15.18,7,Web
2827,922,2024-07-12 11:32:00,2024-07-12 11:50:40.414016,18.67,9,Android
2828,922,2024-09-12 20:36:00,2024-09-12 20:44:43.807532,8.73,4,Android
2829,922,2024-09-01 11:27:00,2024-09-01 11:43:06.008669,16.1,8,Android
2830,922,2024-08-31 19:12:00,2024-08-31 19:25:30.935670,13.52,6,Android
2831,923,2025-10-11 18:42:00,2025-10-11 19:25:11.710745,43.2,21,Android
2832,923,2025-09-25 20:35:00,2025-09-25 20:45:07.890695,10.13,5,Android
2833,923,2025-08-24 13:23:00,2025-08-24 14:02:37.925842,39.63,19,Android
2834,923,2025-08-17 22:39:00,2025-08-17 23:00:05.600880,21.09,10,Android
2835,924,2025-06-14 04:06:00,2025-06-14 04:17:23.829488,11.4,5,Android
2836,924,2025-08-14 14:19:00,2025-08-14 14:43:36.683208,24.61,12,Android
2837,924,2025-07-25 05:49:00,2025-07-25 06:23:08.066249,34.13,17,Android
2838,924,2025-06-17 15:28:00,2025-06-17 16:08:42.112266,40.7,20,Android
2839,925,2024-10-17 00:53:00,2024-10-17 01:00:20.635513,7.34,3,Android
2840,925,2024-09-27 16:02:00,2024-09-27 16:09:50.635448,7.84,3,Android
2841,925,2024-09-20 04:58:00,2024-09-20 05:10:01.757994,12.03,6,Android
2842,925,2024-08-04 03:30:00,2024-08-04 03:32:27.627282,2.46,1,Android
2843,926,2024-06-09 15:21:00,2024-06-09 15:28:48.475071,7.81,3,Android
2844,926,2024-04-17 05:54:00,2024-04-17 06:02:31.742362,8.53,4,Android
2845,926,2024-06-13 00:00:00,2024-06-13 00:04:26.247395,4.44,2,Android
2846,927,2025-02-16 15:50:00,2025-02-16 16:01:30.354161,11.51,5,iOS
2847,927,2025-03-13 16:35:00,2025-03-13 16:53:23.169076,18.39,9,iOS
2848,927,2025-02-14 20:51:00,2025-02-14 21:09:18.064697,18.3,9,iOS
2849,928,2025-01-31 08:27:00,2025-01-31 08:40:53.183421,13.89,6,Android
2850,928,2025-05-07 06:40:00,2025-05-07 06:42:28.076179,2.47,1,Android
2851,928,2025-03-05 15:32:00,2025-03-05 15:46:33.663683,14.56,7,Android
2852,928,2025-05-18 06:54:00,2025-05-18 07:04:58.143313,10.97,5,Android
2853,929,2025-06-13 00:25:00,2025-06-13 00:44:06.287340,19.1,9,iOS
2854,930,2025-07-03 02:15:00,2025-07-03 02:24:30.673759,9.51,4,iOS
2855,930,2025-06-14 01:33:00,2025-06-14 01:38:10.205302,5.17,2,iOS
2856,930,2025-08-08 20:53:00,2025-08-08 21:09:47.855726,16.8,8,iOS
2857,930,2025-07-22 10:36:00,2025-07-22 10:48:32.776496,12.55,6,iOS
2858,930,2025-06-09 11:49:00,2025-06-09 12:03:50.760417,14.85,7,iOS
2859,931,2025-05-26 06:08:00,2025-05-26 06:25:29.513161,17.49,8,iOS
2860,931,2025-06-15 11:26:00,2025-06-15 12:05:54.122092,39.9,19,iOS
2861,931,2025-04-10 17:02:00,2025-04-10 17:41:01.632395,39.03,19,iOS
2862,931,2025-07-02 21:26:00,2025-07-02 22:00:53.876677,34.9,17,iOS
2863,932,2026-01-22 21:56:00,2026-01-22 22:19:50.988156,23.85,11,Android
2864,933,2025-07-28 12:46:00,2025-07-28 12:57:07.377681,11.12,5,Web
2865,934,2025-07-26 16:39:00,2025-07-26 16:44:14.960507,5.25,2,Android
2866,934,2025-07-14 05:12:00,2025-07-14 05:23:17.043512,11.28,5,Android
2867,934,2025-08-06 15:01:00,2025-08-06 15:04:59.808492,4.0,1,Android
2868,935,2025-03-27 10:18:00,2025-03-27 10:33:49.543493,15.83,7,Android
2869,936,2024-12-31 19:28:00,2024-12-31 19:55:17.996241,27.3,13,Android
2870,936,2024-12-17 17:42:00,2024-12-17 18:04:34.471271,22.57,11,Android
2871,936,2025-02-04 02:20:00,2025-02-04 03:00:12.510344,40.21,20,Android
2872,936,2025-02-02 00:24:00,2025-02-02 00:35:51.068795,11.85,5,Android
2873,936,2024-12-12 17:58:00,2024-12-12 18:37:39.200980,39.65,19,Android
2874,937,2026-01-03 08:37:00,2026-01-03 08:38:51.693519,1.86,0,Web
2875,937,2025-11-24 09:37:00,2025-11-24 09:50:32.724359,13.55,6,Web
2876,937,2025-11-07 02:59:00,2025-11-07 03:11:45.839879,12.76,6,Web
2877,937,2026-01-12 11:07:00,2026-01-12 11:23:12.386593,16.21,8,Web
2878,937,2025-12-12 13:28:00,2025-12-12 13:46:24.439823,18.41,9,Web
2879,937,2025-11-03 00:37:00,2025-11-03 00:56:57.749996,19.96,9,Web
2880,938,2025-05-16 11:59:00,2025-05-16 12:12:03.104078,13.05,6,iOS
2881,938,2025-06-04 14:03:00,2025-06-04 14:09:33.038561,6.55,3,iOS
2882,939,2024-12-19 05:34:00,2024-12-19 05:47:27.147334,13.45,6,Android
2883,939,2024-12-12 20:43:00,2024-12-12 20:51:36.266325,8.6,4,Android
2884,939,2024-12-16 17:25:00,2024-12-16 17:32:51.500872,7.86,3,Android
2885,940,2025-12-30 08:04:00,2025-12-30 08:33:33.996757,29.57,14,Android
2886,941,2025-04-30 04:44:00,2025-04-30 05:00:24.849201,16.41,8,Android
2887,941,2025-07-11 17:19:00,2025-07-11 17:20:27.515269,1.46,0,Android
2888,941,2025-07-23 17:44:00,2025-07-23 17:56:40.147559,12.67,6,Android
2889,942,2024-07-26 21:13:00,2024-07-26 21:22:08.963805,9.15,4,iOS
2890,942,2024-07-08 16:36:00,2024-07-08 16:54:06.505007,18.11,9,iOS
2891,942,2024-08-29 13:24:00,2024-08-29 13:35:46.265361,11.77,5,iOS
2892,942,2024-05-21 19:01:00,2024-05-21 19:16:23.948282,15.4,7,iOS
2893,942,2024-06-20 16:40:00,2024-06-20 16:43:41.364463,3.69,1,iOS
2894,942,2024-05-11 08:48:00,2024-05-11 09:03:15.926688,15.27,7,iOS
2895,943,2025-01-13 04:14:00,2025-01-13 04:31:55.678387,17.93,8,Android
2896,943,2025-02-17 22:27:00,2025-02-17 22:29:51.323684,2.86,1,Android
2897,943,2024-12-13 00:42:00,2024-12-13 01:00:11.744989,18.2,9,Android
2898,944,2024-10-08 20:44:00,2024-10-08 20:45:06.077572,1.1,0,Android
2899,944,2024-09-21 18:39:00,2024-09-21 18:43:36.670316,4.61,2,Android
2900,945,2024-06-28 10:59:00,2024-06-28 11:12:44.755230,13.75,6,iOS
2901,946,2025-05-23 01:25:00,2025-05-23 01:47:21.986562,22.37,11,Android
2902,946,2025-06-08 14:57:00,2025-06-08 15:32:07.992968,35.13,17,Android
2903,946,2025-03-27 06:26:00,2025-03-27 07:00:55.780970,34.93,17,Android
2904,946,2025-02-27 04:42:00,2025-02-27 04:59:51.706869,17.86,8,Android
2905,946,2025-04-29 06:32:00,2025-04-29 07:08:37.103610,36.62,18,Android
2906,947,2025-03-08 10:25:00,2025-03-08 10:31:31.361826,6.52,3,Android
2907,947,2025-03-03 00:53:00,2025-03-03 01:04:46.339656,11.77,5,Android
2908,947,2025-04-09 01:56:00,2025-04-09 02:08:45.179676,12.75,6,Android
2909,947,2025-03-31 09:10:00,2025-03-31 09:18:14.699131,8.24,4,Android
2910,947,2025-03-17 03:22:00,2025-03-17 03:36:21.475948,14.36,7,Android
2911,947,2025-04-16 12:25:00,2025-04-16 12:42:53.037640,17.88,8,Android
2912,948,2025-01-08 06:46:00,2025-01-08 06:57:06.472742,11.11,5,Android
2913,949,2024-09-12 23:33:00,2024-09-12 23:49:16.274462,16.27,8,Android
2914,949,2024-11-02 20:30:00,2024-11-02 20:31:05.222772,1.09,0,Android
2915,949,2024-10-12 04:55:00,2024-10-12 05:07:13.284343,12.22,6,Android
2916,950,2024-09-09 06:37:00,2024-09-09 06:46:14.967827,9.25,4,Android
2917,950,2024-09-01 08:32:00,2024-09-01 08:34:13.731243,2.23,1,Android
2918,951,2025-06-22 04:09:00,2025-06-22 04:18:30.963035,9.52,4,Android
2919,951,2025-04-24 19:43:00,2025-04-24 20:13:55.618358,30.93,15,Android
2920,952,2024-04-03 13:47:00,2024-04-03 13:58:03.764538,11.06,5,Android
2921,952,2024-02-28 16:05:00,2024-02-28 16:06:28.323747,1.47,0,Android
2922,953,2025-01-01 13:54:00,2025-01-01 14:29:56.065106,35.93,17,Android
2923,953,2024-11-01 02:21:00,2024-11-01 02:59:49.494210,38.82,19,Android
2924,954,2024-08-20 13:32:00,2024-08-20 13:46:22.830639,14.38,7,Android
2925,954,2024-10-30 04:20:00,2024-10-30 04:34:12.455135,14.21,7,Android
2926,954,2024-10-06 02:23:00,2024-10-06 02:32:55.592115,9.93,4,Android
2927,955,2025-08-10 21:34:00,2025-08-10 22:14:56.523293,40.94,20,iOS
2928,955,2025-11-14 04:32:00,2025-11-14 04:59:02.855196,27.05,13,iOS
2929,955,2025-07-29 13:08:00,2025-07-29 13:45:46.439303,37.77,18,iOS
2930,956,2025-11-12 23:26:00,2025-11-12 23:35:11.086725,9.18,4,iOS
2931,957,2024-12-30 15:25:00,2024-12-30 15:41:19.970399,16.33,8,iOS
2932,957,2024-11-15 09:06:00,2024-11-15 09:19:04.144020,13.07,6,iOS
2933,957,2024-12-07 02:39:00,2024-12-07 03:04:29.312310,25.49,12,iOS
2934,958,2025-08-11 23:34:00,2025-08-11 23:48:46.059752,14.77,7,Android
2935,958,2025-05-08 13:43:00,2025-05-08 13:51:22.302897,8.37,4,Android
2936,958,2025-06-18 00:19:00,2025-06-18 00:27:38.042977,8.63,4,Android
2937,958,2025-05-04 03:07:00,2025-05-04 03:17:52.580183,10.88,5,Android
2938,958,2025-05-01 02:09:00,2025-05-01 02:19:52.160523,10.87,5,Android
2939,959,2024-09-13 21:38:00,2024-09-13 21:44:17.060363,6.28,3,iOS
2940,959,2024-12-10 10:07:00,2024-12-10 10:18:47.743433,11.8,5,iOS
2941,960,2025-05-25 21:03:00,2025-05-25 21:17:57.190255,14.95,7,Android
2942,961,2024-06-28 14:20:00,2024-06-28 14:30:04.193576,10.07,5,Android
2943,961,2024-05-13 12:11:00,2024-05-13 12:27:32.223126,16.54,8,Android
2944,961,2024-05-21 18:44:00,2024-05-21 19:02:13.566521,18.23,9,Android
2945,961,2024-05-31 04:41:00,2024-05-31 04:43:56.327653,2.94,1,Android
2946,961,2024-04-07 12:32:00,2024-04-07 12:41:18.650885,9.31,4,Android
2947,962,2024-06-11 10:43:00,2024-06-11 10:57:19.259330,14.32,7,Android
2948,963,2024-10-13 14:08:00,2024-10-13 14:18:19.286318,10.32,5,Android
2949,963,2024-11-07 15:17:00,2024-11-07 15:36:28.525746,19.48,9,Android
2950,964,2025-06-28 04:28:00,2025-06-28 04:29:38.704413,1.65,0,iOS
2951,964,2025-05-01 19:57:00,2025-05-01 20:13:59.246752,16.99,8,iOS
2952,964,2025-04-14 05:15:00,2025-04-14 05:18:52.963215,3.88,1,iOS
2953,965,2026-02-18 08:05:00,2026-02-18 08:07:56.203229,2.94,1,Android
2954,965,2026-03-25 19:14:00,2026-03-25 19:19:56.658606,5.94,2,Android
2955,965,2026-01-23 15:54:00,2026-01-23 16:03:52.502702,9.88,4,Android
2956,966,2024-11-21 17:49:00,2024-11-21 17:59:31.854352,10.53,5,Android
2957,966,2025-01-24 20:23:00,2025-01-24 20:36:46.673383,13.78,6,Android
2958,966,2024-11-30 18:08:00,2024-11-30 18:26:01.608954,18.03,9,Android
2959,966,2025-02-10 13:50:00,2025-02-10 14:07:04.769675,17.08,8,Android
2960,967,2024-09-30 05:19:00,2024-09-30 05:34:23.296327,15.39,7,iOS
2961,967,2024-06-24 20:24:00,2024-06-24 20:39:31.956518,15.53,7,iOS
2962,968,2024-11-14 23:34:00,2024-11-14 23:48:16.343005,14.27,7,Android
2963,968,2024-12-06 00:46:00,2024-12-06 01:02:35.006582,16.58,8,Android
2964,969,2024-12-21 17:27:00,2024-12-21 17:38:14.861160,11.25,5,Android
2965,970,2025-07-15 16:16:00,2025-07-15 16:22:07.533289,6.13,3,Android
2966,970,2025-10-15 02:56:00,2025-10-15 03:02:13.680813,6.23,3,Android
2967,970,2025-09-18 01:04:00,2025-09-18 01:17:35.772132,13.6,6,Android
2968,971,2025-07-26 11:40:00,2025-07-26 11:44:16.425549,4.27,2,iOS
2969,971,2025-06-14 03:43:00,2025-06-14 03:53:09.713389,10.16,5,iOS
2970,972,2024-11-12 07:42:00,2024-11-12 08:00:58.752233,18.98,9,iOS
2971,972,2024-09-22 18:12:00,2024-09-22 18:13:59.415431,1.99,0,iOS
2972,972,2024-09-07 06:06:00,2024-09-07 06:18:39.933625,12.67,6,iOS
2973,972,2024-11-08 22:19:00,2024-11-08 22:23:05.881135,4.1,2,iOS
2974,973,2025-03-28 02:19:00,2025-03-28 02:28:53.375258,9.89,4,Android
2975,973,2025-01-10 17:42:00,2025-01-10 17:58:58.832772,16.98,8,Android
2976,973,2025-04-02 00:17:00,2025-04-02 00:36:52.477379,19.87,9,Android
2977,973,2025-02-02 17:33:00,2025-02-02 17:45:45.919464,12.77,6,Android
2978,973,2025-03-07 02:44:00,2025-03-07 02:49:52.410799,5.87,2,Android
2979,974,2025-12-14 17:29:00,2025-12-14 18:06:05.840958,37.1,18,Web
2980,974,2025-10-28 08:41:00,2025-10-28 09:19:33.855574,38.56,19,Web
2981,975,2025-06-16 20:56:00,2025-06-16 21:30:00.691068,34.01,17,Android
2982,976,2025-10-13 23:09:00,2025-10-13 23:18:22.897493,9.38,4,Web
2983,977,2025-08-03 13:30:00,2025-08-03 13:46:48.382526,16.81,8,Web
2984,977,2025-06-11 02:51:00,2025-06-11 03:01:08.527500,10.14,5,Web
2985,977,2025-09-30 09:19:00,2025-09-30 09:35:37.370564,16.62,8,Web
2986,978,2024-07-22 03:29:00,2024-07-22 03:42:02.014453,13.03,6,iOS
2987,979,2025-10-02 15:26:00,2025-10-02 15:31:46.938037,5.78,2,iOS
2988,980,2026-02-16 07:38:00,2026-02-16 07:45:22.945976,7.38,3,Web
2989,980,2026-03-24 18:36:00,2026-03-24 18:47:18.676659,11.31,5,Web
2990,980,2026-02-18 22:51:00,2026-02-18 22:58:27.920560,7.47,3,Web
2991,981,2024-07-17 13:37:00,2024-07-17 14:09:15.289529,32.25,16,Android
2992,981,2024-10-17 07:41:00,2024-10-17 07:52:55.757101,11.93,5,Android
2993,981,2024-10-03 16:46:00,2024-10-03 17:19:47.625465,33.79,16,Android
2994,981,2024-08-23 02:28:00,2024-08-23 02:40:37.472556,12.62,6,Android
2995,981,2024-10-17 17:49:00,2024-10-17 18:23:42.001600,34.7,17,Android
2996,981,2024-08-01 23:36:00,2024-08-02 00:06:19.155765,30.32,15,Android
2997,982,2025-08-25 06:04:00,2025-08-25 06:41:22.674095,37.38,18,iOS
2998,983,2025-10-10 03:56:00,2025-10-10 04:08:39.300028,12.66,6,iOS
2999,983,2025-10-16 06:31:00,2025-10-16 06:48:17.986742,17.3,8,iOS
3000,983,2025-09-19 01:23:00,2025-09-19 01:35:46.307879,12.77,6,iOS
3001,983,2025-11-08 16:47:00,2025-11-08 16:57:52.224475,10.87,5,iOS
3002,984,2024-09-22 00:10:00,2024-09-22 00:20:05.446381,10.09,5,Android
3003,984,2024-09-20 04:24:00,2024-09-20 04:30:07.038821,6.12,3,Android
3004,985,2025-01-11 15:13:00,2025-01-11 15:23:38.512596,10.64,5,Web
3005,985,2025-02-04 23:11:00,2025-02-04 23:23:43.937631,12.73,6,Web
3006,985,2025-02-20 09:23:00,2025-02-20 09:29:04.237886,6.07,3,Web
3007,985,2024-11-24 02:21:00,2024-11-24 02:35:50.976331,14.85,7,Web
3008,986,2025-07-10 15:13:00,2025-07-10 15:50:21.609763,37.36,18,Android
3009,986,2025-06-28 02:47:00,2025-06-28 03:11:05.828421,24.1,12,Android
3010,986,2025-06-01 15:17:00,2025-06-01 15:48:12.232998,31.2,15,Android
3011,986,2025-06-30 22:55:00,2025-06-30 23:12:40.025182,17.67,8,Android
3012,986,2025-07-20 10:45:00,2025-07-20 11:15:45.764958,30.76,15,Android
3013,987,2024-08-19 10:05:00,2024-08-19 10:22:23.737150,17.4,8,iOS
3014,987,2024-05-29 01:05:00,2024-05-29 01:11:43.685365,6.73,3,iOS
3015,987,2024-06-04 10:50:00,2024-06-04 11:02:42.260113,12.7,6,iOS
3016,988,2024-07-13 16:58:00,2024-07-13 17:01:01.238146,3.02,1,Android
3017,988,2024-05-09 06:02:00,2024-05-09 06:18:57.435030,16.96,8,Android
3018,988,2024-05-30 01:43:00,2024-05-30 01:48:58.762522,5.98,2,Android
3019,988,2024-06-15 21:33:00,2024-06-15 21:50:24.838095,17.41,8,Android
3020,988,2024-04-15 08:06:00,2024-04-15 08:07:27.919911,1.47,0,Android
3021,989,2025-03-09 01:15:00,2025-03-09 01:16:52.277162,1.87,0,iOS
3022,989,2025-02-25 10:53:00,2025-02-25 11:09:27.134600,16.45,8,iOS
3023,990,2024-09-24 07:18:00,2024-09-24 07:24:38.069177,6.63,3,Android
3024,990,2024-08-30 10:43:00,2024-08-30 10:44:31.999977,1.53,0,Android
3025,990,2024-09-25 01:58:00,2024-09-25 02:12:29.991630,14.5,7,Android
3026,990,2024-08-15 16:47:00,2024-08-15 17:05:54.352447,18.91,9,Android
3027,991,2025-11-24 05:24:00,2025-11-24 05:27:28.077440,3.47,1,iOS
3028,991,2025-09-19 21:42:00,2025-09-19 21:48:34.868194,6.58,3,iOS
3029,991,2025-11-19 19:56:00,2025-11-19 20:07:19.644186,11.33,5,iOS
3030,992,2025-10-12 00:58:00,2025-10-12 01:13:29.501624,15.49,7,Android
3031,992,2025-11-27 16:25:00,2025-11-27 16:34:26.354797,9.44,4,Android
3032,992,2025-12-04 01:27:00,2025-12-04 01:39:47.748470,12.8,6,Android
3033,992,2025-12-07 08:55:00,2025-12-07 09:13:11.979992,18.2,9,Android
3034,993,2025-09-20 21:53:00,2025-09-20 22:06:22.721232,13.38,6,iOS
3035,993,2025-05-28 05:09:00,2025-05-28 05:23:18.660363,14.31,7,iOS
3036,993,2025-08-24 19:59:00,2025-08-24 20:42:25.317898,43.42,21,iOS
3037,993,2025-08-28 02:08:00,2025-08-28 02:25:13.218922,17.22,8,iOS
3038,993,2025-06-22 11:18:00,2025-06-22 11:40:24.659650,22.41,11,iOS
3039,994,2025-03-17 21:45:00,2025-03-17 21:54:50.771657,9.85,4,iOS
3040,995,2024-08-04 18:58:00,2024-08-04 19:31:53.799128,33.9,16,Android
3041,996,2024-06-22 21:53:00,2024-06-22 21:57:16.003862,4.27,2,Android
3042,996,2024-08-07 23:17:00,2024-08-07 23:21:02.567490,4.04,2,Android
3043,997,2026-01-31 14:03:00,2026-01-31 14:33:02.579257,30.04,15,Android
3044,997,2025-10-21 03:40:00,2025-10-21 04:06:07.610925,26.13,13,Android
3045,998,2024-07-28 09:32:00,2024-07-28 10:01:24.220130,29.4,14,Android
3046,998,2024-06-09 17:43:00,2024-06-09 18:12:38.913063,29.65,14,Android
3047,998,2024-07-22 15:06:00,2024-07-22 15:20:31.967803,14.53,7,Android
3048,998,2024-05-22 15:00:00,2024-05-22 15:19:18.210431,19.3,9,Android
3049,998,2024-05-04 08:12:00,2024-05-04 08:41:26.483548,29.44,14,Android
3050,999,2025-07-25 03:46:00,2025-07-25 04:13:03.781104,27.06,13,Android
3051,999,2025-08-15 01:03:00,2025-08-15 01:28:53.741240,25.9,12,Android
3052,999,2025-09-23 23:25:00,2025-09-23 23:49:42.156859,24.7,12,Android
3053,999,2025-06-18 07:51:00,2025-06-18 08:30:50.709824,39.85,19,Android
3054,1000,2025-03-15 01:25:00,2025-03-15 01:39:15.053221,14.25,7,Android
3055,1000,2025-04-18 05:28:00,2025-04-18 05:38:27.208715,10.45,5,Android
3056,1001,2025-07-08 11:35:00,2025-07-08 11:47:04.755765,12.08,6,iOS
3057,1001,2025-07-16 04:33:00,2025-07-16 04:37:31.157653,4.52,2,iOS
3058,1001,2025-06-18 13:14:00,2025-06-18 13:24:54.354027,10.91,5,iOS
3059,1001,2025-09-24 07:49:00,2025-09-24 07:53:54.920779,4.92,2,iOS
3060,1002,2024-06-01 22:15:00,2024-06-01 22:22:33.137902,7.55,3,Android
3061,1002,2024-05-25 08:20:00,2024-05-25 08:21:32.875780,1.55,0,Android
3062,1002,2024-07-09 18:32:00,2024-07-09 18:49:47.690864,17.79,8,Android
3063,1002,2024-07-23 15:40:00,2024-07-23 15:59:52.641463,19.88,9,Android
3064,1003,2024-04-10 22:20:00,2024-04-10 22:35:15.908871,15.27,7,Android
3065,1003,2024-03-31 08:42:00,2024-03-31 08:59:21.172926,17.35,8,Android
3066,1003,2024-03-31 14:07:00,2024-03-31 14:26:23.736939,19.4,9,Android
3067,1003,2024-06-18 04:13:00,2024-06-18 04:25:20.086578,12.33,6,Android
3068,1004,2024-02-28 08:55:00,2024-02-28 08:59:27.617066,4.46,2,iOS
3069,1005,2025-04-16 12:04:00,2025-04-16 12:16:41.663006,12.69,6,Web
3070,1006,2025-12-29 10:22:00,2025-12-29 10:51:51.829172,29.86,14,Android
3071,1007,2024-03-28 17:48:00,2024-03-28 17:52:24.829454,4.41,2,Web
3072,1007,2024-03-10 13:33:00,2024-03-10 13:49:41.355726,16.69,8,Web
3073,1007,2024-04-11 09:02:00,2024-04-11 09:15:44.541476,13.74,6,Web
3074,1008,2025-05-20 06:54:00,2025-05-20 07:04:53.091598,10.88,5,Android
3075,1008,2025-03-25 11:03:00,2025-03-25 11:14:38.323646,11.64,5,Android
3076,1008,2025-05-25 08:56:00,2025-05-25 09:01:33.217598,5.55,2,Android
3077,1008,2025-06-26 16:07:00,2025-06-26 16:11:30.698910,4.51,2,Android
3078,1008,2025-03-24 17:24:00,2025-03-24 17:34:50.131695,10.84,5,Android
3079,1008,2025-03-31 14:47:00,2025-03-31 15:04:23.822724,17.4,8,Android
3080,1009,2024-03-24 14:24:00,2024-03-24 15:02:22.710079,38.38,19,Android
3081,1010,2025-05-22 07:47:00,2025-05-22 08:21:51.088786,34.85,17,Android
3082,1010,2025-07-09 08:08:00,2025-07-09 08:31:03.527734,23.06,11,Android
3083,1010,2025-09-03 08:56:00,2025-09-03 09:38:29.902996,42.5,21,Android
3084,1010,2025-08-22 22:37:00,2025-08-22 23:18:52.831690,41.88,20,Android
3085,1010,2025-08-26 14:13:00,2025-08-26 14:57:41.687664,44.69,22,Android
3086,1010,2025-06-24 01:21:00,2025-06-24 01:36:58.600392,15.98,7,Android
3087,1011,2025-09-23 12:12:00,2025-09-23 12:30:51.282492,18.85,9,Web
3088,1011,2025-11-17 07:12:00,2025-11-17 07:24:13.226589,12.22,6,Web
3089,1011,2025-08-07 15:08:00,2025-08-07 15:20:48.004245,12.8,6,Web
3090,1012,2024-09-28 14:57:00,2024-09-28 15:10:00.853974,13.01,6,Android
3091,1012,2024-07-31 23:07:00,2024-07-31 23:11:55.213167,4.92,2,Android
3092,1012,2024-10-10 14:12:00,2024-10-10 14:20:35.037290,8.58,4,Android
3093,1013,2025-12-06 13:32:00,2025-12-06 13:43:12.923620,11.22,5,iOS
3094,1013,2025-11-30 20:28:00,2025-11-30 20:40:18.556119,12.31,6,iOS
3095,1013,2026-01-04 00:14:00,2026-01-04 00:24:08.972752,10.15,5,iOS
3096,1013,2026-02-15 11:13:00,2026-02-15 11:17:06.338611,4.11,2,iOS
3097,1014,2025-08-01 08:18:00,2025-08-01 08:32:33.133490,14.55,7,Android
3098,1014,2025-09-15 16:11:00,2025-09-15 16:24:12.237967,13.2,6,Android
3099,1014,2025-09-18 00:46:00,2025-09-18 00:58:45.874125,12.76,6,Android
3100,1015,2024-06-23 16:09:00,2024-06-23 16:13:06.659248,4.11,2,iOS
3101,1015,2024-09-02 06:40:00,2024-09-02 06:44:33.077108,4.55,2,iOS
3102,1015,2024-08-31 21:55:00,2024-08-31 22:14:36.720672,19.61,9,iOS
3103,1015,2024-05-21 19:39:00,2024-05-21 19:57:19.350589,18.32,9,iOS
3104,1015,2024-08-10 17:34:00,2024-08-10 17:42:47.028551,8.78,4,iOS
3105,1016,2025-04-28 20:13:00,2025-04-28 20:14:07.266163,1.12,0,Android
3106,1016,2025-06-08 18:43:00,2025-06-08 18:53:08.450175,10.14,5,Android
3107,1017,2024-07-18 16:10:00,2024-07-18 16:27:20.089734,17.33,8,Android
3108,1017,2024-06-22 23:40:00,2024-06-22 23:51:26.012756,11.43,5,Android
3109,1018,2024-04-28 12:32:00,2024-04-28 12:35:25.261747,3.42,1,Android
3110,1018,2024-05-24 07:57:00,2024-05-24 08:01:48.469706,4.81,2,Android
3111,1018,2024-07-29 10:58:00,2024-07-29 11:08:24.956263,10.42,5,Android
3112,1018,2024-06-09 06:45:00,2024-06-09 06:59:54.024802,14.9,7,Android
3113,1018,2024-07-02 19:41:00,2024-07-02 19:54:41.715429,13.7,6,Android
3114,1019,2026-04-01 01:08:00,2026-04-01 01:15:54.944223,7.92,3,iOS
3115,1020,2024-06-14 01:37:00,2024-06-14 02:10:15.911602,33.27,16,Android
3116,1020,2024-06-30 17:12:00,2024-06-30 17:39:58.899318,27.98,13,Android
3117,1020,2024-03-15 08:51:00,2024-03-15 09:00:09.231670,9.15,4,Android
3118,1021,2025-04-27 20:49:00,2025-04-27 21:16:28.412892,27.47,13,iOS
3119,1021,2025-05-02 06:30:00,2025-05-02 07:06:16.102758,36.27,18,iOS
3120,1022,2025-07-10 14:23:00,2025-07-10 14:33:15.129269,10.25,5,Web
3121,1022,2025-07-23 03:45:00,2025-07-23 03:52:00.217162,7.0,3,Web
3122,1022,2025-07-23 23:46:00,2025-07-24 00:01:29.069627,15.48,7,Web
3123,1022,2025-05-05 04:39:00,2025-05-05 04:40:19.769019,1.33,0,Web
3124,1022,2025-07-12 15:41:00,2025-07-12 15:59:08.980030,18.15,9,Web
3125,1022,2025-08-03 08:49:00,2025-08-03 09:08:02.210709,19.04,9,Web
3126,1022,2025-06-03 22:09:00,2025-06-03 22:21:36.914521,12.62,6,Web
3127,1023,2025-09-18 22:59:00,2025-09-18 23:38:46.422097,39.77,19,Web
3128,1023,2025-10-13 17:37:00,2025-10-13 17:46:40.344998,9.67,4,Web
3129,1023,2025-08-10 18:55:00,2025-08-10 19:11:42.227502,16.7,8,Web
3130,1024,2024-05-19 12:50:00,2024-05-19 13:02:21.616897,12.36,6,Android
3131,1024,2024-04-14 07:13:00,2024-04-14 07:16:29.395313,3.49,1,Android
3132,1024,2024-05-24 00:50:00,2024-05-24 01:01:01.399492,11.02,5,Android
3133,1025,2024-10-29 15:29:00,2024-10-29 15:35:33.768746,6.56,3,Android
3134,1025,2024-11-15 22:11:00,2024-11-15 22:27:37.823324,16.63,8,Android
3135,1025,2025-02-02 11:56:00,2025-02-02 12:00:00.534545,4.01,2,Android
3136,1025,2024-11-12 21:08:00,2024-11-12 21:24:17.451637,16.29,8,Android
3137,1026,2025-07-21 09:59:00,2025-07-21 10:02:02.103248,3.04,1,Web
3138,1026,2025-06-01 01:01:00,2025-06-01 01:07:50.737077,6.85,3,Web
3139,1026,2025-08-28 21:37:00,2025-08-28 21:53:41.461440,16.69,8,Web
3140,1026,2025-06-20 17:43:00,2025-06-20 18:00:13.466367,17.22,8,Web
3141,1027,2025-10-01 00:32:00,2025-10-01 00:43:35.818763,11.6,5,Android
3142,1027,2025-09-05 00:13:00,2025-09-05 00:21:57.156024,8.95,4,Android
3143,1027,2025-08-14 04:42:00,2025-08-14 04:55:24.512251,13.41,6,Android
3144,1027,2025-07-31 12:44:00,2025-07-31 12:47:38.470439,3.64,1,Android
3145,1028,2025-05-06 03:01:00,2025-05-06 03:16:30.645633,15.51,7,Android
3146,1028,2025-06-18 11:14:00,2025-06-18 11:33:54.790342,19.91,9,Android
3147,1028,2025-06-15 11:35:00,2025-06-15 11:42:37.236760,7.62,3,Android
3148,1029,2025-07-30 21:47:00,2025-07-30 21:51:01.659377,4.03,2,iOS
3149,1029,2025-08-12 19:15:00,2025-08-12 19:34:44.661847,19.74,9,iOS
3150,1030,2025-10-26 06:09:00,2025-10-26 06:21:00.653981,12.01,6,Android
3151,1030,2025-11-07 17:06:00,2025-11-07 17:40:49.201449,34.82,17,Android
3152,1031,2025-10-11 05:04:00,2025-10-11 05:37:52.770247,33.88,16,Android
3153,1031,2025-09-14 01:21:00,2025-09-14 02:00:24.247578,39.4,19,Android
3154,1031,2025-10-19 17:10:00,2025-10-19 17:50:17.995264,40.3,20,Android
3155,1031,2025-07-25 11:34:00,2025-07-25 12:05:23.862724,31.4,15,Android
3156,1032,2024-06-10 13:45:00,2024-06-10 14:09:20.190578,24.34,12,Android
3157,1033,2025-04-14 10:40:00,2025-04-14 10:48:40.692406,8.68,4,Web
3158,1033,2025-03-26 12:47:00,2025-03-26 12:52:25.393323,5.42,2,Web
3159,1034,2025-07-17 19:02:00,2025-07-17 19:14:18.109515,12.3,6,Android
3160,1034,2025-08-08 07:03:00,2025-08-08 07:09:15.435753,6.26,3,Android
3161,1034,2025-05-02 22:24:00,2025-05-02 22:37:37.762852,13.63,6,Android
3162,1035,2024-02-15 07:20:00,2024-02-15 07:39:09.415296,19.16,9,iOS
3163,1036,2025-06-03 01:05:00,2025-06-03 01:06:58.486314,1.97,0,iOS
3164,1036,2025-04-24 11:17:00,2025-04-24 11:34:50.858702,17.85,8,iOS
3165,1036,2025-06-17 00:07:00,2025-06-17 00:24:30.988716,17.52,8,iOS
3166,1036,2025-06-19 19:16:00,2025-06-19 19:26:15.388894,10.26,5,iOS
3167,1036,2025-06-18 12:05:00,2025-06-18 12:16:48.664649,11.81,5,iOS
3168,1036,2025-05-19 18:46:00,2025-05-19 18:47:19.786721,1.33,0,iOS
3169,1037,2024-10-17 18:27:00,2024-10-17 18:45:49.363904,18.82,9,Android
3170,1037,2024-07-27 22:03:00,2024-07-27 22:12:56.861359,9.95,4,Android
3171,1037,2024-11-06 12:16:00,2024-11-06 12:35:45.646240,19.76,9,Android
3172,1037,2024-10-08 06:15:00,2024-10-08 06:19:20.155961,4.34,2,Android
3173,1037,2024-08-14 02:50:00,2024-08-14 03:05:40.644174,15.68,7,Android
3174,1037,2024-10-10 09:40:00,2024-10-10 09:54:51.443329,14.86,7,Android
3175,1038,2025-04-25 14:15:00,2025-04-25 14:50:43.830802,35.73,17,Android
3176,1038,2025-05-21 16:36:00,2025-05-21 17:05:09.024739,29.15,14,Android
3177,1039,2024-06-08 19:30:00,2024-06-08 19:34:56.797823,4.95,2,Android
3178,1039,2024-05-09 10:06:00,2024-05-09 10:25:00.093371,19.0,9,Android
3179,1039,2024-05-07 12:37:00,2024-05-07 12:42:34.638754,5.58,2,Android
3180,1039,2024-06-08 00:31:00,2024-06-08 00:33:59.575168,2.99,1,Android
3181,1040,2024-03-11 05:18:00,2024-03-11 05:21:46.537669,3.78,1,Android
3182,1040,2024-05-15 06:37:00,2024-05-15 06:38:45.391792,1.76,0,Android
3183,1041,2024-03-04 19:48:00,2024-03-04 19:58:53.793204,10.9,5,iOS
3184,1042,2025-07-29 02:41:00,2025-07-29 02:43:37.596617,2.63,1,iOS
3185,1042,2025-10-09 23:57:00,2025-10-10 00:12:40.050653,15.67,7,iOS
3186,1042,2025-10-07 14:09:00,2025-10-07 14:24:17.495165,15.29,7,iOS
3187,1042,2025-09-18 22:56:00,2025-09-18 23:05:01.922306,9.03,4,iOS
3188,1042,2025-10-10 15:00:00,2025-10-10 15:13:30.203002,13.5,6,iOS
3189,1043,2025-07-21 22:09:00,2025-07-21 22:10:44.958586,1.75,0,Android
3190,1043,2025-10-26 08:20:00,2025-10-26 08:22:42.896830,2.71,1,Android
3191,1043,2025-08-10 04:34:00,2025-08-10 04:50:59.911841,17.0,8,Android
3192,1043,2025-09-19 23:44:00,2025-09-19 23:48:04.380189,4.07,2,Android
3193,1043,2025-10-25 20:49:00,2025-10-25 21:04:38.275590,15.64,7,Android
3194,1044,2024-08-03 17:20:00,2024-08-03 17:31:04.387385,11.07,5,Web
3195,1044,2024-06-30 01:17:00,2024-06-30 01:24:52.129543,7.87,3,Web
3196,1045,2024-11-21 08:59:00,2024-11-21 09:18:03.292076,19.05,9,Android
3197,1046,2024-12-11 16:53:00,2024-12-11 17:03:52.150971,10.87,5,iOS
3198,1046,2024-11-07 05:01:00,2024-11-07 05:16:28.076508,15.47,7,iOS
3199,1046,2024-12-06 10:21:00,2024-12-06 10:36:56.267517,15.94,7,iOS
3200,1047,2025-07-26 04:51:00,2025-07-26 05:02:43.057957,11.72,5,Android
3201,1047,2025-06-26 22:40:00,2025-06-26 22:47:45.133247,7.75,3,Android
3202,1047,2025-08-13 00:44:00,2025-08-13 00:56:56.952773,12.95,6,Android
3203,1048,2026-02-14 07:29:00,2026-02-14 07:45:08.551167,16.14,8,Android
3204,1048,2026-01-27 14:56:00,2026-01-27 14:57:51.925245,1.87,0,Android
3205,1048,2026-03-04 08:13:00,2026-03-04 08:22:34.972705,9.58,4,Android
3206,1048,2025-12-14 00:25:00,2025-12-14 00:29:04.634274,4.08,2,Android
3207,1049,2025-02-18 07:01:00,2025-02-18 07:04:49.440950,3.82,1,Android
3208,1050,2024-05-26 09:26:00,2024-05-26 09:29:02.506172,3.04,1,Android
3209,1050,2024-06-21 18:57:00,2024-06-21 19:07:43.479936,10.72,5,Android
3210,1050,2024-06-06 18:01:00,2024-06-06 18:07:27.959131,6.47,3,Android
3211,1050,2024-06-11 17:36:00,2024-06-11 17:40:16.346655,4.27,2,Android
3212,1050,2024-07-15 02:53:00,2024-07-15 02:57:58.149559,4.97,2,Android
3213,1050,2024-05-29 01:03:00,2024-05-29 01:18:40.353771,15.67,7,Android
3214,1051,2025-12-12 08:09:00,2025-12-12 08:11:55.203305,2.92,1,Web
3215,1051,2025-12-07 00:00:00,2025-12-07 00:04:41.272609,4.69,2,Web
3216,1051,2026-01-01 19:14:00,2026-01-01 19:16:02.520808,2.04,1,Web
3217,1052,2025-12-03 15:08:00,2025-12-03 15:14:32.538992,6.54,3,Android
3218,1052,2025-08-30 06:51:00,2025-08-30 07:09:51.888830,18.86,9,Android
3219,1053,2025-07-02 21:58:00,2025-07-02 22:14:31.472932,16.52,8,Android
3220,1053,2025-07-06 16:14:00,2025-07-06 16:24:13.149992,10.22,5,Android
3221,1053,2025-07-28 13:05:00,2025-07-28 13:09:53.549907,4.89,2,Android
3222,1053,2025-09-15 10:55:00,2025-09-15 11:01:24.714679,6.41,3,Android
3223,1054,2024-06-17 22:37:00,2024-06-17 23:04:46.813192,27.78,13,iOS
3224,1054,2024-07-20 05:40:00,2024-07-20 05:57:57.898265,17.96,8,iOS
3225,1055,2024-08-23 04:58:00,2024-08-23 05:12:32.604454,14.54,7,iOS
3226,1055,2024-07-08 21:34:00,2024-07-08 21:50:51.740110,16.86,8,iOS
3227,1056,2024-10-06 22:02:00,2024-10-06 22:08:43.880165,6.73,3,Web
3228,1056,2025-01-09 16:21:00,2025-01-09 16:30:11.441992,9.19,4,Web
3229,1057,2024-11-27 00:22:00,2024-11-27 00:39:38.082880,17.63,8,Web
3230,1057,2024-12-03 08:04:00,2024-12-03 08:05:04.876885,1.08,0,Web
3231,1057,2025-02-01 02:37:00,2025-02-01 02:53:16.225697,16.27,8,Web
3232,1057,2024-12-07 19:04:00,2024-12-07 19:06:20.487260,2.34,1,Web
3233,1058,2025-07-01 03:27:00,2025-07-01 03:39:21.668147,12.36,6,Android
3234,1058,2025-09-13 23:58:00,2025-09-14 00:05:48.981611,7.82,3,Android
3235,1058,2025-09-26 20:22:00,2025-09-26 20:40:12.039470,18.2,9,Android
3236,1059,2025-09-14 18:34:00,2025-09-14 18:35:05.397390,1.09,0,iOS
3237,1060,2025-01-09 23:09:00,2025-01-09 23:23:22.872913,14.38,7,Android
3238,1061,2025-12-03 15:29:00,2025-12-03 15:41:35.509221,12.59,6,Web
3239,1061,2026-01-21 10:11:00,2026-01-21 10:23:43.351264,12.72,6,Web
3240,1061,2025-12-29 10:55:00,2025-12-29 11:10:51.101235,15.85,7,Web
3241,1061,2026-01-22 13:22:00,2026-01-22 13:37:56.607530,15.94,7,Web
3242,1061,2025-12-31 23:55:00,2026-01-01 00:14:50.345427,19.84,9,Web
3243,1062,2025-07-09 18:30:00,2025-07-09 18:31:24.929023,1.42,0,Android
3244,1062,2025-05-21 11:59:00,2025-05-21 12:15:06.897760,16.11,8,Android
3245,1063,2025-03-26 14:50:00,2025-03-26 15:11:48.993400,21.82,10,Android
3246,1063,2025-01-15 16:25:00,2025-01-15 16:47:10.986066,22.18,11,Android
3247,1063,2024-12-23 22:05:00,2024-12-23 22:17:27.105419,12.45,6,Android
3248,1063,2025-01-15 11:57:00,2025-01-15 12:33:29.233305,36.49,18,Android
3249,1064,2024-10-25 21:42:00,2024-10-25 22:01:35.332669,19.59,9,Android
3250,1064,2024-12-03 08:52:00,2024-12-03 09:14:13.605380,22.23,11,Android
3251,1064,2025-01-11 05:48:00,2025-01-11 06:28:47.940799,40.8,20,Android
3252,1064,2024-09-25 07:00:00,2024-09-25 07:44:23.181381,44.39,22,Android
3253,1064,2024-10-11 08:11:00,2024-10-11 08:47:32.430848,36.54,18,Android
3254,1065,2025-10-06 06:41:00,2025-10-06 06:57:11.434221,16.19,8,iOS
3255,1065,2025-10-04 14:27:00,2025-10-04 14:38:56.743876,11.95,5,iOS
3256,1065,2025-08-16 15:10:00,2025-08-16 15:12:55.049796,2.92,1,iOS
3257,1065,2025-10-23 02:38:00,2025-10-23 02:41:02.503983,3.04,1,iOS
3258,1065,2025-10-20 15:53:00,2025-10-20 15:54:48.272716,1.8,0,iOS
3259,1065,2025-10-27 00:45:00,2025-10-27 01:00:56.068115,15.93,7,iOS
3260,1066,2025-08-01 06:10:00,2025-08-01 06:36:18.931308,26.32,13,Web
3261,1066,2025-06-30 11:47:00,2025-06-30 12:01:00.744805,14.01,7,Web
3262,1066,2025-08-05 05:48:00,2025-08-05 06:25:34.212755,37.57,18,Web
3263,1066,2025-09-09 03:05:00,2025-09-09 03:42:05.641965,37.09,18,Web
3264,1067,2025-04-26 18:03:00,2025-04-26 18:18:36.493880,15.61,7,Android
3265,1068,2025-02-27 14:24:00,2025-02-27 14:42:53.918513,18.9,9,Android
3266,1068,2025-04-17 00:34:00,2025-04-17 00:43:12.171428,9.2,4,Android
3267,1068,2025-04-04 11:00:00,2025-04-04 11:16:18.801203,16.31,8,Android
3268,1069,2025-04-29 21:15:00,2025-04-29 21:33:49.765542,18.83,9,Web
3269,1069,2025-06-24 06:43:00,2025-06-24 06:46:30.321452,3.51,1,Web
3270,1069,2025-05-28 16:41:00,2025-05-28 16:42:19.391572,1.32,0,Web
3271,1070,2024-12-23 10:46:00,2024-12-23 11:17:17.029272,31.28,15,Android
3272,1070,2025-01-09 13:30:00,2025-01-09 13:47:08.008656,17.13,8,Android
3273,1071,2025-05-18 21:18:00,2025-05-18 21:20:47.984373,2.8,1,Android
3274,1071,2025-05-29 02:52:00,2025-05-29 03:09:07.249058,17.12,8,Android
3275,1072,2025-05-05 17:29:00,2025-05-05 18:10:23.113888,41.39,20,Android
3276,1072,2025-05-12 04:13:00,2025-05-12 04:48:10.409517,35.17,17,Android
3277,1072,2025-03-30 21:23:00,2025-03-30 21:47:24.401446,24.41,12,Android
3278,1072,2025-04-10 23:53:00,2025-04-11 00:08:00.857690,15.01,7,Android
3279,1073,2024-05-01 13:54:00,2024-05-01 14:04:55.795393,10.93,5,Android
3280,1074,2024-05-25 11:58:00,2024-05-25 12:06:07.228018,8.12,4,Android
3281,1074,2024-06-06 05:04:00,2024-06-06 05:08:40.173984,4.67,2,Android
3282,1074,2024-05-30 22:50:00,2024-05-30 22:54:08.154383,4.14,2,Android
3283,1075,2025-12-27 13:42:00,2025-12-27 13:55:30.849863,13.51,6,Android
3284,1075,2026-01-14 16:36:00,2026-01-14 16:42:01.518714,6.03,3,Android
3285,1076,2025-01-30 09:55:00,2025-01-30 09:57:13.696746,2.23,1,iOS
3286,1076,2025-04-13 17:16:00,2025-04-13 17:30:33.074244,14.55,7,iOS
3287,1076,2025-04-12 14:26:00,2025-04-12 14:36:11.130756,10.19,5,iOS
3288,1076,2025-04-08 16:27:00,2025-04-08 16:40:39.000102,13.65,6,iOS
3289,1076,2025-03-05 16:04:00,2025-03-05 16:21:42.298020,17.7,8,iOS
3290,1077,2025-10-24 19:19:00,2025-10-24 19:48:10.607092,29.18,14,Android
3291,1077,2025-11-14 02:27:00,2025-11-14 03:10:14.381352,43.24,21,Android
3292,1078,2025-10-30 01:12:00,2025-10-30 01:44:20.768817,32.35,16,iOS
3293,1078,2025-10-01 10:32:00,2025-10-01 11:07:35.825633,35.6,17,iOS
3294,1078,2025-10-27 10:44:00,2025-10-27 11:12:35.876971,28.6,14,iOS
3295,1078,2025-09-02 05:49:00,2025-09-02 06:23:42.442352,34.71,17,iOS
3296,1078,2025-09-06 17:39:00,2025-09-06 18:06:37.795663,27.63,13,iOS
3297,1079,2024-07-22 13:05:00,2024-07-22 13:22:08.161964,17.14,8,iOS
3298,1079,2024-06-13 14:35:00,2024-06-13 14:51:41.057405,16.68,8,iOS
3299,1079,2024-05-16 03:44:00,2024-05-16 04:02:49.440231,18.82,9,iOS
3300,1080,2026-01-03 06:55:00,2026-01-03 07:13:52.421970,18.87,9,iOS
3301,1080,2025-12-25 08:31:00,2025-12-25 08:34:53.131982,3.89,1,iOS
3302,1081,2024-04-01 16:25:00,2024-04-01 16:27:57.299448,2.95,1,iOS
3303,1081,2024-03-12 04:25:00,2024-03-12 04:30:34.618732,5.58,2,iOS
3304,1082,2025-11-03 09:09:00,2025-11-03 09:23:28.854936,14.48,7,Android
3305,1082,2026-02-13 07:06:00,2026-02-13 07:20:57.274336,14.95,7,Android
3306,1083,2024-05-16 18:48:00,2024-05-16 18:55:09.046920,7.15,3,Android
3307,1083,2024-05-30 19:26:00,2024-05-30 19:38:15.246110,12.25,6,Android
3308,1084,2024-05-28 04:31:00,2024-05-28 04:33:43.299482,2.72,1,Android
3309,1084,2024-04-05 08:11:00,2024-04-05 08:12:34.718254,1.58,0,Android
3310,1085,2025-05-13 17:21:00,2025-05-13 17:33:35.373637,12.59,6,Android
3311,1085,2025-07-21 23:22:00,2025-07-21 23:39:36.200611,17.6,8,Android
3312,1085,2025-06-12 09:18:00,2025-06-12 09:35:23.159836,17.39,8,Android
3313,1086,2025-04-26 03:52:00,2025-04-26 03:57:07.307901,5.12,2,Android
3314,1086,2025-05-08 03:21:00,2025-05-08 03:38:11.805551,17.2,8,Android
3315,1086,2025-08-15 17:23:00,2025-08-15 17:36:10.351196,13.17,6,Android
3316,1087,2024-05-06 16:40:00,2024-05-06 16:49:38.728499,9.65,4,iOS
3317,1087,2024-02-29 22:05:00,2024-02-29 22:19:57.784098,14.96,7,iOS
3318,1088,2025-07-23 21:15:00,2025-07-23 21:52:34.900533,37.58,18,Android
3319,1089,2024-03-19 00:51:00,2024-03-19 01:09:40.479383,18.67,9,Web
3320,1089,2024-03-10 21:46:00,2024-03-10 21:52:45.797129,6.76,3,Web
3321,1089,2024-05-27 21:36:00,2024-05-27 21:53:28.877531,17.48,8,Web
3322,1090,2025-09-12 09:48:00,2025-09-12 10:03:35.853383,15.6,7,Android
3323,1091,2024-04-03 03:17:00,2024-04-03 03:34:18.510826,17.31,8,Android
3324,1091,2024-06-28 12:45:00,2024-06-28 12:55:04.849793,10.08,5,Android
3325,1091,2024-04-13 00:11:00,2024-04-13 00:14:25.595985,3.43,1,Android
3326,1091,2024-07-13 08:09:00,2024-07-13 08:28:05.928444,19.1,9,Android
3327,1092,2024-07-27 22:13:00,2024-07-27 22:18:07.338909,5.12,2,Android
3328,1092,2024-06-12 18:05:00,2024-06-12 18:23:13.466086,18.22,9,Android
3329,1092,2024-07-16 20:38:00,2024-07-16 20:56:52.609417,18.88,9,Android
3330,1092,2024-05-19 02:53:00,2024-05-19 03:11:50.436835,18.84,9,Android
3331,1092,2024-08-04 06:55:00,2024-08-04 07:09:01.573118,14.03,7,Android
3332,1092,2024-08-31 19:40:00,2024-08-31 19:43:36.025332,3.6,1,Android
3333,1093,2025-01-05 04:05:00,2025-01-05 04:08:12.455612,3.21,1,Android
3334,1093,2025-02-10 06:49:00,2025-02-10 06:54:38.708478,5.65,2,Android
3335,1093,2024-12-30 17:31:00,2024-12-30 17:47:15.882443,16.26,8,Android
3336,1094,2024-02-23 18:50:00,2024-02-23 19:02:21.633293,12.36,6,Android
3337,1094,2024-06-11 05:33:00,2024-06-11 05:51:59.640377,18.99,9,Android
3338,1094,2024-03-23 00:03:00,2024-03-23 00:06:16.336912,3.27,1,Android
3339,1094,2024-03-18 18:38:00,2024-03-18 18:54:03.981984,16.07,8,Android
3340,1094,2024-03-17 20:26:00,2024-03-17 20:28:34.223789,2.57,1,Android
3341,1094,2024-02-15 12:33:00,2024-02-15 12:50:15.558296,17.26,8,Android
3342,1094,2024-04-09 07:19:00,2024-04-09 07:26:39.260237,7.65,3,Android
3343,1095,2024-11-05 21:09:00,2024-11-05 21:26:09.912399,17.17,8,iOS
3344,1096,2024-03-24 16:52:00,2024-03-24 17:20:04.268400,28.07,14,Android
3345,1096,2024-04-23 03:51:00,2024-04-23 03:59:06.154990,8.1,4,Android
3346,1096,2024-04-06 17:53:00,2024-04-06 18:09:59.300317,16.99,8,Android
3347,1096,2024-02-14 22:00:00,2024-02-14 22:44:47.860897,44.8,22,Android
3348,1097,2024-11-14 07:57:00,2024-11-14 07:58:26.292839,1.44,0,Android
3349,1097,2024-09-10 17:42:00,2024-09-10 17:51:37.754016,9.63,4,Android
3350,1098,2024-06-16 18:45:00,2024-06-16 19:01:11.135473,16.19,8,iOS
3351,1098,2024-06-03 16:30:00,2024-06-03 16:41:09.970920,11.17,5,iOS
3352,1098,2024-06-01 20:54:00,2024-06-01 21:09:21.524870,15.36,7,iOS
3353,1098,2024-05-21 00:37:00,2024-05-21 00:46:28.487938,9.47,4,iOS
3354,1098,2024-08-09 04:07:00,2024-08-09 04:09:51.070404,2.85,1,iOS
3355,1099,2025-07-15 22:14:00,2025-07-15 22:16:20.433744,2.34,1,Web
3356,1099,2025-05-19 14:19:00,2025-05-19 14:20:24.753341,1.41,0,Web
3357,1099,2025-03-31 19:20:00,2025-03-31 19:34:51.102635,14.85,7,Web
3358,1099,2025-05-16 14:14:00,2025-05-16 14:21:24.416759,7.41,3,Web
3359,1099,2025-05-11 11:51:00,2025-05-11 11:57:14.334146,6.24,3,Web
3360,1099,2025-07-04 12:04:00,2025-07-04 12:15:38.422021,11.64,5,Web
3361,1100,2024-07-22 06:31:00,2024-07-22 06:58:57.041689,27.95,13,iOS
3362,1100,2024-07-11 15:42:00,2024-07-11 16:10:11.593556,28.19,14,iOS
3363,1100,2024-09-27 06:07:00,2024-09-27 06:35:28.648917,28.48,14,iOS
3364,1101,2024-09-11 22:31:00,2024-09-11 23:09:27.838360,38.46,19,Android
3365,1101,2024-07-16 18:02:00,2024-07-16 18:45:22.662640,43.38,21,Android
3366,1101,2024-08-12 21:17:00,2024-08-12 21:29:34.053855,12.57,6,Android
3367,1101,2024-06-07 10:48:00,2024-06-07 11:04:37.123785,16.62,8,Android
3368,1101,2024-06-05 09:51:00,2024-06-05 10:28:21.494361,37.36,18,Android
3369,1102,2026-04-04 09:41:00,2026-04-04 09:49:41.984607,8.7,4,Android
3370,1102,2026-03-28 05:21:00,2026-03-28 05:34:03.838913,13.06,6,Android
3371,1102,2026-01-01 09:49:00,2026-01-01 09:57:06.366196,8.11,4,Android
3372,1103,2024-03-17 06:21:00,2024-03-17 06:34:44.901448,13.75,6,Android
3373,1103,2024-04-18 08:23:00,2024-04-18 08:37:39.654232,14.66,7,Android
3374,1104,2024-06-11 02:03:00,2024-06-11 02:31:54.838134,28.91,14,iOS
3375,1104,2024-06-12 23:51:00,2024-06-13 00:11:08.402090,20.14,10,iOS
3376,1104,2024-05-12 09:50:00,2024-05-12 09:58:05.341933,8.09,4,iOS
3377,1104,2024-05-28 13:13:00,2024-05-28 13:39:10.969909,26.18,13,iOS
3378,1104,2024-04-01 23:47:00,2024-04-02 00:10:57.492867,23.96,11,iOS
3379,1105,2025-07-01 16:46:00,2025-07-01 16:50:26.367574,4.44,2,iOS
3380,1105,2025-06-26 16:57:00,2025-06-26 17:06:33.562340,9.56,4,iOS
3381,1105,2025-07-03 06:33:00,2025-07-03 06:49:10.962861,16.18,8,iOS
3382,1105,2025-07-21 10:27:00,2025-07-21 10:41:22.834642,14.38,7,iOS
3383,1105,2025-06-10 17:44:00,2025-06-10 17:50:03.403004,6.06,3,iOS
3384,1106,2025-09-19 17:07:00,2025-09-19 17:08:18.593079,1.31,0,iOS
3385,1107,2024-12-15 06:51:00,2024-12-15 07:25:48.916567,34.82,17,Android
3386,1107,2024-11-06 19:15:00,2024-11-06 19:39:45.853578,24.76,12,Android
3387,1107,2025-02-04 23:28:00,2025-02-05 00:03:21.843068,35.36,17,Android
3388,1108,2024-09-21 09:32:00,2024-09-21 09:57:35.738797,25.6,12,iOS
3389,1108,2024-10-03 12:18:00,2024-10-03 12:32:35.293936,14.59,7,iOS
3390,1108,2024-07-19 08:15:00,2024-07-19 08:31:24.492178,16.41,8,iOS
3391,1108,2024-09-25 06:56:00,2024-09-25 07:05:13.870549,9.23,4,iOS
3392,1108,2024-09-06 03:01:00,2024-09-06 03:43:16.393359,42.27,21,iOS
3393,1108,2024-10-08 19:17:00,2024-10-08 19:55:59.669159,38.99,19,iOS
3394,1108,2024-08-25 02:56:00,2024-08-25 03:35:16.410688,39.27,19,iOS
3395,1108,2024-09-07 18:00:00,2024-09-07 18:25:47.613307,25.79,12,iOS
3396,1109,2025-07-19 00:01:00,2025-07-19 00:02:44.996929,1.75,0,Web
3397,1109,2025-07-13 21:04:00,2025-07-13 21:15:25.004054,11.42,5,Web
3398,1110,2025-02-11 01:27:00,2025-02-11 01:29:09.956598,2.17,1,Android
3399,1111,2025-10-11 22:46:00,2025-10-11 22:55:48.745425,9.81,4,Android
3400,1111,2025-09-01 16:47:00,2025-09-01 17:03:14.747041,16.25,8,Android
3401,1112,2025-05-20 14:23:00,2025-05-20 14:42:16.172663,19.27,9,Android
3402,1112,2025-07-09 20:43:00,2025-07-09 20:53:42.925471,10.72,5,Android
3403,1112,2025-07-13 23:17:00,2025-07-13 23:28:16.272946,11.27,5,Android
3404,1113,2025-03-01 06:22:00,2025-03-01 06:40:19.212823,18.32,9,Android
3405,1113,2025-03-08 11:25:00,2025-03-08 11:44:25.755722,19.43,9,Android
3406,1114,2025-06-01 09:30:00,2025-06-01 09:42:37.073709,12.62,6,iOS
3407,1115,2025-02-28 16:01:00,2025-02-28 16:18:52.635029,17.88,8,Android
3408,1115,2025-02-08 02:25:00,2025-02-08 02:29:44.406502,4.74,2,Android
3409,1115,2025-03-15 01:50:00,2025-03-15 01:57:29.174848,7.49,3,Android
3410,1115,2025-05-08 19:10:00,2025-05-08 19:18:10.932861,8.18,4,Android
3411,1115,2025-04-04 01:07:00,2025-04-04 01:20:05.622131,13.09,6,Android
3412,1116,2024-09-02 00:28:00,2024-09-02 00:44:51.331450,16.86,8,iOS
3413,1116,2024-09-30 03:00:00,2024-09-30 03:10:48.638110,10.81,5,iOS
3414,1117,2025-07-27 14:36:00,2025-07-27 14:44:08.542931,8.14,4,iOS
3415,1117,2025-06-18 03:54:00,2025-06-18 04:06:59.833519,13.0,6,iOS
3416,1118,2025-11-09 04:06:00,2025-11-09 04:25:54.953389,19.92,9,iOS
3417,1118,2025-11-29 04:53:00,2025-11-29 05:07:57.432316,14.96,7,iOS
3418,1118,2026-01-18 17:19:00,2026-01-18 17:33:14.023488,14.23,7,iOS
3419,1118,2025-11-15 11:00:00,2025-11-15 11:16:46.168689,16.77,8,iOS
3420,1119,2025-06-22 07:15:00,2025-06-22 07:56:14.668943,41.24,20,iOS
3421,1119,2025-05-21 10:28:00,2025-05-21 11:01:00.212276,33.0,16,iOS
3422,1120,2024-02-05 00:00:00,2024-02-05 00:08:38.489218,8.64,4,iOS
3423,1120,2024-04-13 19:49:00,2024-04-13 20:07:35.316980,18.59,9,iOS
3424,1120,2024-02-02 22:00:00,2024-02-02 22:19:41.744462,19.7,9,iOS
3425,1120,2024-02-05 16:33:00,2024-02-05 16:50:10.842023,17.18,8,iOS
3426,1120,2024-05-01 02:16:00,2024-05-01 02:23:30.715730,7.51,3,iOS
3427,1121,2025-05-30 00:48:00,2025-05-30 00:49:02.317043,1.04,0,iOS
3428,1122,2025-06-17 00:42:00,2025-06-17 00:43:05.548755,1.09,0,iOS
3429,1122,2025-05-22 19:47:00,2025-05-22 19:52:37.792465,5.63,2,iOS
3430,1122,2025-05-16 03:43:00,2025-05-16 03:50:57.656546,7.96,3,iOS
3431,1122,2025-05-26 02:58:00,2025-05-26 03:00:24.529645,2.41,1,iOS
3432,1122,2025-07-14 20:07:00,2025-07-14 20:22:38.815843,15.65,7,iOS
3433,1122,2025-06-26 15:29:00,2025-06-26 15:33:48.654679,4.81,2,iOS
3434,1123,2025-03-27 22:05:00,2025-03-27 22:11:54.642635,6.91,3,iOS
3435,1124,2025-09-15 08:29:00,2025-09-15 08:42:29.852030,13.5,6,Android
3436,1124,2025-07-27 18:26:00,2025-07-27 18:34:50.243535,8.84,4,Android
3437,1124,2025-10-11 08:29:00,2025-10-11 08:31:38.277561,2.64,1,Android
3438,1125,2025-03-11 11:52:00,2025-03-11 11:55:22.897710,3.38,1,iOS
3439,1125,2025-04-08 12:33:00,2025-04-08 12:38:42.239499,5.7,2,iOS
3440,1125,2025-01-04 10:43:00,2025-01-04 10:50:01.194494,7.02,3,iOS
3441,1125,2025-02-23 07:03:00,2025-02-23 07:08:35.929760,5.6,2,iOS
3442,1126,2024-12-05 11:00:00,2024-12-05 11:03:15.424544,3.26,1,Android
3443,1126,2025-02-13 08:48:00,2025-02-13 09:07:53.491303,19.89,9,Android
3444,1126,2025-02-11 10:27:00,2025-02-11 10:31:48.221013,4.8,2,Android
3445,1126,2025-03-07 05:49:00,2025-03-07 05:55:06.769881,6.11,3,Android
3446,1126,2025-02-09 08:28:00,2025-02-09 08:41:15.219986,13.25,6,Android
3447,1127,2024-07-31 15:55:00,2024-07-31 16:16:13.881357,21.23,10,iOS
3448,1127,2024-11-11 04:36:00,2024-11-11 05:02:52.264887,26.87,13,iOS
3449,1127,2024-10-20 07:01:00,2024-10-20 07:34:18.344545,33.31,16,iOS
3450,1127,2024-08-19 14:33:00,2024-08-19 15:10:34.359553,37.57,18,iOS
3451,1128,2025-06-23 21:32:00,2025-06-23 21:45:30.491031,13.51,6,Android
3452,1128,2025-09-08 07:53:00,2025-09-08 07:58:13.471374,5.22,2,Android
3453,1128,2025-09-02 19:07:00,2025-09-02 19:24:29.576861,17.49,8,Android
3454,1128,2025-08-04 02:07:00,2025-08-04 02:16:16.267355,9.27,4,Android
3455,1129,2025-09-28 11:31:00,2025-09-28 12:13:41.210413,42.69,21,iOS
3456,1129,2025-07-03 11:16:00,2025-07-03 11:57:54.506303,41.91,20,iOS
3457,1129,2025-07-15 09:39:00,2025-07-15 10:14:50.964799,35.85,17,iOS
3458,1129,2025-09-27 11:00:00,2025-09-27 11:08:41.722626,8.7,4,iOS
3459,1129,2025-08-03 15:32:00,2025-08-03 15:44:45.029735,12.75,6,iOS
3460,1130,2024-09-24 20:12:00,2024-09-24 20:28:14.750123,16.25,8,Web
3461,1130,2024-09-26 05:52:00,2024-09-26 06:11:57.927228,19.97,9,Web
3462,1131,2025-11-23 14:41:00,2025-11-23 14:55:52.583298,14.88,7,Android
3463,1131,2025-11-14 06:07:00,2025-11-14 06:20:06.034425,13.1,6,Android
3464,1131,2025-08-08 10:50:00,2025-08-08 10:53:24.330318,3.41,1,Android
3465,1132,2025-10-15 15:04:00,2025-10-15 15:11:45.000772,7.75,3,iOS
3466,1132,2025-11-12 09:29:00,2025-11-12 09:38:30.009821,9.5,4,iOS
3467,1132,2025-10-24 15:15:00,2025-10-24 15:27:04.498923,12.07,6,iOS
3468,1132,2026-01-12 12:49:00,2026-01-12 12:59:30.396385,10.51,5,iOS
3469,1133,2025-07-17 10:54:00,2025-07-17 10:57:24.148527,3.4,1,Android
3470,1133,2025-10-18 01:31:00,2025-10-18 01:47:38.537627,16.64,8,Android
3471,1133,2025-08-25 02:48:00,2025-08-25 03:07:46.106478,19.77,9,Android
3472,1133,2025-10-19 13:58:00,2025-10-19 14:02:52.359906,4.87,2,Android
3473,1134,2024-09-21 09:42:00,2024-09-21 09:51:18.920837,9.32,4,Android
3474,1134,2024-08-01 05:28:00,2024-08-01 05:57:56.602289,29.94,14,Android
3475,1134,2024-06-14 08:12:00,2024-06-14 08:56:10.929314,44.18,22,Android
3476,1135,2025-07-31 13:25:00,2025-07-31 13:32:46.459444,7.77,3,Web
3477,1135,2025-07-24 14:48:00,2025-07-24 15:04:35.918125,16.6,8,Web
3478,1135,2025-05-22 13:10:00,2025-05-22 13:19:06.682939,9.11,4,Web
3479,1136,2025-05-09 05:48:00,2025-05-09 06:31:50.403715,43.84,21,iOS
3480,1136,2025-05-12 08:29:00,2025-05-12 08:45:04.897045,16.08,8,iOS
3481,1137,2024-07-07 14:27:00,2024-07-07 14:59:18.957989,32.32,16,Android
3482,1137,2024-07-04 23:22:00,2024-07-04 23:51:27.899231,29.46,14,Android
3483,1137,2024-06-07 16:19:00,2024-06-07 16:59:48.271021,40.8,20,Android
3484,1138,2024-12-29 09:44:00,2024-12-29 10:11:18.782726,27.31,13,Android
3485,1138,2024-12-20 12:20:00,2024-12-20 12:29:24.185435,9.4,4,Android
3486,1138,2025-02-05 23:08:00,2025-02-05 23:24:40.002580,16.67,8,Android
3487,1139,2024-11-21 22:27:00,2024-11-21 22:43:47.822449,16.8,8,Android
3488,1139,2024-12-22 13:00:00,2024-12-22 13:05:25.399536,5.42,2,Android
3489,1140,2024-12-06 20:55:00,2024-12-06 21:04:36.767855,9.61,4,Android
3490,1140,2025-02-27 23:13:00,2025-02-27 23:17:51.439333,4.86,2,Android
3491,1140,2025-01-13 01:47:00,2025-01-13 01:51:27.638152,4.46,2,Android
3492,1140,2024-11-19 19:01:00,2024-11-19 19:16:59.493566,15.99,7,Android
3493,1141,2025-07-04 21:43:00,2025-07-04 21:54:46.397265,11.77,5,Android
3494,1142,2024-02-27 22:41:00,2024-02-27 22:43:43.560632,2.73,1,iOS
3495,1142,2024-03-01 07:25:00,2024-03-01 07:38:48.538764,13.81,6,iOS
3496,1142,2024-02-02 22:56:00,2024-02-02 23:05:18.367378,9.31,4,iOS
3497,1142,2024-04-30 16:56:00,2024-04-30 17:04:14.217134,8.24,4,iOS
3498,1142,2024-03-24 18:07:00,2024-03-24 18:16:00.773203,9.01,4,iOS
3499,1142,2024-03-25 01:47:00,2024-03-25 01:58:16.775622,11.28,5,iOS
3500,1143,2025-06-14 19:19:00,2025-06-14 19:26:32.683356,7.54,3,Android
3501,1143,2025-08-03 11:15:00,2025-08-03 11:25:11.314880,10.19,5,Android
3502,1143,2025-07-06 16:05:00,2025-07-06 16:16:31.283003,11.52,5,Android
3503,1143,2025-07-31 16:31:00,2025-07-31 16:33:53.405431,2.89,1,Android
3504,1143,2025-05-19 19:01:00,2025-05-19 19:08:26.756684,7.45,3,Android
3505,1143,2025-04-17 15:36:00,2025-04-17 15:40:01.926392,4.03,2,Android
3506,1143,2025-04-20 23:35:00,2025-04-20 23:38:44.045730,3.73,1,Android
3507,1143,2025-06-27 05:43:00,2025-06-27 05:54:59.872212,12.0,5,Android
3508,1144,2024-08-19 17:32:00,2024-08-19 17:36:17.498611,4.29,2,Android
3509,1144,2024-05-21 02:15:00,2024-05-21 02:18:06.687830,3.11,1,Android
3510,1144,2024-07-09 23:56:00,2024-07-10 00:06:43.645679,10.73,5,Android
3511,1144,2024-07-22 04:44:00,2024-07-22 04:58:27.180249,14.45,7,Android
3512,1144,2024-06-28 05:52:00,2024-06-28 06:01:54.446942,9.91,4,Android
3513,1145,2025-06-23 20:42:00,2025-06-23 20:56:47.825321,14.8,7,Android
3514,1145,2025-08-13 03:16:00,2025-08-13 03:33:27.844205,17.46,8,Android
3515,1145,2025-08-04 09:34:00,2025-08-04 09:35:20.964865,1.35,0,Android
3516,1145,2025-09-05 00:32:00,2025-09-05 00:38:49.274291,6.82,3,Android
3517,1146,2025-03-22 15:25:00,2025-03-22 15:28:29.177354,3.49,1,Android
3518,1146,2025-05-07 05:15:00,2025-05-07 05:16:02.616340,1.04,0,Android
3519,1146,2025-07-02 01:45:00,2025-07-02 02:00:54.177495,15.9,7,Android
3520,1147,2024-06-04 07:51:00,2024-06-04 08:09:41.057282,18.68,9,Android
3521,1147,2024-06-16 17:16:00,2024-06-16 17:17:29.586448,1.49,0,Android
3522,1148,2025-07-04 08:57:00,2025-07-04 09:37:09.078099,40.15,20,iOS
3523,1148,2025-08-27 01:41:00,2025-08-27 02:02:43.859736,21.73,10,iOS
3524,1148,2025-08-30 21:49:00,2025-08-30 22:03:19.387088,14.32,7,iOS
3525,1148,2025-07-10 18:51:00,2025-07-10 19:27:34.476417,36.57,18,iOS
3526,1148,2025-08-24 12:53:00,2025-08-24 13:30:23.221509,37.39,18,iOS
3527,1149,2025-06-05 05:14:00,2025-06-05 05:19:22.689412,5.38,2,Android
3528,1149,2025-08-13 20:55:00,2025-08-13 21:06:34.452396,11.57,5,Android
3529,1149,2025-07-14 19:22:00,2025-07-14 19:31:00.747438,9.01,4,Android
3530,1150,2024-10-12 08:30:00,2024-10-12 08:53:46.776593,23.78,11,Android
3531,1151,2025-01-27 04:34:00,2025-01-27 04:49:16.480231,15.27,7,Web
3532,1151,2024-12-28 13:50:00,2024-12-28 13:56:07.118212,6.12,3,Web
3533,1151,2025-01-25 18:54:00,2025-01-25 18:57:30.552287,3.51,1,Web
3534,1152,2024-08-14 20:37:00,2024-08-14 20:44:14.219167,7.24,3,iOS
3535,1152,2024-06-18 13:15:00,2024-06-18 13:20:29.062348,5.48,2,iOS
3536,1153,2026-01-12 14:04:00,2026-01-12 14:05:49.408473,1.82,0,Web
3537,1153,2025-10-23 02:39:00,2025-10-23 02:53:45.090986,14.75,7,Web
3538,1154,2024-07-12 22:26:00,2024-07-12 22:42:31.578521,16.53,8,iOS
3539,1154,2024-04-18 13:25:00,2024-04-18 13:38:54.001734,13.9,6,iOS
3540,1154,2024-08-02 15:09:00,2024-08-02 15:24:28.088738,15.47,7,iOS
3541,1154,2024-05-20 03:11:00,2024-05-20 03:22:23.010507,11.38,5,iOS
3542,1155,2025-08-15 16:15:00,2025-08-15 16:19:07.874551,4.13,2,iOS
3543,1155,2025-10-27 22:28:00,2025-10-27 22:46:51.142042,18.85,9,iOS
3544,1155,2025-08-10 01:04:00,2025-08-10 01:12:15.546252,8.26,4,iOS
3545,1155,2025-11-06 10:28:00,2025-11-06 10:35:51.291026,7.85,3,iOS
3546,1155,2025-09-08 01:36:00,2025-09-08 01:55:57.273656,19.95,9,iOS
3547,1156,2025-10-31 01:30:00,2025-10-31 01:51:12.245816,21.2,10,Android
3548,1156,2025-09-30 16:58:00,2025-09-30 17:37:53.222293,39.89,19,Android
3549,1156,2025-10-12 02:59:00,2025-10-12 03:15:57.947816,16.97,8,Android
3550,1156,2025-12-02 07:46:00,2025-12-02 08:16:26.757907,30.45,15,Android
3551,1156,2025-11-21 19:21:00,2025-11-21 19:41:06.518676,20.11,10,Android
3552,1156,2025-10-18 20:46:00,2025-10-18 21:29:29.870323,43.5,21,Android
3553,1156,2025-09-13 09:38:00,2025-09-13 09:51:24.112927,13.4,6,Android
3554,1157,2026-01-17 08:01:00,2026-01-17 08:18:11.036513,17.18,8,Android
3555,1157,2025-12-12 08:24:00,2025-12-12 08:39:27.318054,15.46,7,Android
3556,1158,2024-12-13 18:47:00,2024-12-13 18:59:45.922087,12.77,6,Web
3557,1159,2025-05-24 07:03:00,2025-05-24 07:10:49.190140,7.82,3,Android
3558,1159,2025-02-27 15:58:00,2025-02-27 16:07:29.976354,9.5,4,Android
3559,1159,2025-05-29 13:43:00,2025-05-29 13:47:11.255232,4.19,2,Android
3560,1160,2025-04-03 19:17:00,2025-04-03 19:29:30.197353,12.5,6,Android
3561,1160,2025-07-09 19:17:00,2025-07-09 19:24:32.230324,7.54,3,Android
3562,1160,2025-04-27 07:37:00,2025-04-27 07:47:46.190291,10.77,5,Android
3563,1161,2024-04-15 23:46:00,2024-04-16 00:04:30.717162,18.51,9,Android
3564,1161,2024-02-05 10:31:00,2024-02-05 10:50:33.916513,19.57,9,Android
3565,1162,2025-08-14 03:31:00,2025-08-14 03:59:10.733697,28.18,14,Android
3566,1162,2025-09-09 21:20:00,2025-09-09 21:34:15.878457,14.26,7,Android
3567,1163,2024-10-09 01:05:00,2024-10-09 01:22:12.823915,17.21,8,Android
3568,1164,2025-09-06 14:07:00,2025-09-06 14:14:36.593294,7.61,3,iOS
3569,1165,2024-03-08 03:32:00,2024-03-08 03:48:05.082066,16.08,8,Android
3570,1165,2024-02-21 11:19:00,2024-02-21 11:36:54.296573,17.9,8,Android
3571,1166,2025-01-26 04:09:00,2025-01-26 04:10:37.860531,1.63,0,Android
3572,1166,2025-04-16 07:19:00,2025-04-16 07:28:02.050205,9.03,4,Android
3573,1166,2025-03-21 01:50:00,2025-03-21 02:07:48.194818,17.8,8,Android
3574,1166,2025-03-03 19:03:00,2025-03-03 19:11:13.370282,8.22,4,Android
3575,1167,2026-01-26 19:06:00,2026-01-26 19:23:55.854554,17.93,8,Android
3576,1167,2025-12-02 00:33:00,2025-12-02 00:52:01.694655,19.03,9,Android
3577,1167,2026-01-10 03:01:00,2026-01-10 03:03:08.814415,2.15,1,Android
3578,1167,2025-12-31 02:32:00,2025-12-31 02:44:35.034560,12.58,6,Android
3579,1168,2024-08-15 23:58:00,2024-08-16 00:13:57.037366,15.95,7,iOS
3580,1168,2024-10-19 20:48:00,2024-10-19 20:58:52.098702,10.87,5,iOS
3581,1168,2024-08-22 22:21:00,2024-08-22 22:24:11.564013,3.19,1,iOS
3582,1168,2024-09-26 15:48:00,2024-09-26 16:00:58.190341,12.97,6,iOS
3583,1169,2026-02-07 23:31:00,2026-02-08 00:12:17.769893,41.3,20,Android
3584,1169,2026-03-13 10:47:00,2026-03-13 10:58:14.695552,11.24,5,Android
3585,1170,2024-08-08 09:30:00,2024-08-08 09:41:58.827991,11.98,5,Web
3586,1171,2025-06-24 03:52:00,2025-06-24 04:11:36.808066,19.61,9,Android
3587,1171,2025-09-15 15:56:00,2025-09-15 16:05:19.411652,9.32,4,Android
3588,1171,2025-09-08 14:22:00,2025-09-08 14:29:44.472846,7.74,3,Android
3589,1172,2024-07-28 13:59:00,2024-07-28 14:13:47.018502,14.78,7,iOS
3590,1172,2024-08-30 22:46:00,2024-08-30 22:55:22.392929,9.37,4,iOS
3591,1172,2024-09-27 01:27:00,2024-09-27 01:38:53.203578,11.89,5,iOS
3592,1173,2024-05-12 01:41:00,2024-05-12 01:46:20.689576,5.34,2,iOS
3593,1174,2025-03-07 18:43:00,2025-03-07 18:52:42.757004,9.71,4,Web
3594,1174,2025-05-09 10:35:00,2025-05-09 10:52:59.709767,18.0,8,Web
3595,1175,2024-12-03 10:47:00,2024-12-03 10:51:59.041344,4.98,2,iOS
3596,1175,2024-11-04 21:09:00,2024-11-04 21:23:50.263715,14.84,7,iOS
3597,1175,2024-11-22 08:12:00,2024-11-22 08:26:52.190448,14.87,7,iOS
3598,1176,2025-07-16 08:09:00,2025-07-16 08:13:23.174121,4.39,2,Android
3599,1176,2025-08-31 04:07:00,2025-08-31 04:22:31.790810,15.53,7,Android
3600,1176,2025-07-19 04:44:00,2025-07-19 04:56:38.952166,12.65,6,Android
3601,1176,2025-08-30 12:20:00,2025-08-30 12:35:26.626305,15.44,7,Android
3602,1176,2025-07-30 10:19:00,2025-07-30 10:30:09.014834,11.15,5,Android
3603,1176,2025-11-10 09:25:00,2025-11-10 09:39:27.517945,14.46,7,Android
3604,1176,2025-10-06 00:55:00,2025-10-06 01:10:27.704849,15.46,7,Android
3605,1176,2025-08-08 19:39:00,2025-08-08 19:44:40.546611,5.68,2,Android
3606,1177,2026-02-27 12:21:00,2026-02-27 12:54:49.620183,33.83,16,Android
3607,1177,2025-12-28 12:16:00,2025-12-28 12:25:59.734403,10.0,4,Android
3608,1177,2025-12-02 16:31:00,2025-12-02 16:45:44.807153,14.75,7,Android
3609,1178,2026-02-03 02:10:00,2026-02-03 02:12:42.538385,2.71,1,iOS
3610,1178,2025-12-03 05:57:00,2025-12-03 06:00:27.276129,3.45,1,iOS
3611,1178,2025-11-17 07:51:00,2025-11-17 08:02:16.587085,11.28,5,iOS
3612,1178,2025-11-19 03:37:00,2025-11-19 03:44:11.484656,7.19,3,iOS
3613,1178,2025-11-11 22:06:00,2025-11-11 22:18:00.625240,12.01,6,iOS
3614,1178,2025-11-09 16:48:00,2025-11-09 17:06:42.422528,18.71,9,iOS
3615,1179,2025-08-08 20:30:00,2025-08-08 21:00:54.368860,30.91,15,Web
3616,1179,2025-07-16 13:04:00,2025-07-16 13:36:20.743411,32.35,16,Web
3617,1179,2025-06-29 08:37:00,2025-06-29 09:13:03.160264,36.05,18,Web
3618,1179,2025-04-16 10:30:00,2025-04-16 10:43:53.861619,13.9,6,Web
3619,1179,2025-05-27 05:41:00,2025-05-27 06:24:16.037963,43.27,21,Web
3620,1180,2024-02-27 15:01:00,2024-02-27 15:10:38.372132,9.64,4,Android
3621,1180,2024-04-23 18:09:00,2024-04-23 18:51:24.864112,42.41,21,Android
3622,1180,2024-02-16 08:16:00,2024-02-16 08:53:17.189248,37.29,18,Android
3623,1181,2025-03-17 01:44:00,2025-03-17 02:01:13.013067,17.22,8,Web
3624,1181,2025-03-22 04:21:00,2025-03-22 04:26:19.713165,5.33,2,Web
3625,1182,2024-06-21 10:53:00,2024-06-21 11:26:13.271049,33.22,16,Android
3626,1182,2024-03-28 16:45:00,2024-03-28 17:03:26.927162,18.45,9,Android
3627,1182,2024-06-21 20:48:00,2024-06-21 21:16:59.740232,29.0,14,Android
3628,1182,2024-04-27 10:33:00,2024-04-27 10:49:27.922151,16.47,8,Android
3629,1182,2024-06-16 05:51:00,2024-06-16 06:03:03.589140,12.06,6,Android
3630,1183,2024-11-20 19:20:00,2024-11-20 19:35:32.821338,15.55,7,Web
3631,1183,2024-11-02 09:18:00,2024-11-02 09:37:18.511816,19.31,9,Web
3632,1183,2024-08-22 08:28:00,2024-08-22 08:33:29.937018,5.5,2,Web
3633,1184,2025-05-08 19:23:00,2025-05-08 19:42:52.605736,19.88,9,iOS
3634,1184,2025-04-25 07:40:00,2025-04-25 08:18:05.843193,38.1,19,iOS
3635,1184,2025-06-25 07:13:00,2025-06-25 07:28:51.313371,15.86,7,iOS
3636,1184,2025-04-16 16:20:00,2025-04-16 16:29:45.651976,9.76,4,iOS
3637,1185,2024-09-11 01:40:00,2024-09-11 01:51:09.009092,11.15,5,Android
3638,1186,2024-09-30 21:39:00,2024-09-30 21:53:28.597195,14.48,7,iOS
3639,1186,2024-11-13 06:51:00,2024-11-13 06:58:00.334809,7.01,3,iOS
3640,1186,2024-08-12 06:01:00,2024-08-12 06:16:41.209595,15.69,7,iOS
3641,1186,2024-11-02 15:06:00,2024-11-02 15:25:28.054744,19.47,9,iOS
3642,1187,2024-08-11 21:41:00,2024-08-11 21:54:16.920079,13.28,6,Android
3643,1187,2024-10-07 06:36:00,2024-10-07 06:43:31.337286,7.52,3,Android
3644,1187,2024-07-27 02:02:00,2024-07-27 02:07:30.153983,5.5,2,Android
3645,1188,2024-10-12 04:45:00,2024-10-12 04:51:00.157841,6.0,3,iOS
3646,1189,2025-12-25 07:45:00,2025-12-25 07:52:26.822664,7.45,3,iOS
3647,1189,2026-02-24 14:11:00,2026-02-24 14:16:11.623448,5.19,2,iOS
3648,1189,2026-01-01 13:47:00,2026-01-01 14:02:14.952657,15.25,7,iOS
3649,1190,2026-03-14 11:50:00,2026-03-14 12:04:44.411670,14.74,7,Android
3650,1190,2025-12-31 00:54:00,2025-12-31 01:10:15.099702,16.25,8,Android
3651,1190,2026-03-01 23:17:00,2026-03-01 23:19:30.667332,2.51,1,Android
3652,1191,2025-09-01 18:56:00,2025-09-01 19:02:15.604820,6.26,3,Android
3653,1191,2025-10-15 09:16:00,2025-10-15 09:33:30.489787,17.51,8,Android
3654,1191,2025-11-04 10:31:00,2025-11-04 10:38:44.780098,7.75,3,Android
3655,1191,2025-10-29 02:38:00,2025-10-29 02:42:04.618841,4.08,2,Android
3656,1192,2024-02-14 03:57:00,2024-02-14 04:13:14.906965,16.25,8,Android
3657,1192,2024-04-04 01:49:00,2024-04-04 02:05:19.846261,16.33,8,Android
3658,1192,2024-03-03 23:12:00,2024-03-03 23:15:42.378873,3.71,1,Android
3659,1192,2024-03-29 23:56:00,2024-03-30 00:08:34.884636,12.58,6,Android
3660,1193,2025-03-30 04:23:00,2025-03-30 04:41:08.177005,18.14,9,iOS
3661,1193,2025-04-04 00:15:00,2025-04-04 00:32:18.012073,17.3,8,iOS
3662,1194,2026-01-27 23:44:00,2026-01-27 23:46:28.420513,2.47,1,iOS
3663,1194,2026-02-26 20:02:00,2026-02-26 20:19:46.502984,17.78,8,iOS
3664,1194,2026-02-08 11:07:00,2026-02-08 11:12:41.849052,5.7,2,iOS
3665,1194,2025-12-24 21:38:00,2025-12-24 21:44:43.357061,6.72,3,iOS
3666,1194,2026-02-01 10:26:00,2026-02-01 10:27:02.130145,1.04,0,iOS
3667,1195,2025-02-10 11:35:00,2025-02-10 11:42:45.125608,7.75,3,Android
3668,1195,2024-12-19 05:53:00,2024-12-19 05:55:06.789460,2.11,1,Android
3669,1196,2024-11-15 04:30:00,2024-11-15 04:47:09.841090,17.16,8,iOS
3670,1197,2025-03-25 23:27:00,2025-03-25 23:42:52.570462,15.88,7,Web
3671,1197,2024-12-05 06:53:00,2024-12-05 07:01:13.740081,8.23,4,Web
3672,1197,2025-03-18 21:17:00,2025-03-18 21:18:12.517336,1.21,0,Web
3673,1198,2025-10-22 19:08:00,2025-10-22 19:23:01.396380,15.02,7,iOS
3674,1198,2025-08-31 22:43:00,2025-08-31 22:51:49.290575,8.82,4,iOS
3675,1198,2025-08-03 09:14:00,2025-08-03 09:16:45.468327,2.76,1,iOS
3676,1199,2024-05-07 13:41:00,2024-05-07 13:47:22.170775,6.37,3,Web
3677,1199,2024-07-18 12:01:00,2024-07-18 12:19:18.030168,18.3,9,Web
3678,1199,2024-05-19 19:37:00,2024-05-19 19:38:00.161730,1.0,0,Web
3679,1200,2025-11-30 02:10:00,2025-11-30 02:13:31.671351,3.53,1,Android
3680,1200,2026-01-10 16:35:00,2026-01-10 16:38:43.021991,3.72,1,Android
3681,1200,2026-02-27 14:35:00,2026-02-27 14:41:35.997364,6.6,3,Android
3682,1200,2026-02-24 11:12:00,2026-02-24 11:21:07.034852,9.12,4,Android
3683,1200,2026-02-10 03:59:00,2026-02-10 04:15:46.955685,16.78,8,Android
3684,1201,2025-06-20 03:26:00,2025-06-20 03:29:35.621417,3.59,1,Android
3685,1201,2025-04-04 06:18:00,2025-04-04 06:31:10.609583,13.18,6,Android
3686,1202,2024-07-20 08:41:00,2024-07-20 08:58:29.027508,17.48,8,Android
3687,1202,2024-10-28 04:08:00,2024-10-28 04:27:44.006527,19.73,9,Android
3688,1203,2026-01-14 20:55:00,2026-01-14 21:12:17.979576,17.3,8,iOS
3689,1203,2026-01-16 11:31:00,2026-01-16 11:50:46.491365,19.77,9,iOS
3690,1203,2025-11-07 14:14:00,2025-11-07 14:19:53.991205,5.9,2,iOS
3691,1203,2026-01-18 18:03:00,2026-01-18 18:14:28.309424,11.47,5,iOS
3692,1204,2025-11-02 11:41:00,2025-11-02 11:54:31.851862,13.53,6,iOS
3693,1205,2025-09-05 01:38:00,2025-09-05 01:46:51.038772,8.85,4,Android
3694,1205,2025-07-22 10:40:00,2025-07-22 10:42:41.493175,2.69,1,Android
3695,1205,2025-09-25 06:11:00,2025-09-25 06:27:00.284208,16.0,8,Android
3696,1206,2024-04-25 19:12:00,2024-04-25 19:37:33.072238,25.55,12,Web
3697,1206,2024-05-26 07:09:00,2024-05-26 07:46:29.219250,37.49,18,Web
3698,1206,2024-04-17 14:01:00,2024-04-17 14:42:52.101650,41.87,20,Web
3699,1206,2024-05-20 01:30:00,2024-05-20 02:11:12.541065,41.21,20,Web
3700,1206,2024-07-23 11:49:00,2024-07-23 12:27:51.837183,38.86,19,Web
3701,1206,2024-06-26 19:49:00,2024-06-26 20:04:12.176443,15.2,7,Web
3702,1206,2024-05-25 12:54:00,2024-05-25 13:09:58.391228,15.97,7,Web
3703,1206,2024-04-24 07:07:00,2024-04-24 07:29:40.458250,22.67,11,Web
3704,1206,2024-06-02 21:07:00,2024-06-02 21:20:35.385641,13.59,6,Web
3705,1207,2024-05-16 22:46:00,2024-05-16 22:58:51.458892,12.86,6,Web
3706,1207,2024-06-04 04:06:00,2024-06-04 04:19:53.027549,13.88,6,Web
3707,1208,2025-08-03 04:47:00,2025-08-03 05:01:37.140025,14.62,7,Web
3708,1208,2025-08-07 09:25:00,2025-08-07 09:26:55.657283,1.93,0,Web
3709,1209,2024-03-14 11:59:00,2024-03-14 12:12:03.141780,13.05,6,Web
3710,1209,2024-04-06 02:44:00,2024-04-06 03:22:49.817739,38.83,19,Web
3711,1209,2024-05-12 21:53:00,2024-05-12 22:19:14.078272,26.23,13,Web
3712,1209,2024-04-21 04:16:00,2024-04-21 04:35:28.723981,19.48,9,Web
3713,1209,2024-02-18 21:27:00,2024-02-18 21:44:25.282221,17.42,8,Web
3714,1210,2025-03-17 00:21:00,2025-03-17 00:25:38.134783,4.64,2,Android
3715,1210,2025-04-27 05:29:00,2025-04-27 05:48:28.676089,19.48,9,Android
3716,1211,2025-06-03 14:13:00,2025-06-03 14:28:32.095117,15.53,7,iOS
3717,1211,2025-05-13 12:48:00,2025-05-13 12:51:39.989635,3.67,1,iOS
3718,1212,2026-04-21 07:11:00,2026-04-21 07:18:24.887869,7.41,3,Web
3719,1212,2026-03-21 00:41:00,2026-03-21 00:58:39.848006,17.66,8,Web
3720,1212,2026-04-14 08:03:00,2026-04-14 08:04:11.993915,1.2,0,Web
3721,1212,2026-01-13 19:17:00,2026-01-13 19:28:24.056438,11.4,5,Web
3722,1213,2024-02-19 00:24:00,2024-02-19 00:33:15.002012,9.25,4,iOS
3723,1213,2024-03-17 13:24:00,2024-03-17 13:33:10.780896,9.18,4,iOS
3724,1213,2024-04-20 10:02:00,2024-04-20 10:12:37.456899,10.62,5,iOS
3725,1213,2024-04-02 21:41:00,2024-04-02 21:55:36.611703,14.61,7,iOS
3726,1213,2024-05-08 17:28:00,2024-05-08 17:31:51.449011,3.86,1,iOS
3727,1214,2025-06-16 08:53:00,2025-06-16 09:07:39.072800,14.65,7,Android
3728,1215,2024-06-04 03:43:00,2024-06-04 04:00:04.321488,17.07,8,Android
3729,1216,2024-11-04 13:41:00,2024-11-04 14:00:29.503606,19.49,9,iOS
3730,1216,2024-11-09 00:53:00,2024-11-09 00:56:11.716895,3.2,1,iOS
3731,1216,2024-11-29 12:03:00,2024-11-29 12:11:32.569756,8.54,4,iOS
3732,1216,2024-12-22 17:01:00,2024-12-22 17:07:08.747042,6.15,3,iOS
3733,1217,2024-10-23 06:19:00,2024-10-23 06:23:58.458904,4.97,2,Android
3734,1217,2024-12-08 01:04:00,2024-12-08 01:17:44.389988,13.74,6,Android
3735,1217,2024-11-08 16:52:00,2024-11-08 17:11:21.424425,19.36,9,Android
3736,1217,2024-10-23 13:59:00,2024-10-23 14:17:48.890950,18.81,9,Android
3737,1218,2024-07-06 09:47:00,2024-07-06 09:53:27.338747,6.46,3,Web
3738,1218,2024-07-11 03:03:00,2024-07-11 03:14:01.610586,11.03,5,Web
3739,1219,2025-02-27 17:37:00,2025-02-27 17:47:19.480627,10.32,5,iOS
3740,1219,2025-03-27 21:47:00,2025-03-27 22:00:32.346741,13.54,6,iOS
3741,1219,2025-02-18 02:06:00,2025-02-18 02:08:29.269749,2.49,1,iOS
3742,1220,2025-11-04 02:58:00,2025-11-04 02:59:15.041712,1.25,0,Web
3743,1220,2025-12-23 10:03:00,2025-12-23 10:07:51.151268,4.85,2,Web
3744,1220,2025-11-13 04:30:00,2025-11-13 04:45:54.662493,15.91,7,Web
3745,1221,2024-04-02 09:56:00,2024-04-02 10:04:23.924099,8.4,4,iOS
3746,1222,2024-03-10 23:52:00,2024-03-11 00:09:16.970527,17.28,8,iOS
3747,1223,2025-07-23 06:08:00,2025-07-23 06:43:48.346891,35.81,17,Android
3748,1223,2025-07-23 13:16:00,2025-07-23 13:30:21.571010,14.36,7,Android
3749,1223,2025-09-19 21:35:00,2025-09-19 22:14:24.782790,39.41,19,Android
3750,1223,2025-09-11 23:59:00,2025-09-12 00:09:07.967120,10.13,5,Android
3751,1223,2025-09-14 02:10:00,2025-09-14 02:50:12.171841,40.2,20,Android
3752,1224,2025-02-04 16:03:00,2025-02-04 16:10:42.948203,7.72,3,Web
3753,1224,2025-01-15 22:14:00,2025-01-15 22:33:15.568506,19.26,9,Web
3754,1224,2024-12-20 09:59:00,2024-12-20 10:05:19.546372,6.33,3,Web
3755,1224,2025-03-15 16:32:00,2025-03-15 16:37:19.607422,5.33,2,Web
3756,1225,2025-06-16 10:55:00,2025-06-16 10:57:40.504136,2.68,1,iOS
3757,1225,2025-04-18 19:13:00,2025-04-18 19:16:39.533655,3.66,1,iOS
3758,1225,2025-03-16 12:58:00,2025-03-16 13:14:12.144090,16.2,8,iOS
3759,1226,2025-07-28 15:21:00,2025-07-28 15:22:25.215213,1.42,0,iOS
3760,1226,2025-08-27 22:28:00,2025-08-27 22:31:10.642160,3.18,1,iOS
3761,1226,2025-10-19 23:24:00,2025-10-19 23:33:07.737332,9.13,4,iOS
3762,1227,2024-08-20 03:38:00,2024-08-20 03:53:57.412958,15.96,7,Android
3763,1228,2025-04-10 02:23:00,2025-04-10 02:58:15.024717,35.25,17,Android
3764,1229,2024-05-11 01:26:00,2024-05-11 01:31:43.822446,5.73,2,Android
3765,1229,2024-06-20 19:09:00,2024-06-20 19:21:49.656791,12.83,6,Android
3766,1229,2024-07-15 01:16:00,2024-07-15 01:28:09.920042,12.17,6,Android
3767,1229,2024-05-01 22:48:00,2024-05-01 23:02:13.267468,14.22,7,Android
3768,1230,2025-05-28 11:14:00,2025-05-28 11:16:11.456020,2.19,1,Android
3769,1230,2025-06-26 12:50:00,2025-06-26 12:54:02.497913,4.04,2,Android
3770,1230,2025-08-02 13:28:00,2025-08-02 13:37:50.265480,9.84,4,Android
3771,1230,2025-05-23 04:21:00,2025-05-23 04:37:26.044593,16.43,8,Android
3772,1230,2025-05-10 18:57:00,2025-05-10 19:11:32.899453,14.55,7,Android
3773,1230,2025-08-30 06:03:00,2025-08-30 06:07:13.149281,4.22,2,Android
3774,1231,2025-10-27 12:48:00,2025-10-27 13:06:36.108645,18.6,9,Android
3775,1231,2025-10-10 13:17:00,2025-10-10 13:26:13.071964,9.22,4,Android
3776,1231,2025-11-11 14:44:00,2025-11-11 14:55:55.601469,11.93,5,Android
3777,1232,2024-08-12 16:41:00,2024-08-12 16:54:18.188021,13.3,6,Web
3778,1232,2024-06-01 13:12:00,2024-06-01 13:21:25.063629,9.42,4,Web
3779,1233,2024-09-04 06:47:00,2024-09-04 07:02:27.681639,15.46,7,Android
3780,1233,2024-07-06 16:42:00,2024-07-06 16:51:53.035606,9.88,4,Android
3781,1233,2024-08-01 23:57:00,2024-08-02 00:04:54.423037,7.91,3,Android
3782,1234,2024-10-18 04:45:00,2024-10-18 04:46:15.672452,1.26,0,Android
3783,1234,2024-12-19 16:11:00,2024-12-19 16:27:06.891668,16.11,8,Android
3784,1234,2024-08-30 10:20:00,2024-08-30 10:27:40.650484,7.68,3,Android
3785,1235,2024-03-16 13:17:00,2024-03-16 13:31:45.236414,14.75,7,Web
3786,1236,2024-04-12 01:41:00,2024-04-12 01:56:25.184814,15.42,7,Android
3787,1236,2024-05-24 15:21:00,2024-05-24 15:37:08.954390,16.15,8,Android
3788,1236,2024-04-05 11:24:00,2024-04-05 11:57:42.174851,33.7,16,Android
3789,1236,2024-04-01 22:36:00,2024-04-01 23:05:51.127476,29.85,14,Android
3790,1236,2024-05-25 11:13:00,2024-05-25 11:53:25.240021,40.42,20,Android
3791,1237,2024-11-08 22:28:00,2024-11-08 22:30:29.026436,2.48,1,Web
3792,1237,2024-09-29 20:38:00,2024-09-29 20:45:46.256112,7.77,3,Web
3793,1237,2024-07-29 00:25:00,2024-07-29 00:43:13.487268,18.22,9,Web
3794,1238,2025-11-28 09:11:00,2025-11-28 09:18:52.955724,7.88,3,Android
3795,1238,2025-10-26 07:29:00,2025-10-26 07:36:34.469611,7.57,3,Android
3796,1239,2025-07-30 08:36:00,2025-07-30 08:51:45.098738,15.75,7,Android
3797,1239,2025-07-24 16:58:00,2025-07-24 17:04:18.315740,6.31,3,Android
3798,1240,2024-08-20 01:19:00,2024-08-20 01:37:16.840097,18.28,9,Android
3799,1240,2024-07-06 21:29:00,2024-07-06 21:37:55.985790,8.93,4,Android
3800,1240,2024-08-18 05:22:00,2024-08-18 05:34:16.175736,12.27,6,Android
3801,1241,2024-06-19 11:22:00,2024-06-19 11:40:32.210636,18.54,9,iOS
3802,1241,2024-08-11 13:05:00,2024-08-11 13:19:08.390149,14.14,7,iOS
3803,1241,2024-08-26 12:54:00,2024-08-26 13:03:25.360394,9.42,4,iOS
3804,1241,2024-08-28 15:32:00,2024-08-28 15:35:06.467596,3.11,1,iOS
3805,1241,2024-08-02 11:02:00,2024-08-02 11:21:57.210763,19.95,9,iOS
3806,1242,2024-12-31 22:09:00,2024-12-31 22:14:17.808393,5.3,2,Android
3807,1242,2025-01-13 12:47:00,2025-01-13 12:49:46.475288,2.77,1,Android
3808,1242,2024-12-13 12:36:00,2024-12-13 12:51:25.288315,15.42,7,Android
3809,1242,2024-10-21 13:07:00,2024-10-21 13:24:02.253260,17.04,8,Android
3810,1242,2025-02-04 06:36:00,2025-02-04 06:49:40.204964,13.67,6,Android
3811,1242,2024-10-31 23:59:00,2024-11-01 00:10:18.720333,11.31,5,Android
3812,1243,2025-03-25 05:45:00,2025-03-25 05:56:26.116803,11.44,5,Web
3813,1243,2025-06-01 16:06:00,2025-06-01 16:24:57.689275,18.96,9,Web
3814,1243,2025-05-24 20:34:00,2025-05-24 20:52:20.476860,18.34,9,Web
3815,1243,2025-06-07 00:57:00,2025-06-07 01:05:07.587237,8.13,4,Web
3816,1244,2026-01-21 15:59:00,2026-01-21 16:11:07.198171,12.12,6,iOS
3817,1245,2025-10-01 06:49:00,2025-10-01 07:21:35.345557,32.59,16,iOS
3818,1245,2025-10-01 23:18:00,2025-10-01 23:56:20.211274,38.34,19,iOS
3819,1245,2025-06-23 04:43:00,2025-06-23 05:21:19.741200,38.33,19,iOS
3820,1245,2025-08-24 05:00:00,2025-08-24 05:36:13.213551,36.22,18,iOS
3821,1246,2025-09-03 00:52:00,2025-09-03 01:04:10.283526,12.17,6,Web
3822,1247,2024-04-20 22:14:00,2024-04-20 22:32:34.080236,18.57,9,iOS
3823,1247,2024-03-17 10:05:00,2024-03-17 10:09:28.969529,4.48,2,iOS
3824,1247,2024-05-22 05:57:00,2024-05-22 06:10:42.666818,13.71,6,iOS
3825,1247,2024-04-24 20:04:00,2024-04-24 20:07:07.736359,3.13,1,iOS
3826,1248,2024-12-28 07:00:00,2024-12-28 07:03:34.621559,3.58,1,iOS
3827,1248,2025-01-30 14:28:00,2025-01-30 14:37:53.442860,9.89,4,iOS
3828,1249,2025-11-03 14:30:00,2025-11-03 14:34:18.994367,4.32,2,Web
3829,1249,2025-09-23 05:53:00,2025-09-23 06:09:09.225211,16.15,8,Web
3830,1250,2025-09-02 21:48:00,2025-09-02 22:03:38.887939,15.65,7,iOS
3831,1250,2025-11-29 02:31:00,2025-11-29 02:42:06.700785,11.11,5,iOS
3832,1251,2025-04-30 16:23:00,2025-04-30 16:27:42.212223,4.7,2,Web
3833,1251,2025-06-16 18:18:00,2025-06-16 18:21:15.695133,3.26,1,Web
3834,1251,2025-07-07 09:26:00,2025-07-07 09:27:39.923220,1.67,0,Web
3835,1251,2025-07-02 22:39:00,2025-07-02 22:57:53.483142,18.89,9,Web
3836,1252,2025-10-20 20:41:00,2025-10-20 20:46:00.890447,5.01,2,Android
3837,1252,2025-12-08 21:16:00,2025-12-08 21:29:35.610524,13.59,6,Android
3838,1252,2025-12-27 11:27:00,2025-12-27 11:37:13.215047,10.22,5,Android
3839,1252,2026-01-10 08:31:00,2026-01-10 08:41:30.448954,10.51,5,Android
3840,1253,2025-05-23 09:36:00,2025-05-23 09:37:59.763788,2.0,0,Android
3841,1253,2025-08-24 05:24:00,2025-08-24 05:39:04.591941,15.08,7,Android
3842,1253,2025-08-22 08:35:00,2025-08-22 08:47:04.863536,12.08,6,Android
3843,1253,2025-06-13 18:30:00,2025-06-13 18:35:28.449226,5.47,2,Android
3844,1254,2025-04-13 19:01:00,2025-04-13 19:28:55.357393,27.92,13,Android
3845,1254,2025-05-27 12:25:00,2025-05-27 12:38:08.836080,13.15,6,Android
3846,1254,2025-03-08 13:15:00,2025-03-08 13:50:09.900871,35.17,17,Android
3847,1255,2024-07-15 06:03:00,2024-07-15 06:19:09.158185,16.15,8,iOS
3848,1255,2024-09-29 10:42:00,2024-09-29 10:59:33.287539,17.55,8,iOS
3849,1255,2024-10-04 09:50:00,2024-10-04 09:57:29.658696,7.49,3,iOS
3850,1255,2024-10-11 16:15:00,2024-10-11 16:22:31.844734,7.53,3,iOS
3851,1256,2025-02-27 11:53:00,2025-02-27 12:01:44.967929,8.75,4,Android
3852,1256,2025-05-26 14:11:00,2025-05-26 14:28:03.401597,17.06,8,Android
3853,1256,2025-02-25 05:22:00,2025-02-25 05:38:30.191205,16.5,8,Android
3854,1257,2025-02-03 12:02:00,2025-02-03 12:06:28.273429,4.47,2,Android
3855,1258,2024-03-31 16:12:00,2024-03-31 16:23:55.210113,11.92,5,Web
3856,1258,2024-02-24 06:02:00,2024-02-24 06:21:22.529611,19.38,9,Web
3857,1259,2024-10-08 11:25:00,2024-10-08 11:43:33.793806,18.56,9,iOS
3858,1260,2025-08-16 09:15:00,2025-08-16 09:34:22.724227,19.38,9,Android
3859,1260,2025-08-11 05:40:00,2025-08-11 05:58:29.857297,18.5,9,Android
3860,1260,2025-09-12 07:10:00,2025-09-12 07:51:38.773572,41.65,20,Android
3861,1260,2025-10-06 21:20:00,2025-10-06 21:47:58.242896,27.97,13,Android
3862,1261,2025-04-09 05:54:00,2025-04-09 05:59:12.004696,5.2,2,Web
3863,1261,2025-02-03 11:41:00,2025-02-03 11:57:25.850444,16.43,8,Web
3864,1261,2025-02-12 19:59:00,2025-02-12 20:07:57.174006,8.95,4,Web
3865,1261,2025-03-09 23:25:00,2025-03-09 23:33:24.902609,8.42,4,Web
3866,1261,2025-01-30 12:27:00,2025-01-30 12:42:10.030370,15.17,7,Web
3867,1262,2026-03-22 07:25:00,2026-03-22 07:28:55.377915,3.92,1,Android
3868,1262,2026-04-14 01:29:00,2026-04-14 01:32:56.989274,3.95,1,Android
3869,1262,2026-04-05 15:06:00,2026-04-05 15:12:20.492699,6.34,3,Android
3870,1262,2026-02-23 13:02:00,2026-02-23 13:11:31.369643,9.52,4,Android
3871,1262,2026-01-21 11:03:00,2026-01-21 11:19:42.944057,16.72,8,Android
3872,1262,2026-04-01 00:28:00,2026-04-01 00:33:39.363383,5.66,2,Android
3873,1262,2026-03-25 23:16:00,2026-03-25 23:34:22.797040,18.38,9,Android
3874,1263,2024-08-12 19:23:00,2024-08-12 19:37:51.531689,14.86,7,Web
3875,1263,2024-07-08 08:36:00,2024-07-08 08:51:38.301353,15.64,7,Web
3876,1263,2024-07-16 15:45:00,2024-07-16 15:50:05.394892,5.09,2,Web
3877,1263,2024-09-22 04:09:00,2024-09-22 04:23:58.348456,14.97,7,Web
3878,1264,2025-03-29 19:56:00,2025-03-29 20:21:48.887511,25.81,12,iOS
3879,1264,2025-05-22 08:03:00,2025-05-22 08:36:41.710221,33.7,16,iOS
3880,1264,2025-05-26 12:22:00,2025-05-26 12:44:55.664846,22.93,11,iOS
3881,1264,2025-03-19 15:30:00,2025-03-19 16:10:10.795330,40.18,20,iOS
3882,1265,2024-12-05 11:26:00,2024-12-05 12:06:55.356065,40.92,20,iOS
3883,1266,2024-09-17 19:07:00,2024-09-17 19:15:56.618609,8.94,4,Android
3884,1266,2024-09-19 19:14:00,2024-09-19 19:21:04.329582,7.07,3,Android
3885,1266,2024-09-26 21:43:00,2024-09-26 21:46:02.808372,3.05,1,Android
3886,1266,2024-06-21 11:49:00,2024-06-21 11:56:33.455163,7.56,3,Android
3887,1266,2024-08-23 11:16:00,2024-08-23 11:25:49.278811,9.82,4,Android
3888,1267,2024-06-17 15:21:00,2024-06-17 15:55:14.986243,34.25,17,Web
3889,1268,2024-08-21 20:37:00,2024-08-21 20:43:59.510607,6.99,3,Android
3890,1269,2024-02-21 19:51:00,2024-02-21 19:59:27.373098,8.46,4,Android
3891,1269,2024-03-24 10:17:00,2024-03-24 10:32:27.524075,15.46,7,Android
3892,1269,2024-03-13 08:51:00,2024-03-13 08:59:03.347034,8.06,4,Android
3893,1269,2024-03-05 15:21:00,2024-03-05 15:30:13.770415,9.23,4,Android
3894,1270,2024-12-13 05:43:00,2024-12-13 05:56:39.780765,13.66,6,Android
3895,1270,2024-10-16 17:03:00,2024-10-16 17:22:04.851042,19.08,9,Android
3896,1270,2024-10-21 21:32:00,2024-10-21 21:39:25.921228,7.43,3,Android
3897,1270,2024-09-25 10:31:00,2024-09-25 10:41:20.705684,10.35,5,Android
3898,1270,2024-09-25 16:38:00,2024-09-25 16:51:07.847036,13.13,6,Android
3899,1270,2024-09-13 14:00:00,2024-09-13 14:15:14.332461,15.24,7,Android
3900,1271,2024-08-22 20:30:00,2024-08-22 20:49:17.998516,19.3,9,Android
3901,1271,2024-06-22 00:27:00,2024-06-22 00:42:37.620798,15.63,7,Android
3902,1271,2024-08-19 02:38:00,2024-08-19 02:46:39.147017,8.65,4,Android
3903,1271,2024-06-01 22:49:00,2024-06-01 23:04:47.196543,15.79,7,Android
3904,1272,2025-04-30 02:38:00,2025-04-30 02:54:07.047770,16.12,8,Android
3905,1273,2025-02-23 17:50:00,2025-02-23 18:01:52.299934,11.87,5,iOS
3906,1273,2024-12-18 06:32:00,2024-12-18 06:34:30.413919,2.51,1,iOS
3907,1273,2024-12-07 19:53:00,2024-12-07 20:09:31.890778,16.53,8,iOS
3908,1273,2025-01-21 02:53:00,2025-01-21 02:56:51.432694,3.86,1,iOS
3909,1274,2024-05-10 19:53:00,2024-05-10 20:07:18.917704,14.32,7,iOS
3910,1274,2024-04-18 10:18:00,2024-04-18 10:34:17.353557,16.29,8,iOS
3911,1275,2025-02-13 08:17:00,2025-02-13 08:40:54.244281,23.9,11,Android
3912,1275,2024-11-04 01:34:00,2024-11-04 02:07:05.606641,33.09,16,Android
3913,1275,2025-01-13 10:37:00,2025-01-13 11:13:54.716965,36.91,18,Android
3914,1276,2025-05-01 16:45:00,2025-05-01 16:48:43.524219,3.73,1,iOS
3915,1276,2025-07-20 06:51:00,2025-07-20 07:10:36.276386,19.6,9,iOS
3916,1276,2025-06-25 10:40:00,2025-06-25 10:54:52.323926,14.87,7,iOS
3917,1276,2025-04-21 20:46:00,2025-04-21 20:51:03.756633,5.06,2,iOS
3918,1277,2024-07-24 22:19:00,2024-07-24 22:51:18.649709,32.31,16,iOS
3919,1277,2024-04-30 19:41:00,2024-04-30 20:19:58.791861,38.98,19,iOS
3920,1278,2025-05-22 18:53:00,2025-05-22 19:09:31.826992,16.53,8,Android
3921,1278,2025-07-04 03:23:00,2025-07-04 03:25:38.509450,2.64,1,Android
3922,1278,2025-08-19 12:48:00,2025-08-19 12:57:24.267462,9.4,4,Android
3923,1279,2024-11-10 00:29:00,2024-11-10 00:43:40.965340,14.68,7,Android
3924,1279,2024-08-07 13:32:00,2024-08-07 13:44:24.640034,12.41,6,Android
3925,1279,2024-09-26 14:30:00,2024-09-26 14:37:26.336915,7.44,3,Android
3926,1279,2024-10-28 21:22:00,2024-10-28 21:27:36.890226,5.61,2,Android
3927,1280,2024-04-01 01:12:00,2024-04-01 01:41:02.435877,29.04,14,Android
3928,1280,2024-06-16 21:28:00,2024-06-16 22:10:56.372651,42.94,21,Android
3929,1281,2024-03-06 05:04:00,2024-03-06 05:15:48.557681,11.81,5,Android
3930,1281,2024-05-11 14:25:00,2024-05-11 14:44:09.808795,19.16,9,Android
3931,1282,2024-02-15 04:07:00,2024-02-15 04:17:45.551694,10.76,5,Android
3932,1282,2024-03-06 01:34:00,2024-03-06 01:37:58.414652,3.97,1,Android
3933,1282,2024-02-24 01:41:00,2024-02-24 01:59:57.540240,18.96,9,Android
3934,1282,2024-03-23 12:11:00,2024-03-23 12:17:05.314713,6.09,3,Android
3935,1283,2025-09-17 16:03:00,2025-09-17 16:16:24.262037,13.4,6,iOS
3936,1283,2025-07-18 03:36:00,2025-07-18 03:43:38.027925,7.63,3,iOS
3937,1283,2025-08-29 09:00:00,2025-08-29 09:14:21.786312,14.36,7,iOS
3938,1283,2025-07-13 19:47:00,2025-07-13 20:01:56.282217,14.94,7,iOS
3939,1284,2024-11-03 01:28:00,2024-11-03 02:07:04.934299,39.08,19,Web
3940,1284,2024-07-28 07:00:00,2024-07-28 07:39:38.680378,39.64,19,Web
3941,1285,2024-06-26 15:01:00,2024-06-26 15:10:06.601740,9.11,4,Web
3942,1286,2024-08-03 07:47:00,2024-08-03 07:59:14.595023,12.24,6,Android
3943,1286,2024-07-28 01:01:00,2024-07-28 01:03:02.482450,2.04,1,Android
3944,1287,2025-03-03 12:21:00,2025-03-03 12:25:25.230158,4.42,2,iOS
3945,1287,2025-01-10 03:02:00,2025-01-10 03:07:48.969355,5.82,2,iOS
3946,1287,2025-03-01 10:41:00,2025-03-01 10:57:00.078680,16.0,8,iOS
3947,1287,2025-04-24 20:29:00,2025-04-24 20:35:17.928865,6.3,3,iOS
3948,1288,2024-09-11 06:54:00,2024-09-11 06:55:30.350543,1.51,0,Android
3949,1288,2024-08-18 07:51:00,2024-08-18 08:02:40.075673,11.67,5,Android
3950,1288,2024-09-25 13:24:00,2024-09-25 13:37:46.180424,13.77,6,Android
3951,1288,2024-09-05 10:57:00,2024-09-05 10:58:35.165674,1.59,0,Android
3952,1288,2024-07-17 01:28:00,2024-07-17 01:32:25.813688,4.43,2,Android
3953,1288,2024-09-05 20:27:00,2024-09-05 20:40:20.215794,13.34,6,Android
3954,1289,2024-06-29 11:22:00,2024-06-29 11:35:45.129717,13.75,6,iOS
3955,1290,2024-06-13 13:42:00,2024-06-13 13:50:18.485446,8.31,4,Web
3956,1290,2024-05-12 09:37:00,2024-05-12 09:41:22.591113,4.38,2,Web
3957,1290,2024-05-31 06:46:00,2024-05-31 07:05:24.760044,19.41,9,Web
3958,1290,2024-06-11 23:42:00,2024-06-11 23:53:11.765389,11.2,5,Web
3959,1291,2025-04-17 23:31:00,2025-04-17 23:35:03.440310,4.06,2,Web
3960,1292,2025-09-12 04:48:00,2025-09-12 04:56:41.016409,8.68,4,Android
3961,1292,2025-06-14 11:35:00,2025-06-14 11:36:04.094655,1.07,0,Android
3962,1293,2024-05-29 22:24:00,2024-05-29 22:26:23.864505,2.4,1,Android
3963,1293,2024-06-14 17:28:00,2024-06-14 17:37:09.826090,9.16,4,Android
3964,1293,2024-03-17 10:58:00,2024-03-17 11:10:26.781295,12.45,6,Android
3965,1294,2024-05-29 11:38:00,2024-05-29 11:54:47.669205,16.79,8,iOS
3966,1294,2024-05-25 13:57:00,2024-05-25 14:16:37.699754,19.63,9,iOS
3967,1295,2025-12-11 02:00:00,2025-12-11 02:18:56.763768,18.95,9,Android
3968,1295,2025-10-30 16:25:00,2025-10-30 16:33:02.784030,8.05,4,Android
3969,1295,2025-11-25 00:38:00,2025-11-25 01:06:56.897389,28.95,14,Android
3970,1296,2024-06-26 23:27:00,2024-06-26 23:40:57.740873,13.96,6,iOS
3971,1296,2024-06-19 03:44:00,2024-06-19 03:46:48.860562,2.81,1,iOS
3972,1297,2024-07-23 20:09:00,2024-07-23 20:23:50.384785,14.84,7,Android
3973,1297,2024-05-25 23:12:00,2024-05-25 23:39:31.246991,27.52,13,Android
3974,1298,2024-10-06 05:23:00,2024-10-06 05:29:39.769896,6.66,3,Android
3975,1298,2024-10-15 16:15:00,2024-10-15 16:18:08.769483,3.15,1,Android
3976,1298,2024-10-24 01:49:00,2024-10-24 01:50:09.791638,1.16,0,Android
3977,1298,2024-12-16 10:58:00,2024-12-16 11:01:46.983422,3.78,1,Android
3978,1299,2024-12-16 06:12:00,2024-12-16 06:20:35.675560,8.59,4,Web
3979,1299,2024-12-08 17:13:00,2024-12-08 17:25:43.305515,12.72,6,Web
3980,1299,2024-12-31 23:25:00,2024-12-31 23:42:26.372280,17.44,8,Web
3981,1299,2024-11-08 13:25:00,2024-11-08 13:34:06.499696,9.11,4,Web
3982,1300,2024-03-03 23:46:00,2024-03-03 23:50:02.215773,4.04,2,Android
3983,1301,2026-01-13 20:00:00,2026-01-13 20:03:42.577198,3.71,1,Android
3984,1302,2024-10-25 01:23:00,2024-10-25 01:40:57.533300,17.96,8,iOS
3985,1302,2024-08-04 22:28:00,2024-08-04 22:32:52.477957,4.87,2,iOS
3986,1303,2025-10-24 13:55:00,2025-10-24 14:07:28.774675,12.48,6,iOS
3987,1303,2025-11-19 13:46:00,2025-11-19 13:51:43.162575,5.72,2,iOS
3988,1303,2025-10-23 12:54:00,2025-10-23 12:59:37.048327,5.62,2,iOS
3989,1303,2026-02-03 07:34:00,2026-02-03 07:51:10.086005,17.17,8,iOS
3990,1304,2024-12-31 13:08:00,2024-12-31 13:10:48.862758,2.81,1,Android
3991,1304,2024-12-24 20:07:00,2024-12-24 20:20:54.269964,13.9,6,Android
3992,1304,2025-01-22 03:44:00,2025-01-22 04:02:46.331109,18.77,9,Android
3993,1304,2025-02-08 19:35:00,2025-02-08 19:50:08.171418,15.14,7,Android
3994,1305,2025-07-12 13:02:00,2025-07-12 13:08:49.971961,6.83,3,Android
3995,1305,2025-08-21 02:07:00,2025-08-21 02:10:30.869111,3.51,1,Android
3996,1306,2025-09-13 11:00:00,2025-09-13 11:17:59.928922,18.0,8,Web
3997,1306,2025-10-24 06:36:00,2025-10-24 06:55:26.932438,19.45,9,Web
3998,1306,2025-08-28 02:26:00,2025-08-28 03:01:30.460546,35.51,17,Web
3999,1306,2025-09-06 04:07:00,2025-09-06 04:25:15.419468,18.26,9,Web
4000,1306,2025-10-16 05:12:00,2025-10-16 05:45:54.257018,33.9,16,Web
4001,1307,2025-07-31 04:57:00,2025-07-31 04:59:31.765856,2.53,1,Android
4002,1307,2025-07-12 22:12:00,2025-07-12 22:30:32.793788,18.55,9,Android
4003,1308,2025-11-18 06:00:00,2025-11-18 06:17:09.276966,17.15,8,Android
4004,1308,2026-02-03 21:09:00,2026-02-03 21:16:15.689919,7.26,3,Android
4005,1308,2025-11-20 23:17:00,2025-11-20 23:35:12.001687,18.2,9,Android
4006,1308,2025-12-09 02:53:00,2025-12-09 03:08:53.694758,15.89,7,Android
4007,1309,2024-09-28 13:47:00,2024-09-28 13:56:40.296321,9.67,4,Web
4008,1309,2024-10-12 14:31:00,2024-10-12 14:48:02.484554,17.04,8,Web
4009,1309,2024-10-17 13:24:00,2024-10-17 13:42:33.509983,18.56,9,Web
4010,1310,2024-10-26 06:30:00,2024-10-26 06:44:42.723065,14.71,7,Android
4011,1310,2025-01-12 09:21:00,2025-01-12 09:30:58.241530,9.97,4,Android
4012,1310,2024-12-06 03:46:00,2024-12-06 04:03:45.833414,17.76,8,Android
4013,1310,2024-12-17 19:00:00,2024-12-17 19:10:04.839134,10.08,5,Android
4014,1311,2024-08-16 01:45:00,2024-08-16 01:47:49.302785,2.82,1,Web
4015,1311,2024-09-03 22:03:00,2024-09-03 22:04:04.694336,1.08,0,Web
4016,1311,2024-08-08 12:47:00,2024-08-08 12:55:12.859192,8.21,4,Web
4017,1312,2024-07-20 22:16:00,2024-07-20 22:28:41.347938,12.69,6,iOS
4018,1312,2024-05-20 16:14:00,2024-05-20 16:31:12.470631,17.21,8,iOS
4019,1312,2024-04-07 09:18:00,2024-04-07 09:33:29.099467,15.48,7,iOS
4020,1312,2024-05-29 21:37:00,2024-05-29 21:55:17.380670,18.29,9,iOS
4021,1313,2024-08-07 13:47:00,2024-08-07 13:51:52.822818,4.88,2,Android
4022,1313,2024-10-05 20:29:00,2024-10-05 20:30:29.297320,1.49,0,Android
4023,1313,2024-06-29 12:29:00,2024-06-29 12:43:28.184891,14.47,7,Android
4024,1313,2024-08-09 09:56:00,2024-08-09 09:59:30.891283,3.51,1,Android
4025,1313,2024-10-04 08:57:00,2024-10-04 09:15:48.777707,18.81,9,Android
4026,1314,2025-09-08 08:11:00,2025-09-08 08:47:38.314867,36.64,18,iOS
4027,1315,2025-02-15 13:07:00,2025-02-15 13:15:44.477289,8.74,4,iOS
4028,1315,2025-04-04 05:10:00,2025-04-04 05:16:01.078679,6.02,3,iOS
4029,1315,2025-03-13 06:54:00,2025-03-13 06:57:32.548803,3.54,1,iOS
4030,1315,2025-02-11 11:04:00,2025-02-11 11:12:01.288701,8.02,4,iOS
4031,1315,2025-01-22 19:14:00,2025-01-22 19:27:32.799222,13.55,6,iOS
4032,1315,2025-01-09 09:27:00,2025-01-09 09:31:24.944971,4.42,2,iOS
4033,1316,2026-01-04 02:10:00,2026-01-04 02:35:57.232298,25.95,12,iOS
4034,1316,2026-01-26 03:08:00,2026-01-26 03:42:44.018619,34.73,17,iOS
4035,1316,2026-01-04 13:03:00,2026-01-04 13:27:26.316793,24.44,12,iOS
4036,1316,2026-02-24 03:51:00,2026-02-24 04:05:54.135160,14.9,7,iOS
4037,1317,2025-12-26 05:08:00,2025-12-26 05:31:13.527862,23.23,11,Android
4038,1318,2025-10-17 14:47:00,2025-10-17 15:14:15.088494,27.25,13,Android
4039,1318,2025-11-02 19:31:00,2025-11-02 19:42:39.908297,11.67,5,Android
4040,1319,2024-12-04 21:15:00,2024-12-04 21:56:37.169742,41.62,20,Android
4041,1319,2024-12-27 23:15:00,2024-12-27 23:42:55.138149,27.92,13,Android
4042,1319,2024-11-20 20:50:00,2024-11-20 21:30:09.423462,40.16,20,Android
4043,1320,2025-09-25 14:05:00,2025-09-25 14:18:20.217933,13.34,6,Android
4044,1320,2025-07-12 08:42:00,2025-07-12 08:54:54.441320,12.91,6,Android
4045,1320,2025-09-07 00:52:00,2025-09-07 01:05:33.457671,13.56,6,Android
4046,1320,2025-10-04 00:28:00,2025-10-04 00:33:47.443603,5.79,2,Android
4047,1320,2025-08-28 02:20:00,2025-08-28 02:36:08.811076,16.15,8,Android
4048,1321,2025-06-21 21:40:00,2025-06-21 21:59:52.080422,19.87,9,Web
4049,1321,2025-05-30 06:12:00,2025-05-30 06:16:02.802609,4.05,2,Web
4050,1321,2025-06-21 21:29:00,2025-06-21 21:41:29.295428,12.49,6,Web
4051,1321,2025-05-23 20:32:00,2025-05-23 20:51:54.660359,19.91,9,Web
4052,1321,2025-04-23 14:59:00,2025-04-23 15:01:17.776326,2.3,1,Web
4053,1322,2025-10-26 00:00:00,2025-10-26 00:12:09.544943,12.16,6,Android
4054,1322,2026-01-07 22:53:00,2026-01-07 23:22:06.217484,29.1,14,Android
4055,1322,2025-10-29 02:56:00,2025-10-29 03:09:24.278480,13.4,6,Android
4056,1322,2025-12-06 23:32:00,2025-12-06 23:45:42.905696,13.72,6,Android
4057,1322,2025-12-02 03:43:00,2025-12-02 04:10:19.866139,27.33,13,Android
4058,1322,2025-12-03 09:10:00,2025-12-03 09:50:58.718294,40.98,20,Android
4059,1323,2024-07-08 15:47:00,2024-07-08 16:02:35.215657,15.59,7,Android
4060,1323,2024-07-12 22:11:00,2024-07-12 22:18:07.392130,7.12,3,Android
4061,1324,2025-11-24 23:55:00,2025-11-25 00:01:03.231813,6.05,3,iOS
4062,1324,2026-02-22 22:20:00,2026-02-22 22:38:59.619633,18.99,9,iOS
4063,1324,2026-02-11 19:27:00,2026-02-11 19:36:58.363988,9.97,4,iOS
4064,1324,2026-02-23 19:12:00,2026-02-23 19:16:50.529372,4.84,2,iOS
4065,1325,2026-01-09 04:42:00,2026-01-09 04:49:10.042608,7.17,3,iOS
4066,1326,2025-10-17 23:38:00,2025-10-18 00:17:31.476690,39.52,19,iOS
4067,1326,2025-07-14 16:33:00,2025-07-14 17:16:21.413085,43.36,21,iOS
4068,1326,2025-08-27 18:15:00,2025-08-27 18:30:28.569133,15.48,7,iOS
4069,1327,2025-05-25 16:13:00,2025-05-25 16:18:50.892325,5.85,2,Android
4070,1327,2025-05-15 12:46:00,2025-05-15 13:01:13.593821,15.23,7,Android
4071,1327,2025-05-17 21:49:00,2025-05-17 22:03:53.056475,14.88,7,Android
4072,1328,2026-03-16 11:37:00,2026-03-16 11:38:58.808673,1.98,0,iOS
4073,1329,2025-03-23 19:32:00,2025-03-23 20:02:47.159238,30.79,15,Android
4074,1329,2025-04-16 07:07:00,2025-04-16 07:20:45.273036,13.75,6,Android
4075,1330,2024-10-10 03:26:00,2024-10-10 03:44:42.322696,18.71,9,Android
4076,1331,2025-06-13 12:34:00,2025-06-13 12:58:46.839695,24.78,12,iOS
4077,1331,2025-07-20 07:39:00,2025-07-20 08:05:23.631300,26.39,13,iOS
4078,1331,2025-07-12 18:06:00,2025-07-12 18:25:34.193002,19.57,9,iOS
4079,1331,2025-07-25 18:12:00,2025-07-25 18:35:16.997899,23.28,11,iOS
4080,1332,2025-03-28 23:19:00,2025-03-28 23:38:08.926227,19.15,9,iOS
4081,1332,2025-02-10 20:18:00,2025-02-10 20:32:16.492598,14.27,7,iOS
4082,1332,2025-02-02 00:17:00,2025-02-02 00:34:39.823382,17.66,8,iOS
4083,1333,2024-08-23 07:48:00,2024-08-23 07:51:57.176280,3.95,1,Android
4084,1333,2024-11-01 08:52:00,2024-11-01 09:08:57.484076,16.96,8,Android
4085,1334,2025-12-05 01:13:00,2025-12-05 01:29:00.385263,16.01,8,iOS
4086,1334,2025-12-12 23:18:00,2025-12-12 23:32:11.480606,14.19,7,iOS
4087,1334,2025-12-08 17:00:00,2025-12-08 17:12:48.998151,12.82,6,iOS
4088,1334,2025-10-13 23:46:00,2025-10-13 23:53:22.462960,7.37,3,iOS
4089,1334,2025-11-22 18:05:00,2025-11-22 18:20:07.620339,15.13,7,iOS
4090,1335,2024-08-08 10:53:00,2024-08-08 11:06:38.499030,13.64,6,iOS
4091,1336,2024-06-16 19:05:00,2024-06-16 19:24:34.516250,19.58,9,Android
4092,1336,2024-06-23 01:42:00,2024-06-23 01:55:20.776599,13.35,6,Android
4093,1337,2024-08-28 18:25:00,2024-08-28 18:37:14.260774,12.24,6,Android
4094,1337,2024-11-07 08:17:00,2024-11-07 08:36:26.651416,19.44,9,Android
4095,1337,2024-10-26 17:55:00,2024-10-26 18:00:30.036282,5.5,2,Android
4096,1337,2024-08-15 17:08:00,2024-08-15 17:13:38.038263,5.63,2,Android
4097,1337,2024-09-03 15:04:00,2024-09-03 15:14:20.968346,10.35,5,Android
4098,1338,2024-05-27 16:44:00,2024-05-27 16:47:07.554041,3.13,1,Web
4099,1338,2024-08-26 01:36:00,2024-08-26 01:38:51.910922,2.87,1,Web
4100,1339,2025-04-06 00:23:00,2025-04-06 00:27:54.095840,4.9,2,Android
4101,1339,2024-12-11 06:24:00,2024-12-11 06:35:34.316768,11.57,5,Android
4102,1340,2025-02-26 18:46:00,2025-02-26 18:56:52.071399,10.87,5,iOS
4103,1340,2025-01-20 00:33:00,2025-01-20 00:45:39.369597,12.66,6,iOS
4104,1340,2025-03-27 23:38:00,2025-03-27 23:53:22.665165,15.38,7,iOS
4105,1340,2025-03-23 17:46:00,2025-03-23 18:03:04.565178,17.08,8,iOS
4106,1341,2024-10-31 05:54:00,2024-10-31 06:12:18.055819,18.3,9,Web
4107,1341,2024-10-18 21:15:00,2024-10-18 21:21:06.891966,6.11,3,Web
4108,1342,2025-05-26 19:40:00,2025-05-26 19:52:14.338767,12.24,6,Web
4109,1342,2025-05-24 22:15:00,2025-05-24 22:25:19.751282,10.33,5,Web
4110,1342,2025-07-11 13:15:00,2025-07-11 13:20:39.508041,5.66,2,Web
4111,1342,2025-07-15 13:58:00,2025-07-15 14:17:25.356293,19.42,9,Web
4112,1343,2025-12-20 20:46:00,2025-12-20 21:03:24.817107,17.41,8,Android
4113,1344,2025-07-06 13:16:00,2025-07-06 13:28:59.531757,12.99,6,iOS
4114,1344,2025-07-09 21:04:00,2025-07-09 21:15:28.855738,11.48,5,iOS
4115,1344,2025-07-28 03:16:00,2025-07-28 03:33:02.156542,17.04,8,iOS
4116,1344,2025-06-29 12:53:00,2025-06-29 13:12:58.229281,19.97,9,iOS
4117,1345,2025-02-06 15:58:00,2025-02-06 16:36:27.340448,38.46,19,Android
4118,1346,2024-09-22 11:23:00,2024-09-22 11:28:17.161726,5.29,2,iOS
4119,1347,2025-10-30 05:00:00,2025-10-30 05:17:15.675322,17.26,8,iOS
4120,1347,2025-09-01 03:38:00,2025-09-01 03:55:31.916119,17.53,8,iOS
4121,1348,2025-08-06 16:58:00,2025-08-06 17:17:29.272413,19.49,9,iOS
4122,1348,2025-07-21 10:21:00,2025-07-21 10:35:39.851628,14.66,7,iOS
4123,1349,2024-04-08 18:42:00,2024-04-08 18:56:58.355896,14.97,7,Android
4124,1350,2024-10-16 06:28:00,2024-10-16 06:45:59.405398,17.99,8,iOS
4125,1350,2024-09-12 08:34:00,2024-09-12 08:44:56.954927,10.95,5,iOS
4126,1351,2024-07-25 00:39:00,2024-07-25 00:53:18.287538,14.3,7,iOS
4127,1351,2024-07-11 20:17:00,2024-07-11 20:28:23.027422,11.38,5,iOS
4128,1352,2025-06-08 17:23:00,2025-06-08 17:25:48.973267,2.82,1,iOS
4129,1352,2025-03-25 09:27:00,2025-03-25 09:33:00.254026,6.0,3,iOS
4130,1352,2025-06-15 17:16:00,2025-06-15 17:18:31.403112,2.52,1,iOS
4131,1353,2025-03-06 06:37:00,2025-03-06 06:52:55.658367,15.93,7,Android
4132,1353,2025-02-17 17:04:00,2025-02-17 17:19:43.573041,15.73,7,Android
4133,1354,2024-08-30 15:20:00,2024-08-30 15:35:27.906204,15.47,7,iOS
4134,1354,2024-07-21 17:50:00,2024-07-21 18:02:02.967932,12.05,6,iOS
4135,1354,2024-06-22 10:35:00,2024-06-22 10:40:56.172634,5.94,2,iOS
4136,1354,2024-06-22 19:58:00,2024-06-22 20:13:02.230702,15.04,7,iOS
4137,1354,2024-07-09 11:49:00,2024-07-09 11:50:10.521610,1.18,0,iOS
4138,1354,2024-06-12 07:03:00,2024-06-12 07:21:37.432473,18.62,9,iOS
4139,1354,2024-06-27 20:23:00,2024-06-27 20:38:35.802451,15.6,7,iOS
4140,1355,2024-03-12 17:02:00,2024-03-12 17:05:28.598797,3.48,1,Web
4141,1355,2024-02-10 00:56:00,2024-02-10 00:58:32.054926,2.53,1,Web
4142,1355,2024-02-15 18:33:00,2024-02-15 18:41:10.957610,8.18,4,Web
4143,1355,2024-02-25 11:09:00,2024-02-25 11:19:16.251615,10.27,5,Web
4144,1355,2024-05-12 02:30:00,2024-05-12 02:32:56.873443,2.95,1,Web
4145,1355,2024-03-25 22:17:00,2024-03-25 22:23:20.259171,6.34,3,Web
4146,1355,2024-04-28 18:05:00,2024-04-28 18:16:56.040884,11.93,5,Web
4147,1355,2024-04-21 03:17:00,2024-04-21 03:21:58.687849,4.98,2,Web
4148,1356,2024-09-13 04:32:00,2024-09-13 04:44:41.473747,12.69,6,iOS
4149,1356,2024-09-09 18:16:00,2024-09-09 18:24:43.637594,8.73,4,iOS
4150,1356,2024-08-26 05:33:00,2024-08-26 05:36:01.374482,3.02,1,iOS
4151,1356,2024-09-11 10:35:00,2024-09-11 10:36:18.393206,1.31,0,iOS
4152,1356,2024-09-26 13:42:00,2024-09-26 13:49:20.973661,7.35,3,iOS
4153,1356,2024-09-14 02:24:00,2024-09-14 02:41:51.053438,17.85,8,iOS
4154,1357,2025-11-06 04:47:00,2025-11-06 04:58:43.241367,11.72,5,iOS
4155,1357,2025-08-08 11:00:00,2025-08-08 11:01:12.331174,1.21,0,iOS
4156,1357,2025-08-13 22:55:00,2025-08-13 23:00:31.663744,5.53,2,iOS
4157,1357,2025-10-25 22:44:00,2025-10-25 22:49:06.292836,5.1,2,iOS
4158,1358,2024-04-07 16:56:00,2024-04-07 17:08:28.625212,12.48,6,Android
4159,1358,2024-06-12 08:13:00,2024-06-12 08:30:03.026774,17.05,8,Android
4160,1358,2024-05-09 12:07:00,2024-05-09 12:18:02.972275,11.05,5,Android
4161,1358,2024-05-08 05:39:00,2024-05-08 05:42:32.773529,3.55,1,Android
4162,1358,2024-06-30 03:46:00,2024-06-30 03:59:56.510443,13.94,6,Android
4163,1359,2025-07-04 03:41:00,2025-07-04 03:42:23.046585,1.38,0,Web
4164,1359,2025-07-25 16:51:00,2025-07-25 16:56:40.853376,5.68,2,Web
4165,1360,2025-08-04 00:13:00,2025-08-04 00:16:16.636665,3.28,1,Android
4166,1360,2025-07-28 00:15:00,2025-07-28 00:34:19.845757,19.33,9,Android
4167,1360,2025-05-15 05:05:00,2025-05-15 05:06:43.474381,1.72,0,Android
4168,1361,2024-04-16 04:15:00,2024-04-16 04:32:51.537295,17.86,8,iOS
4169,1361,2024-04-16 05:21:00,2024-04-16 05:40:59.073330,19.98,9,iOS
4170,1362,2025-11-03 12:55:00,2025-11-03 13:07:44.392278,12.74,6,Web
4171,1362,2025-10-27 07:02:00,2025-10-27 07:09:47.046160,7.78,3,Web
4172,1363,2024-09-15 16:58:00,2024-09-15 17:01:52.182797,3.87,1,iOS
4173,1363,2024-09-11 19:28:00,2024-09-11 19:34:22.882554,6.38,3,iOS
4174,1363,2024-11-02 05:47:00,2024-11-02 05:54:10.454485,7.17,3,iOS
4175,1364,2024-08-23 18:32:00,2024-08-23 18:40:14.450725,8.24,4,Android
4176,1365,2025-07-25 08:34:00,2025-07-25 09:13:36.285273,39.6,19,Android
4177,1365,2025-09-27 16:31:00,2025-09-27 17:11:45.224729,40.75,20,Android
4178,1365,2025-09-13 13:22:00,2025-09-13 13:43:49.284238,21.82,10,Android
4179,1365,2025-10-25 13:37:00,2025-10-25 13:57:41.534650,20.69,10,Android
4180,1365,2025-09-22 01:21:00,2025-09-22 01:33:45.773574,12.76,6,Android
4181,1366,2024-10-10 03:00:00,2024-10-10 03:15:19.012541,15.32,7,Android
4182,1367,2024-04-15 10:17:00,2024-04-15 10:22:03.460202,5.06,2,iOS
4183,1367,2024-03-11 15:58:00,2024-03-11 16:14:58.292709,16.97,8,iOS
4184,1367,2024-05-05 06:08:00,2024-05-05 06:22:03.981763,14.07,7,iOS
4185,1368,2024-01-04 00:55:00,2024-01-04 01:20:19.734569,25.33,12,Web
4186,1368,2024-02-18 18:48:00,2024-02-18 18:57:11.042382,9.18,4,Web
4187,1368,2024-03-29 06:06:00,2024-03-29 06:44:36.042368,38.6,19,Web
4188,1368,2024-02-12 03:54:00,2024-02-12 04:11:15.045669,17.25,8,Web
4189,1369,2024-11-22 23:54:00,2024-11-23 00:00:18.711819,6.31,3,Android
4190,1369,2024-09-21 01:26:00,2024-09-21 01:32:30.105216,6.5,3,Android
4191,1369,2024-11-05 00:00:00,2024-11-05 00:11:02.695500,11.04,5,Android
4192,1369,2024-09-03 19:19:00,2024-09-03 19:35:00.129159,16.0,8,Android
4193,1369,2024-11-05 19:43:00,2024-11-05 19:59:10.395527,16.17,8,Android
4194,1370,2024-11-22 18:16:00,2024-11-22 18:32:44.341889,16.74,8,Android
4195,1370,2024-11-10 16:21:00,2024-11-10 16:37:40.885082,16.68,8,Android
4196,1370,2024-12-07 17:22:00,2024-12-07 17:36:47.218702,14.79,7,Android
4197,1371,2025-11-02 12:55:00,2025-11-02 13:06:45.590855,11.76,5,Web
4198,1371,2025-09-24 01:41:00,2025-09-24 01:44:02.158448,3.04,1,Web
4199,1371,2025-11-25 11:37:00,2025-11-25 11:55:33.038834,18.55,9,Web
4200,1372,2025-10-12 04:30:00,2025-10-12 04:43:09.757612,13.16,6,Web
4201,1373,2025-05-18 14:56:00,2025-05-18 15:08:44.024352,12.73,6,Web
4202,1373,2025-07-14 05:47:00,2025-07-14 06:06:55.574127,19.93,9,Web
4203,1373,2025-06-15 23:05:00,2025-06-15 23:21:29.024719,16.48,8,Web
4204,1373,2025-04-30 05:11:00,2025-04-30 05:13:12.406087,2.21,1,Web
4205,1374,2025-10-15 09:48:00,2025-10-15 10:03:42.574580,15.71,7,Android
4206,1375,2025-07-30 04:09:00,2025-07-30 04:22:42.876525,13.71,6,Android
4207,1375,2025-07-22 21:22:00,2025-07-22 21:40:36.396080,18.61,9,Android
4208,1376,2025-08-26 16:38:00,2025-08-26 16:49:12.314328,11.21,5,Web
4209,1377,2024-08-20 17:57:00,2024-08-20 18:08:52.444624,11.87,5,Android
4210,1377,2024-11-13 02:23:00,2024-11-13 02:30:14.409626,7.24,3,Android
4211,1377,2024-08-30 12:27:00,2024-08-30 12:45:47.891632,18.8,9,Android
4212,1378,2024-03-30 05:39:00,2024-03-30 05:42:32.914563,3.55,1,Web
4213,1378,2024-05-02 00:45:00,2024-05-02 00:50:46.269437,5.77,2,Web
4214,1378,2024-02-06 15:18:00,2024-02-06 15:33:37.824485,15.63,7,Web
4215,1379,2025-03-27 12:57:00,2025-03-27 12:59:38.393886,2.64,1,iOS
4216,1379,2025-05-04 06:19:00,2025-05-04 06:23:38.269336,4.64,2,iOS
4217,1379,2025-05-02 13:34:00,2025-05-02 13:39:09.184108,5.15,2,iOS
4218,1380,2025-01-29 01:02:00,2025-01-29 01:19:35.257424,17.59,8,Android
4219,1380,2025-02-09 08:27:00,2025-02-09 08:33:04.436423,6.07,3,Android
4220,1381,2024-05-30 09:24:00,2024-05-30 09:38:54.909498,14.92,7,Android
4221,1381,2024-05-04 11:16:00,2024-05-04 11:19:43.313149,3.72,1,Android
4222,1382,2024-06-15 09:33:00,2024-06-15 10:06:01.812765,33.03,16,Web
4223,1382,2024-06-02 01:26:00,2024-06-02 01:34:30.544855,8.51,4,Web
4224,1382,2024-04-12 07:40:00,2024-04-12 07:55:05.641159,15.09,7,Web
4225,1382,2024-05-29 16:08:00,2024-05-29 16:34:38.885838,26.65,13,Web
4226,1382,2024-04-19 08:16:00,2024-04-19 08:53:39.469988,37.66,18,Web
4227,1383,2025-04-14 04:25:00,2025-04-14 04:59:46.898399,34.78,17,iOS
4228,1383,2025-03-03 20:42:00,2025-03-03 21:08:21.069180,26.35,13,iOS
4229,1384,2025-12-15 05:19:00,2025-12-15 05:40:04.722816,21.08,10,iOS
4230,1384,2025-12-11 09:39:00,2025-12-11 10:06:24.950304,27.42,13,iOS
4231,1385,2025-06-21 03:43:00,2025-06-21 03:54:34.333753,11.57,5,iOS
4232,1385,2025-04-22 18:30:00,2025-04-22 18:33:01.671536,3.03,1,iOS
4233,1386,2024-06-07 20:33:00,2024-06-07 20:48:24.859799,15.41,7,Web
4234,1387,2025-11-05 22:02:00,2025-11-05 22:06:16.341802,4.27,2,Android
4235,1387,2025-12-19 11:00:00,2025-12-19 11:10:15.243470,10.25,5,Android
4236,1387,2026-01-14 21:47:00,2026-01-14 21:50:29.553398,3.49,1,Android
4237,1387,2026-03-01 16:10:00,2026-03-01 16:12:42.016315,2.7,1,Android
4238,1387,2025-12-29 01:16:00,2025-12-29 01:21:20.869679,5.35,2,Android
4239,1388,2024-10-17 17:21:00,2024-10-17 17:25:25.104119,4.42,2,Android
4240,1389,2025-06-10 14:18:00,2025-06-10 14:22:46.308443,4.77,2,Web
4241,1389,2025-06-08 02:59:00,2025-06-08 03:05:48.958953,6.82,3,Web
4242,1389,2025-08-16 04:38:00,2025-08-16 04:56:54.020137,18.9,9,Web
4243,1389,2025-08-28 15:43:00,2025-08-28 15:50:09.371316,7.16,3,Web
4244,1390,2026-04-12 11:19:00,2026-04-12 11:34:51.345717,15.86,7,Android
4245,1390,2026-03-04 22:20:00,2026-03-04 22:28:09.826412,8.16,4,Android
4246,1391,2025-01-07 15:43:00,2025-01-07 16:03:05.325871,20.09,10,Android
4247,1392,2024-08-17 18:39:00,2024-08-17 18:49:47.712977,10.8,5,Android
4248,1393,2025-12-30 22:56:00,2025-12-30 23:03:29.235143,7.49,3,Android
4249,1393,2025-12-05 05:22:00,2025-12-05 05:25:11.392786,3.19,1,Android
4250,1393,2026-02-08 06:05:00,2026-02-08 06:19:29.351501,14.49,7,Android
4251,1393,2025-12-02 23:48:00,2025-12-03 00:03:56.611518,15.94,7,Android
4252,1393,2026-02-18 23:01:00,2026-02-18 23:03:32.487041,2.54,1,Android
4253,1394,2025-05-01 07:50:00,2025-05-01 08:08:35.260014,18.59,9,Android
4254,1394,2025-04-17 00:27:00,2025-04-17 00:33:24.246065,6.4,3,Android
4255,1394,2025-03-16 04:01:00,2025-03-16 04:06:38.876119,5.65,2,Android
4256,1394,2025-05-31 11:10:00,2025-05-31 11:19:06.679125,9.11,4,Android
4257,1394,2025-05-11 20:15:00,2025-05-11 20:26:26.535554,11.44,5,Android
4258,1395,2026-02-18 16:22:00,2026-02-18 16:27:28.137931,5.47,2,Web
4259,1395,2025-12-18 02:36:00,2025-12-18 02:55:20.357041,19.34,9,Web
4260,1395,2026-02-24 07:38:00,2026-02-24 07:44:49.024105,6.82,3,Web
4261,1395,2025-12-05 22:22:00,2025-12-05 22:33:30.219626,11.5,5,Web
4262,1396,2024-08-05 14:52:00,2024-08-05 14:58:41.968411,6.7,3,Android
4263,1396,2024-08-13 18:20:00,2024-08-13 18:28:54.606718,8.91,4,Android
4264,1396,2024-06-11 21:31:00,2024-06-11 21:43:05.686612,12.09,6,Android
4265,1397,2025-04-23 06:13:00,2025-04-23 06:46:29.674430,33.49,16,iOS
4266,1397,2025-04-14 01:04:00,2025-04-14 01:47:45.941717,43.77,21,iOS
4267,1397,2025-04-15 14:34:00,2025-04-15 14:44:59.203042,10.99,5,iOS
4268,1397,2025-04-25 06:29:00,2025-04-25 07:13:47.067323,44.78,22,iOS
4269,1397,2025-07-14 21:00:00,2025-07-14 21:37:56.150149,37.94,18,iOS
4270,1398,2025-02-14 03:19:00,2025-02-14 03:24:42.907052,5.72,2,Android
4271,1399,2025-04-19 06:15:00,2025-04-19 06:26:03.646226,11.06,5,Web
4272,1399,2025-05-09 04:03:00,2025-05-09 04:24:51.456434,21.86,10,Web
4273,1399,2025-03-26 17:34:00,2025-03-26 17:48:32.666092,14.54,7,Web
4274,1400,2025-12-10 02:29:00,2025-12-10 02:41:20.238138,12.34,6,Android
4275,1400,2026-02-17 11:31:00,2026-02-17 11:38:43.824855,7.73,3,Android
4276,1401,2024-11-07 06:39:00,2024-11-07 06:55:01.967449,16.03,8,Web
4277,1401,2024-12-06 22:06:00,2024-12-06 22:17:07.537065,11.13,5,Web
4278,1402,2024-04-17 20:30:00,2024-04-17 20:42:35.974737,12.6,6,Android
4279,1402,2024-05-08 13:05:00,2024-05-08 13:13:39.234849,8.65,4,Android
4280,1403,2025-05-20 08:36:00,2025-05-20 08:53:09.408232,17.16,8,iOS
4281,1403,2025-05-09 15:23:00,2025-05-09 15:28:41.732915,5.7,2,iOS
4282,1404,2024-11-06 02:55:00,2024-11-06 03:03:37.396589,8.62,4,Android
4283,1404,2024-09-27 04:28:00,2024-09-27 04:58:50.169096,30.84,15,Android
4284,1404,2024-09-23 02:30:00,2024-09-23 03:08:32.922153,38.55,19,Android
4285,1404,2024-08-11 20:19:00,2024-08-11 20:42:42.069843,23.7,11,Android
4286,1405,2025-09-29 20:40:00,2025-09-29 20:44:02.670637,4.04,2,Android
4287,1405,2025-09-30 17:16:00,2025-09-30 17:20:28.292138,4.47,2,Android
4288,1405,2025-11-11 09:52:00,2025-11-11 09:59:17.611472,7.29,3,Android
4289,1406,2024-10-04 07:11:00,2024-10-04 07:19:55.132519,8.92,4,Android
4290,1406,2024-09-30 06:15:00,2024-09-30 06:18:03.095188,3.05,1,Android
4291,1406,2024-08-14 12:08:00,2024-08-14 12:13:43.013203,5.72,2,Android
4292,1406,2024-09-26 14:16:00,2024-09-26 14:28:36.925613,12.62,6,Android
4293,1407,2025-04-18 04:32:00,2025-04-18 04:39:04.332345,7.07,3,Web
4294,1407,2025-04-01 08:41:00,2025-04-01 08:43:24.911299,2.42,1,Web
4295,1407,2025-03-25 22:01:00,2025-03-25 22:20:48.383604,19.81,9,Web
4296,1407,2025-03-26 19:39:00,2025-03-26 19:50:02.739344,11.05,5,Web
4297,1408,2024-07-22 04:46:00,2024-07-22 05:17:30.879293,31.51,15,Android
4298,1408,2024-05-29 22:53:00,2024-05-29 23:15:16.816124,22.28,11,Android
4299,1408,2024-06-04 04:04:00,2024-06-04 04:39:20.979874,35.35,17,Android
4300,1409,2025-09-13 08:08:00,2025-09-13 08:12:19.614600,4.33,2,Web
4301,1409,2025-08-25 08:41:00,2025-08-25 08:46:21.977130,5.37,2,Web
4302,1409,2025-10-12 07:14:00,2025-10-12 07:29:28.002240,15.47,7,Web
4303,1409,2025-10-11 13:52:00,2025-10-11 14:01:40.158931,9.67,4,Web
4304,1410,2025-12-10 18:44:00,2025-12-10 19:02:21.549758,18.36,9,Android
4305,1410,2025-11-08 10:20:00,2025-11-08 10:24:52.296916,4.87,2,Android
4306,1410,2025-11-26 20:21:00,2025-11-26 20:34:50.969322,13.85,6,Android
4307,1411,2025-11-03 19:02:00,2025-11-03 19:37:11.366495,35.19,17,Android
4308,1411,2025-10-20 11:09:00,2025-10-20 11:26:04.664441,17.08,8,Android
4309,1411,2026-01-10 19:47:00,2026-01-10 20:22:52.240707,35.87,17,Android
4310,1412,2025-04-17 18:47:00,2025-04-17 19:24:18.654117,37.31,18,iOS
4311,1412,2025-03-24 04:29:00,2025-03-24 04:38:08.288459,9.14,4,iOS
4312,1412,2025-02-20 05:09:00,2025-02-20 05:53:42.070341,44.7,22,iOS
4313,1413,2025-08-15 00:51:00,2025-08-15 01:04:21.595132,13.36,6,Web
4314,1413,2025-10-02 22:09:00,2025-10-02 22:17:55.678676,8.93,4,Web
4315,1414,2025-10-28 11:46:00,2025-10-28 11:55:17.989465,9.3,4,Android
4316,1415,2025-03-22 10:27:00,2025-03-22 10:28:55.334443,1.92,0,iOS
4317,1415,2025-05-03 04:35:00,2025-05-03 04:54:53.220897,19.89,9,iOS
4318,1416,2024-08-07 13:21:00,2024-08-07 13:39:10.841218,18.18,9,iOS
4319,1417,2025-07-14 03:04:00,2025-07-14 03:05:31.818742,1.53,0,Android
4320,1418,2025-05-05 18:57:00,2025-05-05 19:07:07.528259,10.13,5,iOS
4321,1418,2025-06-24 09:59:00,2025-06-24 10:10:43.048488,11.72,5,iOS
4322,1418,2025-04-07 09:38:00,2025-04-07 09:57:54.229224,19.9,9,iOS
4323,1419,2024-01-25 03:48:00,2024-01-25 03:51:56.005068,3.93,1,iOS
4324,1420,2024-10-18 08:52:00,2024-10-18 09:09:29.116562,17.49,8,iOS
4325,1420,2024-11-20 06:33:00,2024-11-20 06:49:54.087052,16.9,8,iOS
4326,1420,2025-01-20 12:41:00,2025-01-20 12:56:03.038534,15.05,7,iOS
4327,1420,2024-12-18 12:13:00,2024-12-18 12:19:27.135885,6.45,3,iOS
4328,1421,2024-07-03 14:34:00,2024-07-03 15:07:22.284335,33.37,16,iOS
4329,1421,2024-08-14 04:59:00,2024-08-14 05:38:11.371653,39.19,19,iOS
4330,1422,2024-10-20 22:17:00,2024-10-20 22:29:40.034975,12.67,6,Android
4331,1422,2024-10-06 10:16:00,2024-10-06 10:22:25.146983,6.42,3,Android
4332,1422,2024-09-13 16:47:00,2024-09-13 17:03:08.297140,16.14,8,Android
4333,1423,2024-06-07 21:05:00,2024-06-07 21:15:37.700518,10.63,5,Android
4334,1423,2024-06-12 10:04:00,2024-06-12 10:12:13.619082,8.23,4,Android
4335,1423,2024-05-06 13:01:00,2024-05-06 13:11:25.544169,10.43,5,Android
4336,1424,2026-03-25 02:32:00,2026-03-25 02:54:20.690279,22.34,11,Android
4337,1425,2024-10-07 19:50:00,2024-10-07 20:04:00.507839,14.01,7,Android
4338,1425,2024-07-29 17:41:00,2024-07-29 17:59:22.593996,18.38,9,Android
4339,1425,2024-09-28 22:57:00,2024-09-28 23:06:26.215759,9.44,4,Android
4340,1425,2024-08-22 21:50:00,2024-08-22 22:02:38.936484,12.65,6,Android
4341,1426,2025-01-06 02:55:00,2025-01-06 03:03:33.918764,8.57,4,Android
4342,1426,2024-11-09 22:09:00,2024-11-09 22:15:43.694564,6.73,3,Android
4343,1426,2024-10-24 01:43:00,2024-10-24 01:49:10.525677,6.18,3,Android
4344,1426,2024-12-31 16:53:00,2024-12-31 17:12:32.053100,19.53,9,Android
4345,1426,2024-11-10 07:34:00,2024-11-10 07:36:31.298150,2.52,1,Android
4346,1427,2025-02-24 21:16:00,2025-02-24 21:26:05.118132,10.09,5,Android
4347,1427,2025-02-18 18:59:00,2025-02-18 19:17:02.052452,18.03,9,Android
4348,1427,2025-03-26 21:34:00,2025-03-26 21:35:38.088018,1.63,0,Android
4349,1427,2024-12-16 13:15:00,2024-12-16 13:23:03.595505,8.06,4,Android
4350,1428,2025-12-02 13:48:00,2025-12-02 13:59:16.579944,11.28,5,Android
4351,1428,2026-01-10 04:50:00,2026-01-10 04:59:41.888632,9.7,4,Android
4352,1428,2025-11-25 10:25:00,2025-11-25 10:37:32.895747,12.55,6,Android
4353,1429,2024-10-28 12:45:00,2024-10-28 12:50:33.368163,5.56,2,Android
4354,1429,2024-12-18 16:37:00,2024-12-18 16:40:59.984525,4.0,1,Android
4355,1429,2024-12-12 02:25:00,2024-12-12 02:39:09.299834,14.15,7,Android
4356,1430,2024-05-23 11:30:00,2024-05-23 11:39:00.674258,9.01,4,Android
4357,1430,2024-02-16 06:36:00,2024-02-16 06:47:51.519839,11.86,5,Android
4358,1430,2024-04-23 19:03:00,2024-04-23 19:06:42.503330,3.71,1,Android
4359,1431,2025-12-22 20:04:00,2025-12-22 20:23:39.947885,19.67,9,Android
4360,1431,2025-11-29 23:23:00,2025-11-29 23:27:54.708703,4.91,2,Android
4361,1431,2026-02-05 02:21:00,2026-02-05 02:24:26.017142,3.43,1,Android
4362,1432,2024-10-09 00:01:00,2024-10-09 00:18:15.900956,17.27,8,Android
4363,1432,2024-10-28 11:58:00,2024-10-28 12:15:19.239089,17.32,8,Android
4364,1433,2024-05-21 11:16:00,2024-05-21 11:31:25.763630,15.43,7,Android
4365,1433,2024-02-19 02:26:00,2024-02-19 02:38:43.675334,12.73,6,Android
4366,1433,2024-04-19 15:38:00,2024-04-19 15:50:09.598966,12.16,6,Android
4367,1433,2024-04-02 11:36:00,2024-04-02 11:49:26.870520,13.45,6,Android
4368,1434,2025-10-03 02:20:00,2025-10-03 02:25:32.440180,5.54,2,Web
4369,1434,2025-10-23 01:58:00,2025-10-23 02:00:13.406562,2.22,1,Web
4370,1434,2025-10-17 01:36:00,2025-10-17 01:50:22.016865,14.37,7,Web
4371,1435,2025-08-22 12:10:00,2025-08-22 12:29:37.270071,19.62,9,iOS
4372,1435,2025-08-01 15:34:00,2025-08-01 15:40:37.625006,6.63,3,iOS
4373,1435,2025-08-12 05:28:00,2025-08-12 05:29:07.193980,1.12,0,iOS
4374,1435,2025-07-26 16:44:00,2025-07-26 17:02:10.968321,18.18,9,iOS
4375,1436,2025-06-26 16:08:00,2025-06-26 16:27:32.488031,19.54,9,Web
4376,1436,2025-06-30 02:01:00,2025-06-30 02:04:40.931049,3.68,1,Web
4377,1437,2024-05-29 18:53:00,2024-05-29 18:58:46.880186,5.78,2,iOS
4378,1437,2024-06-16 05:18:00,2024-06-16 05:34:55.829477,16.93,8,iOS
4379,1437,2024-06-14 18:45:00,2024-06-14 18:48:32.834155,3.55,1,iOS
4380,1438,2024-10-12 09:33:00,2024-10-12 09:51:36.782656,18.61,9,iOS
4381,1438,2024-12-07 01:24:00,2024-12-07 01:26:55.580556,2.93,1,iOS
4382,1438,2025-01-06 20:38:00,2025-01-06 20:40:00.381337,2.01,1,iOS
4383,1439,2025-07-01 21:13:00,2025-07-01 21:15:12.178911,2.2,1,iOS
4384,1439,2025-06-10 03:05:00,2025-06-10 03:06:30.091325,1.5,0,iOS
4385,1440,2024-10-10 22:37:00,2024-10-10 22:46:09.428413,9.16,4,Android
4386,1440,2024-10-18 01:50:00,2024-10-18 01:57:20.293337,7.34,3,Android
4387,1441,2025-11-02 20:51:00,2025-11-02 21:01:38.986244,10.65,5,Android
4388,1441,2025-11-16 14:19:00,2025-11-16 14:29:25.128498,10.42,5,Android
4389,1441,2025-11-05 12:15:00,2025-11-05 12:28:15.329429,13.26,6,Android
4390,1442,2024-12-12 07:19:00,2024-12-12 07:27:41.935860,8.7,4,Android
4391,1443,2024-05-21 02:57:00,2024-05-21 03:15:32.118082,18.54,9,iOS
4392,1443,2024-04-17 15:14:00,2024-04-17 15:30:20.922142,16.35,8,iOS
4393,1443,2024-05-26 20:22:00,2024-05-26 20:25:17.374181,3.29,1,iOS
4394,1443,2024-06-10 18:30:00,2024-06-10 18:33:14.315317,3.24,1,iOS
4395,1443,2024-04-28 12:46:00,2024-04-28 12:55:27.706503,9.46,4,iOS
4396,1444,2025-04-06 07:05:00,2025-04-06 07:19:01.628480,14.03,7,iOS
4397,1444,2025-05-12 23:56:00,2025-05-13 00:01:43.221966,5.72,2,iOS
4398,1444,2025-03-21 08:12:00,2025-03-21 08:22:48.884694,10.81,5,iOS
4399,1445,2025-06-23 07:00:00,2025-06-23 07:08:04.488040,8.07,4,Android
4400,1445,2025-06-22 12:45:00,2025-06-22 13:21:10.420497,36.17,18,Android
4401,1446,2025-07-26 09:49:00,2025-07-26 10:19:31.716323,30.53,15,Web
4402,1446,2025-05-11 16:29:00,2025-05-11 16:59:27.390999,30.46,15,Web
4403,1446,2025-05-09 15:53:00,2025-05-09 16:04:36.113531,11.6,5,Web
4404,1447,2025-10-03 15:08:00,2025-10-03 15:19:10.862128,11.18,5,iOS
4405,1447,2025-10-08 05:45:00,2025-10-08 05:57:52.398230,12.87,6,iOS
4406,1448,2026-01-05 09:03:00,2026-01-05 09:05:21.023017,2.35,1,Android
4407,1448,2025-11-20 03:51:00,2025-11-20 04:00:26.944909,9.45,4,Android
4408,1448,2026-01-18 00:56:00,2026-01-18 01:13:45.183937,17.75,8,Android
4409,1448,2026-01-27 07:36:00,2026-01-27 07:41:10.380047,5.17,2,Android
4410,1449,2025-08-23 13:11:00,2025-08-23 13:29:36.497617,18.61,9,Web
4411,1450,2024-10-02 00:21:00,2024-10-02 00:25:03.941007,4.07,2,Android
4412,1450,2024-12-21 05:10:00,2024-12-21 05:15:17.783141,5.3,2,Android
4413,1451,2025-11-17 09:27:00,2025-11-17 09:34:43.788365,7.73,3,Android
4414,1451,2025-09-04 01:41:00,2025-09-04 01:55:11.746256,14.2,7,Android
4415,1451,2025-11-03 02:05:00,2025-11-03 02:15:12.028720,10.2,5,Android
4416,1451,2025-10-28 05:35:00,2025-10-28 05:44:49.300148,9.82,4,Android
4417,1451,2025-11-13 18:38:00,2025-11-13 18:43:12.455185,5.21,2,Android
4418,1451,2025-12-09 13:18:00,2025-12-09 13:26:57.455715,8.96,4,Android
4419,1452,2024-07-23 15:27:00,2024-07-23 15:35:16.719402,8.28,4,Android
4420,1452,2024-06-14 03:53:00,2024-06-14 04:03:17.768935,10.3,5,Android
4421,1453,2025-03-17 10:12:00,2025-03-17 10:26:08.372311,14.14,7,iOS
4422,1453,2025-04-17 04:18:00,2025-04-17 04:34:51.675686,16.86,8,iOS
4423,1453,2025-03-07 21:50:00,2025-03-07 22:02:53.089490,12.88,6,iOS
4424,1454,2024-09-26 11:35:00,2024-09-26 11:37:22.419742,2.37,1,iOS
4425,1454,2024-10-16 01:06:00,2024-10-16 01:17:38.192415,11.64,5,iOS
4426,1454,2024-09-29 03:17:00,2024-09-29 03:28:39.446227,11.66,5,iOS
4427,1454,2024-11-02 08:01:00,2024-11-02 08:14:45.025767,13.75,6,iOS
4428,1454,2024-12-29 07:17:00,2024-12-29 07:33:19.321230,16.32,8,iOS
4429,1455,2025-12-26 17:20:00,2025-12-26 17:32:05.089593,12.08,6,iOS
4430,1455,2026-01-30 00:27:00,2026-01-30 00:38:49.893906,11.83,5,iOS
4431,1455,2025-12-17 10:21:00,2025-12-17 10:36:51.183354,15.85,7,iOS
4432,1455,2026-02-09 05:03:00,2026-02-09 05:09:57.421067,6.96,3,iOS
4433,1455,2025-12-30 01:17:00,2025-12-30 01:28:07.305526,11.12,5,iOS
4434,1455,2025-12-06 13:12:00,2025-12-06 13:26:42.780553,14.71,7,iOS
4435,1455,2026-02-19 20:17:00,2026-02-19 20:27:26.000306,10.43,5,iOS
4436,1455,2026-01-25 19:59:00,2026-01-25 20:09:14.624483,10.24,5,iOS
4437,1456,2025-12-27 07:06:00,2025-12-27 07:25:19.777807,19.33,9,Android
4438,1456,2025-09-16 07:37:00,2025-09-16 07:40:17.407830,3.29,1,Android
4439,1457,2024-07-18 01:55:00,2024-07-18 01:57:55.993235,2.93,1,Android
4440,1457,2024-10-14 22:09:00,2024-10-14 22:15:51.703702,6.86,3,Android
4441,1457,2024-09-13 10:19:00,2024-09-13 10:30:25.883869,11.43,5,Android
4442,1458,2024-08-17 09:01:00,2024-08-17 09:17:58.003108,16.97,8,Web
4443,1458,2024-08-04 15:52:00,2024-08-04 16:34:47.526632,42.79,21,Web
4444,1458,2024-08-12 10:55:00,2024-08-12 11:07:02.086256,12.03,6,Web
4445,1459,2024-09-23 23:26:00,2024-09-23 23:52:17.635634,26.29,13,Android
4446,1460,2025-12-17 14:46:00,2025-12-17 15:02:28.019747,16.47,8,Web
4447,1460,2026-02-12 04:44:00,2026-02-12 04:54:35.111410,10.59,5,Web
4448,1460,2026-02-08 09:57:00,2026-02-08 10:16:01.494520,19.02,9,Web
4449,1460,2026-03-10 09:24:00,2026-03-10 09:34:17.248330,10.29,5,Web
4450,1461,2024-07-26 22:18:00,2024-07-26 22:28:09.522516,10.16,5,Android
4451,1461,2024-07-19 04:34:00,2024-07-19 04:43:19.031919,9.32,4,Android
4452,1461,2024-10-17 19:23:00,2024-10-17 19:26:34.841173,3.58,1,Android
4453,1461,2024-07-26 03:58:00,2024-07-26 04:03:54.221119,5.9,2,Android
4454,1461,2024-08-26 09:39:00,2024-08-26 09:55:44.821081,16.75,8,Android
4455,1462,2025-08-20 22:29:00,2025-08-20 22:39:01.645366,10.03,5,Android
4456,1462,2025-05-06 16:01:00,2025-05-06 16:04:24.288032,3.4,1,Android
4457,1463,2026-03-14 15:38:00,2026-03-14 15:45:26.290072,7.44,3,iOS
4458,1463,2026-01-25 02:15:00,2026-01-25 02:32:02.056020,17.03,8,iOS
4459,1464,2024-02-22 01:21:00,2024-02-22 01:22:47.525347,1.79,0,Android
4460,1464,2024-04-06 11:50:00,2024-04-06 12:02:46.496661,12.77,6,Android
4461,1464,2024-01-27 23:54:00,2024-01-28 00:04:24.566752,10.41,5,Android
4462,1464,2024-04-06 07:23:00,2024-04-06 07:42:28.855196,19.48,9,Android
4463,1464,2024-04-18 12:32:00,2024-04-18 12:43:33.895837,11.56,5,Android
4464,1464,2024-05-03 13:56:00,2024-05-03 14:12:34.617317,16.58,8,Android
4465,1465,2025-06-15 19:18:00,2025-06-15 19:35:08.926989,17.15,8,iOS
4466,1465,2025-03-08 16:52:00,2025-03-08 17:07:31.295140,15.52,7,iOS
4467,1465,2025-02-21 14:12:00,2025-02-21 14:16:10.980398,4.18,2,iOS
4468,1465,2025-03-26 05:38:00,2025-03-26 05:50:53.711743,12.9,6,iOS
4469,1465,2025-06-08 21:05:00,2025-06-08 21:06:51.727673,1.86,0,iOS
4470,1466,2024-11-13 17:10:00,2024-11-13 17:38:56.429130,28.94,14,iOS
4471,1466,2024-12-26 06:16:00,2024-12-26 06:47:30.678109,31.51,15,iOS
4472,1466,2025-01-21 06:51:00,2025-01-21 07:23:52.590077,32.88,16,iOS
4473,1466,2025-01-23 22:04:00,2025-01-23 22:26:27.100943,22.45,11,iOS
4474,1466,2024-11-11 17:50:00,2024-11-11 18:32:29.350159,42.49,21,iOS
4475,1467,2025-08-22 02:32:00,2025-08-22 02:49:24.600704,17.41,8,Android
4476,1468,2025-01-26 12:40:00,2025-01-26 12:46:01.190234,6.02,3,Android
4477,1468,2025-01-05 11:28:00,2025-01-05 11:30:30.475297,2.51,1,Android
4478,1468,2025-01-02 07:34:00,2025-01-02 07:52:24.185370,18.4,9,Android
4479,1468,2024-12-23 22:47:00,2024-12-23 23:05:39.040921,18.65,9,Android
4480,1469,2025-02-16 13:04:00,2025-02-16 13:21:54.936599,17.92,8,Android
4481,1469,2025-03-13 16:53:00,2025-03-13 17:03:18.087022,10.3,5,Android
4482,1470,2024-10-19 11:57:00,2024-10-19 12:12:10.794489,15.18,7,Android
4483,1470,2024-11-12 13:59:00,2024-11-12 14:03:38.734794,4.65,2,Android
4484,1471,2025-07-14 01:23:00,2025-07-14 01:25:39.044610,2.65,1,Android
4485,1471,2025-06-25 05:02:00,2025-06-25 05:14:16.666887,12.28,6,Android
4486,1472,2025-05-11 00:18:00,2025-05-11 00:34:32.722679,16.55,8,iOS
4487,1472,2025-04-20 21:36:00,2025-04-20 21:40:31.308995,4.52,2,iOS
4488,1472,2025-06-24 05:12:00,2025-06-24 05:27:30.209506,15.5,7,iOS
4489,1472,2025-07-12 23:50:00,2025-07-13 00:01:24.719314,11.41,5,iOS
4490,1473,2025-02-21 02:25:00,2025-02-21 02:33:22.393967,8.37,4,Web
4491,1473,2025-03-01 22:12:00,2025-03-01 22:45:30.591762,33.51,16,Web
4492,1473,2025-03-06 04:54:00,2025-03-06 05:04:55.995483,10.93,5,Web
4493,1473,2025-05-27 13:45:00,2025-05-27 14:04:10.029140,19.17,9,Web
4494,1473,2025-02-12 02:03:00,2025-02-12 02:41:22.073373,38.37,19,Web
4495,1474,2024-05-31 09:03:00,2024-05-31 09:12:34.834312,9.58,4,Android
4496,1474,2024-04-11 18:40:00,2024-04-11 18:57:36.895349,17.61,8,Android
4497,1474,2024-07-09 07:11:00,2024-07-09 07:24:00.435050,13.01,6,Android
4498,1474,2024-03-13 23:57:00,2024-03-13 23:59:07.626299,2.13,1,Android
4499,1474,2024-05-05 03:56:00,2024-05-05 04:02:09.485272,6.16,3,Android
4500,1475,2026-02-15 15:42:00,2026-02-15 15:53:14.835709,11.25,5,iOS
4501,1475,2025-11-17 02:15:00,2025-11-17 02:16:48.503492,1.81,0,iOS
4502,1475,2025-11-13 23:46:00,2025-11-13 23:56:05.707883,10.1,5,iOS
4503,1476,2024-04-20 03:00:00,2024-04-20 03:08:05.296456,8.09,4,Web
4504,1476,2024-08-01 09:34:00,2024-08-01 09:43:41.288467,9.69,4,Web
4505,1476,2024-07-01 05:30:00,2024-07-01 05:43:18.143915,13.3,6,Web
4506,1476,2024-06-30 19:27:00,2024-06-30 19:33:23.450526,6.39,3,Web
4507,1477,2025-06-12 02:46:00,2025-06-12 02:49:44.455278,3.74,1,Android
4508,1477,2025-07-10 09:27:00,2025-07-10 09:32:40.740234,5.68,2,Android
4509,1478,2024-05-17 17:59:00,2024-05-17 18:18:24.105174,19.4,9,Android
4510,1478,2024-05-16 23:57:00,2024-05-17 00:22:37.390665,25.62,12,Android
4511,1478,2024-06-17 08:25:00,2024-06-17 09:09:50.697693,44.84,22,Android
4512,1478,2024-06-10 16:41:00,2024-06-10 16:55:21.033538,14.35,7,Android
4513,1479,2025-08-08 22:24:00,2025-08-08 22:56:18.951236,32.32,16,iOS
4514,1479,2025-10-22 06:48:00,2025-10-22 07:01:12.404987,13.21,6,iOS
4515,1480,2024-05-12 22:33:00,2024-05-12 22:51:08.451774,18.14,9,iOS
4516,1480,2024-05-02 02:23:00,2024-05-02 02:40:07.285311,17.12,8,iOS
4517,1481,2025-04-06 09:26:00,2025-04-06 09:43:21.868728,17.36,8,Android
4518,1481,2025-04-23 18:22:00,2025-04-23 18:29:23.254218,7.39,3,Android
4519,1481,2025-04-16 07:51:00,2025-04-16 08:04:53.591670,13.89,6,Android
4520,1481,2025-01-02 04:45:00,2025-01-02 04:58:19.752472,13.33,6,Android
4521,1481,2025-02-18 22:03:00,2025-02-18 22:04:46.496601,1.77,0,Android
4522,1482,2025-09-25 19:18:00,2025-09-25 19:33:04.835222,15.08,7,Android
4523,1482,2025-10-22 05:00:00,2025-10-22 05:11:20.698254,11.34,5,Android
4524,1482,2025-09-16 16:12:00,2025-09-16 16:14:49.386158,2.82,1,Android
4525,1483,2025-04-06 03:41:00,2025-04-06 03:58:15.319188,17.26,8,Android
4526,1483,2025-04-14 17:20:00,2025-04-14 17:23:20.059552,3.33,1,Android
4527,1483,2025-05-08 18:35:00,2025-05-08 18:39:25.752904,4.43,2,Android
4528,1484,2025-12-02 06:32:00,2025-12-02 06:47:39.563934,15.66,7,Android
4529,1484,2025-12-10 00:22:00,2025-12-10 00:27:57.320194,5.96,2,Android
4530,1484,2025-12-18 13:34:00,2025-12-18 13:50:41.313349,16.69,8,Android
4531,1484,2026-02-26 15:39:00,2026-02-26 15:49:32.204936,10.54,5,Android
4532,1485,2025-04-02 11:10:00,2025-04-02 11:18:46.422084,8.77,4,iOS
4533,1485,2025-03-02 20:59:00,2025-03-02 21:05:06.449506,6.11,3,iOS
4534,1486,2025-02-01 22:48:00,2025-02-01 22:51:32.002170,3.53,1,iOS
4535,1486,2025-02-28 17:34:00,2025-02-28 17:48:49.298172,14.82,7,iOS
4536,1486,2025-04-29 07:38:00,2025-04-29 07:54:30.502081,16.51,8,iOS
4537,1486,2025-04-22 13:47:00,2025-04-22 14:01:05.750061,14.1,7,iOS
4538,1487,2024-03-31 08:03:00,2024-03-31 08:34:25.871130,31.43,15,Android
4539,1488,2024-05-24 11:07:00,2024-05-24 11:44:28.773881,37.48,18,Web
4540,1488,2024-03-24 20:46:00,2024-03-24 21:28:40.716627,42.68,21,Web
4541,1488,2024-03-26 02:48:00,2024-03-26 03:22:17.295463,34.29,17,Web
4542,1488,2024-06-19 20:23:00,2024-06-19 20:39:40.807226,16.68,8,Web
4543,1488,2024-05-30 10:29:00,2024-05-30 10:50:19.072243,21.32,10,Web
4544,1488,2024-05-25 18:53:00,2024-05-25 19:29:47.456758,36.79,18,Web
4545,1489,2025-05-29 06:40:00,2025-05-29 06:47:32.359530,7.54,3,Web
4546,1489,2025-07-28 18:02:00,2025-07-28 18:09:30.858060,7.51,3,Web
4547,1489,2025-07-29 17:46:00,2025-07-29 17:58:25.084179,12.42,6,Web
4548,1489,2025-09-06 18:58:00,2025-09-06 19:10:24.094272,12.4,6,Web
4549,1490,2024-09-20 19:27:00,2024-09-20 19:34:39.404278,7.66,3,Android
4550,1490,2024-09-21 00:00:00,2024-09-21 00:15:15.404846,15.26,7,Android
4551,1490,2024-10-20 02:32:00,2024-10-20 02:45:08.995463,13.15,6,Android
4552,1491,2026-02-09 20:24:00,2026-02-09 20:39:35.427223,15.59,7,Web
4553,1492,2025-10-23 18:05:00,2025-10-23 18:42:36.481329,37.61,18,Web
4554,1492,2025-10-09 20:42:00,2025-10-09 21:08:43.248255,26.72,13,Web
4555,1492,2026-01-10 19:51:00,2026-01-10 20:20:08.973903,29.15,14,Web
4556,1493,2025-07-20 19:31:00,2025-07-20 19:48:19.379547,17.32,8,Web
4557,1493,2025-05-17 12:53:00,2025-05-17 13:10:32.044256,17.53,8,Web
4558,1493,2025-08-04 23:32:00,2025-08-04 23:39:14.785346,7.25,3,Web
4559,1493,2025-06-26 19:15:00,2025-06-26 19:20:50.788134,5.85,2,Web
4560,1493,2025-06-27 17:07:00,2025-06-27 17:20:03.414358,13.06,6,Web
4561,1494,2026-01-19 16:40:00,2026-01-19 16:53:24.396846,13.41,6,iOS
4562,1494,2025-11-29 05:11:00,2025-11-29 05:25:48.027578,14.8,7,iOS
4563,1495,2025-06-09 21:54:00,2025-06-09 22:11:11.825028,17.2,8,Android
4564,1495,2025-05-20 06:44:00,2025-05-20 07:26:54.335961,42.91,21,Android
4565,1495,2025-06-14 01:13:00,2025-06-14 01:50:31.801546,37.53,18,Android
4566,1495,2025-04-18 02:51:00,2025-04-18 03:23:46.226091,32.77,16,Android
4567,1495,2025-07-05 22:11:00,2025-07-05 22:51:56.486660,40.94,20,Android
4568,1495,2025-05-31 22:17:00,2025-05-31 22:45:12.360803,28.21,14,Android
4569,1496,2025-09-30 01:40:00,2025-09-30 01:59:29.774210,19.5,9,Android
4570,1497,2024-10-26 10:17:00,2024-10-26 10:29:23.486276,12.39,6,iOS
4571,1497,2024-08-06 03:19:00,2024-08-06 03:34:00.231100,15.0,7,iOS
4572,1498,2024-04-10 13:43:00,2024-04-10 14:16:27.826918,33.46,16,iOS
4573,1498,2024-02-06 19:47:00,2024-02-06 19:59:12.401127,12.21,6,iOS
4574,1498,2024-05-06 19:55:00,2024-05-06 20:06:15.014854,11.25,5,iOS
4575,1499,2025-10-01 22:26:00,2025-10-01 22:27:21.500466,1.36,0,Android
4576,1499,2025-11-20 06:18:00,2025-11-20 06:33:00.699298,15.01,7,Android
4577,1499,2025-08-18 08:43:00,2025-08-18 08:57:50.237307,14.84,7,Android
4578,1499,2025-10-07 08:50:00,2025-10-07 08:57:04.123152,7.07,3,Android
4579,1499,2025-10-15 22:16:00,2025-10-15 22:35:21.639765,19.36,9,Android
4580,1499,2025-10-24 03:52:00,2025-10-24 03:57:58.640329,5.98,2,Android
4581,1500,2024-03-06 15:19:00,2024-03-06 15:38:58.789596,19.98,9,Web
4582,1500,2024-04-14 07:55:00,2024-04-14 08:09:05.231874,14.09,7,Web
4583,1500,2024-05-14 23:15:00,2024-05-14 23:34:44.343716,19.74,9,Web
4584,1501,2024-11-19 00:08:00,2024-11-19 00:24:17.515411,16.29,8,Android
4585,1501,2024-10-05 17:46:00,2024-10-05 18:03:19.409494,17.32,8,Android
4586,1501,2024-09-19 13:22:00,2024-09-19 13:28:53.843112,6.9,3,Android
4587,1501,2024-09-30 12:11:00,2024-09-30 12:26:44.022755,15.73,7,Android
4588,1502,2025-09-02 02:52:00,2025-09-02 03:02:26.469975,10.44,5,Web
4589,1503,2024-10-14 14:58:00,2024-10-14 15:06:32.188412,8.54,4,iOS
4590,1503,2024-10-11 14:28:00,2024-10-11 14:39:42.055704,11.7,5,iOS
4591,1504,2025-05-21 07:25:00,2025-05-21 07:41:15.680045,16.26,8,Android
4592,1504,2025-06-16 00:32:00,2025-06-16 00:47:09.194062,15.15,7,Android
4593,1504,2025-06-15 00:00:00,2025-06-15 00:13:31.368703,13.52,6,Android
4594,1504,2025-07-09 00:46:00,2025-07-09 01:00:48.823804,14.81,7,Android
4595,1504,2025-08-03 13:25:00,2025-08-03 13:42:52.825032,17.88,8,Android
4596,1504,2025-07-30 09:09:00,2025-07-30 09:27:12.606435,18.21,9,Android
4597,1505,2024-05-22 13:40:00,2024-05-22 13:59:10.696997,19.18,9,iOS
4598,1505,2024-03-02 23:59:00,2024-03-03 00:09:19.223748,10.32,5,iOS
4599,1506,2024-12-31 00:46:00,2024-12-31 01:00:22.999639,14.38,7,Android
4600,1507,2024-12-02 01:00:00,2024-12-02 01:05:45.429292,5.76,2,Android
4601,1507,2024-10-25 08:29:00,2024-10-25 08:43:28.193323,14.47,7,Android
4602,1507,2024-10-27 22:41:00,2024-10-27 22:58:57.469949,17.96,8,Android
4603,1507,2024-12-25 04:50:00,2024-12-25 04:53:18.208530,3.3,1,Android
4604,1507,2025-01-02 08:07:00,2025-01-02 08:19:16.343935,12.27,6,Android
4605,1508,2024-05-24 05:23:00,2024-05-24 05:40:50.393526,17.84,8,Android
4606,1508,2024-06-16 05:44:00,2024-06-16 05:46:56.887198,2.95,1,Android
4607,1508,2024-06-20 18:11:00,2024-06-20 18:27:49.631267,16.83,8,Android
4608,1508,2024-06-08 14:33:00,2024-06-08 14:38:29.296626,5.49,2,Android
4609,1508,2024-05-20 09:12:00,2024-05-20 09:29:37.067079,17.62,8,Android
4610,1508,2024-06-25 11:21:00,2024-06-25 11:25:16.576998,4.28,2,Android
4611,1508,2024-08-28 15:55:00,2024-08-28 15:56:31.874514,1.53,0,Android
4612,1508,2024-05-27 20:57:00,2024-05-27 21:06:50.955805,9.85,4,Android
4613,1509,2025-03-18 15:06:00,2025-03-18 15:21:47.432008,15.79,7,Android
4614,1509,2025-01-20 00:38:00,2025-01-20 00:39:25.754785,1.43,0,Android
4615,1509,2024-11-28 08:09:00,2024-11-28 08:22:59.310939,13.99,6,Android
4616,1509,2025-02-05 09:14:00,2025-02-05 09:20:08.440292,6.14,3,Android
4617,1510,2025-07-28 00:05:00,2025-07-28 00:11:18.367248,6.31,3,Android
4618,1510,2025-05-16 12:10:00,2025-05-16 12:28:27.775533,18.46,9,Android
4619,1510,2025-05-29 16:29:00,2025-05-29 16:31:32.104990,2.54,1,Android
4620,1510,2025-07-01 07:17:00,2025-07-01 07:36:14.033845,19.23,9,Android
4621,1510,2025-05-02 08:26:00,2025-05-02 08:43:45.780900,17.76,8,Android
4622,1510,2025-07-30 05:57:00,2025-07-30 06:05:01.064977,8.02,4,Android
4623,1510,2025-05-09 02:34:00,2025-05-09 02:42:37.129843,8.62,4,Android
4624,1511,2024-12-15 04:30:00,2024-12-15 04:38:37.292386,8.62,4,Android
4625,1511,2024-09-30 11:02:00,2024-09-30 11:03:37.447261,1.62,0,Android
4626,1512,2024-12-31 14:59:00,2024-12-31 15:10:55.243796,11.92,5,iOS
4627,1512,2025-01-08 22:19:00,2025-01-08 22:21:48.787774,2.81,1,iOS
4628,1513,2025-02-17 22:15:00,2025-02-17 22:17:59.756533,3.0,1,Android
4629,1513,2024-12-28 00:54:00,2024-12-28 01:12:46.193469,18.77,9,Android
4630,1514,2025-09-05 20:57:00,2025-09-05 21:15:04.132880,18.07,9,iOS
4631,1514,2025-11-21 11:52:00,2025-11-21 12:09:15.613408,17.26,8,iOS
4632,1514,2025-11-08 02:46:00,2025-11-08 02:54:50.523240,8.84,4,iOS
4633,1514,2025-08-28 20:25:00,2025-08-28 20:44:44.275577,19.74,9,iOS
4634,1515,2025-04-18 11:11:00,2025-04-18 11:12:54.605812,1.91,0,Android
4635,1515,2025-04-10 05:44:00,2025-04-10 06:00:16.851864,16.28,8,Android
4636,1515,2025-02-17 14:20:00,2025-02-17 14:34:16.057017,14.27,7,Android
4637,1515,2025-03-31 02:48:00,2025-03-31 02:51:18.044933,3.3,1,Android
4638,1515,2025-03-28 09:05:00,2025-03-28 09:19:56.736591,14.95,7,Android
4639,1516,2026-02-19 15:16:00,2026-02-19 15:27:26.384575,11.44,5,iOS
4640,1516,2026-01-21 12:51:00,2026-01-21 13:03:15.636747,12.26,6,iOS
4641,1517,2024-09-23 13:55:00,2024-09-23 14:13:32.754861,18.55,9,iOS
4642,1517,2024-09-05 01:04:00,2024-09-05 01:13:47.507617,9.79,4,iOS
4643,1517,2024-10-21 14:32:00,2024-10-21 14:43:00.444676,11.01,5,iOS
4644,1517,2024-11-08 17:15:00,2024-11-08 17:28:04.115660,13.07,6,iOS
4645,1518,2025-05-13 01:31:00,2025-05-13 01:50:29.556276,19.49,9,Web
4646,1518,2025-02-26 17:35:00,2025-02-26 17:36:27.642084,1.46,0,Web
4647,1518,2025-02-14 05:29:00,2025-02-14 05:36:49.137665,7.82,3,Web
4648,1518,2025-02-28 23:47:00,2025-02-28 23:56:38.860153,9.65,4,Web
4649,1518,2025-03-24 22:24:00,2025-03-24 22:37:54.853898,13.91,6,Web
4650,1519,2025-11-10 00:07:00,2025-11-10 00:22:31.696143,15.53,7,Web
4651,1519,2025-12-03 09:39:00,2025-12-03 09:54:17.093625,15.28,7,Web
4652,1520,2024-11-14 02:26:00,2024-11-14 03:08:11.946111,42.2,21,iOS
4653,1521,2024-06-17 10:18:00,2024-06-17 10:30:26.327756,12.44,6,iOS
4654,1521,2024-06-27 07:00:00,2024-06-27 07:07:21.804131,7.36,3,iOS
4655,1521,2024-08-18 11:46:00,2024-08-18 11:53:24.221914,7.4,3,iOS
4656,1521,2024-07-16 05:33:00,2024-07-16 05:51:27.363638,18.46,9,iOS
4657,1521,2024-05-19 01:58:00,2024-05-19 02:08:08.015035,10.13,5,iOS
4658,1521,2024-08-07 05:31:00,2024-08-07 05:41:16.532083,10.28,5,iOS
4659,1522,2025-03-01 08:27:00,2025-03-01 08:33:41.270617,6.69,3,Android
4660,1523,2024-06-18 05:01:00,2024-06-18 05:04:58.527076,3.98,1,Android
4661,1523,2024-04-15 19:41:00,2024-04-15 19:42:10.042423,1.17,0,Android
4662,1524,2024-10-01 01:33:00,2024-10-01 01:51:19.043308,18.32,9,Android
4663,1524,2024-08-17 21:23:00,2024-08-17 21:34:06.555477,11.11,5,Android
4664,1524,2024-08-30 10:26:00,2024-08-30 10:39:36.178769,13.6,6,Android
4665,1524,2024-11-01 02:22:00,2024-11-01 02:27:09.021862,5.15,2,Android
4666,1525,2024-06-02 09:32:00,2024-06-02 09:37:50.304998,5.84,2,Android
4667,1525,2024-07-07 05:45:00,2024-07-07 05:50:11.746643,5.2,2,Android
4668,1526,2025-04-02 21:04:00,2025-04-02 21:15:48.412744,11.81,5,Web
4669,1526,2025-05-21 18:55:00,2025-05-21 19:12:35.453125,17.59,8,Web
4670,1527,2026-03-26 08:55:00,2026-03-26 08:56:07.388880,1.12,0,Android
4671,1527,2026-03-22 22:26:00,2026-03-22 22:27:44.222751,1.74,0,Android
4672,1527,2025-12-03 06:30:00,2025-12-03 06:47:59.353323,17.99,8,Android
4673,1528,2025-04-23 22:58:00,2025-04-23 23:10:36.918229,12.62,6,Android
4674,1528,2025-04-15 03:58:00,2025-04-15 04:13:55.261482,15.92,7,Android
4675,1529,2024-07-12 16:36:00,2024-07-12 16:47:26.841790,11.45,5,Web
4676,1529,2024-04-28 20:08:00,2024-04-28 20:19:19.932891,11.33,5,Web
4677,1529,2024-04-05 07:44:00,2024-04-05 07:55:49.144615,11.82,5,Web
4678,1530,2025-10-09 20:34:00,2025-10-09 20:35:31.712358,1.53,0,Android
4679,1530,2025-11-07 22:22:00,2025-11-07 22:25:03.849655,3.06,1,Android
4680,1530,2025-09-07 05:53:00,2025-09-07 05:59:03.738806,6.06,3,Android
4681,1530,2025-08-12 20:00:00,2025-08-12 20:08:00.989934,8.02,4,Android
4682,1531,2025-03-21 21:43:00,2025-03-21 21:55:18.236326,12.3,6,iOS
4683,1531,2025-04-24 04:48:00,2025-04-24 04:53:40.875732,5.68,2,iOS
4684,1531,2025-04-22 10:36:00,2025-04-22 10:37:12.987938,1.22,0,iOS
4685,1531,2025-06-03 03:15:00,2025-06-03 03:20:22.185363,5.37,2,iOS
4686,1532,2025-10-20 14:48:00,2025-10-20 14:57:42.364877,9.71,4,Web
4687,1532,2025-09-30 20:48:00,2025-09-30 20:57:01.279293,9.02,4,Web
4688,1532,2025-11-30 05:37:00,2025-11-30 05:38:01.568462,1.03,0,Web
4689,1532,2025-11-09 10:09:00,2025-11-09 10:19:30.405670,10.51,5,Web
4690,1532,2025-11-02 07:05:00,2025-11-02 07:14:21.724500,9.36,4,Web
4691,1533,2024-04-18 05:56:00,2024-04-18 06:15:14.102616,19.24,9,iOS
4692,1533,2024-04-25 17:30:00,2024-04-25 17:42:40.614127,12.68,6,iOS
4693,1533,2024-06-23 15:35:00,2024-06-23 15:37:55.529068,2.93,1,iOS
4694,1533,2024-03-12 09:45:00,2024-03-12 09:53:28.391108,8.47,4,iOS
4695,1533,2024-05-09 13:44:00,2024-05-09 13:59:22.088033,15.37,7,iOS
4696,1533,2024-04-13 06:09:00,2024-04-13 06:25:09.419265,16.16,8,iOS
4697,1534,2025-06-10 04:47:00,2025-06-10 04:52:26.460383,5.44,2,Android
4698,1534,2025-07-06 00:13:00,2025-07-06 00:21:24.122589,8.4,4,Android
4699,1534,2025-08-16 16:36:00,2025-08-16 16:52:24.102772,16.4,8,Android
4700,1535,2024-08-12 13:26:00,2024-08-12 13:34:47.466630,8.79,4,Android
4701,1535,2024-07-02 18:18:00,2024-07-02 18:33:04.358419,15.07,7,Android
4702,1535,2024-06-20 17:01:00,2024-06-20 17:06:35.558058,5.59,2,Android
4703,1536,2025-01-15 17:22:00,2025-01-15 18:05:09.855209,43.16,21,Android
4704,1536,2025-02-19 22:26:00,2025-02-19 22:55:51.243079,29.85,14,Android
4705,1536,2024-12-05 04:36:00,2024-12-05 04:49:34.284974,13.57,6,Android
4706,1537,2024-12-23 22:18:00,2024-12-23 22:47:24.659087,29.41,14,iOS
4707,1537,2025-03-09 18:50:00,2025-03-09 19:27:15.423028,37.26,18,iOS
4708,1538,2024-08-24 15:26:00,2024-08-24 15:42:47.438427,16.79,8,Android
4709,1538,2024-08-01 23:12:00,2024-08-01 23:31:52.607741,19.88,9,Android
4710,1539,2025-07-29 13:54:00,2025-07-29 14:05:36.609325,11.61,5,Android
4711,1539,2025-09-22 07:32:00,2025-09-22 07:44:41.703617,12.7,6,Android
4712,1539,2025-09-11 21:11:00,2025-09-11 21:22:37.402012,11.62,5,Android
4713,1540,2024-07-02 09:57:00,2024-07-02 10:13:40.826996,16.68,8,Android
4714,1541,2025-08-20 22:24:00,2025-08-20 22:39:20.713430,15.35,7,iOS
4715,1541,2025-07-30 04:04:00,2025-07-30 04:10:50.834617,6.85,3,iOS
4716,1541,2025-06-19 15:24:00,2025-06-19 15:31:38.193860,7.64,3,iOS
4717,1542,2025-12-17 01:59:00,2025-12-17 02:07:40.187240,8.67,4,Web
4718,1542,2025-11-24 22:26:00,2025-11-24 22:33:25.364632,7.42,3,Web
4719,1543,2025-04-19 03:40:00,2025-04-19 03:48:37.129178,8.62,4,Android
4720,1543,2025-01-05 14:25:00,2025-01-05 14:26:20.344389,1.34,0,Android
4721,1543,2025-03-25 21:42:00,2025-03-25 21:50:48.954419,8.82,4,Android
4722,1543,2025-02-06 08:01:00,2025-02-06 08:18:18.026113,17.3,8,Android
4723,1544,2024-04-02 05:16:00,2024-04-02 05:32:44.854672,16.75,8,Android
4724,1544,2024-03-07 11:26:00,2024-03-07 11:44:27.750981,18.46,9,Android
4725,1544,2024-03-13 12:06:00,2024-03-13 12:36:44.747136,30.75,15,Android
4726,1544,2024-03-08 01:52:00,2024-03-08 02:34:51.285864,42.85,21,Android
4727,1544,2024-05-19 09:42:00,2024-05-19 10:15:23.642658,33.39,16,Android
4728,1544,2024-05-29 16:33:00,2024-05-29 16:54:56.060735,21.93,10,Android
4729,1544,2024-06-10 00:18:00,2024-06-10 01:02:50.017041,44.83,22,Android
4730,1544,2024-04-15 04:39:00,2024-04-15 05:23:24.949593,44.42,22,Android
4731,1545,2024-06-04 14:55:00,2024-06-04 15:07:23.471768,12.39,6,Web
4732,1545,2024-05-23 00:58:00,2024-05-23 01:05:32.985247,7.55,3,Web
4733,1545,2024-02-22 19:27:00,2024-02-22 19:41:50.832480,14.85,7,Web
4734,1545,2024-05-04 20:32:00,2024-05-04 20:50:46.268920,18.77,9,Web
4735,1546,2024-03-11 11:40:00,2024-03-11 11:57:25.283939,17.42,8,iOS
4736,1546,2024-03-04 14:07:00,2024-03-04 14:16:13.512759,9.23,4,iOS
4737,1546,2024-03-26 23:57:00,2024-03-27 00:06:54.722619,9.91,4,iOS
4738,1546,2024-03-05 04:42:00,2024-03-05 04:56:28.520854,14.48,7,iOS
4739,1547,2025-11-07 00:39:00,2025-11-07 00:54:00.649033,15.01,7,Android
4740,1547,2026-02-08 17:21:00,2026-02-08 17:34:36.424644,13.61,6,Android
4741,1547,2026-02-21 15:47:00,2026-02-21 16:06:12.448038,19.21,9,Android
4742,1547,2025-11-13 00:10:00,2025-11-13 00:26:14.539124,16.24,8,Android
4743,1548,2025-12-26 19:13:00,2025-12-26 19:40:15.630465,27.26,13,Android
4744,1548,2026-01-20 04:14:00,2026-01-20 04:30:10.475257,16.17,8,Android
4745,1549,2024-10-31 20:05:00,2024-10-31 20:10:33.939721,5.57,2,Android
4746,1549,2024-12-04 03:50:00,2024-12-04 04:06:00.851467,16.01,8,Android
4747,1549,2024-10-13 05:17:00,2024-10-13 05:24:12.508644,7.21,3,Android
4748,1549,2024-10-06 11:22:00,2024-10-06 11:28:13.623431,6.23,3,Android
4749,1550,2024-10-21 14:07:00,2024-10-21 14:17:16.846051,10.28,5,Android
4750,1551,2025-12-27 14:37:00,2025-12-27 15:03:24.604605,26.41,13,iOS
4751,1551,2025-11-27 23:16:00,2025-11-27 23:52:01.260035,36.02,18,iOS
4752,1551,2026-01-18 04:01:00,2026-01-18 04:31:44.789311,30.75,15,iOS
4753,1551,2025-12-07 08:32:00,2025-12-07 09:07:14.336120,35.24,17,iOS
4754,1551,2025-12-22 23:13:00,2025-12-22 23:21:30.784172,8.51,4,iOS
4755,1551,2026-01-23 13:07:00,2026-01-23 13:33:09.704553,26.16,13,iOS
4756,1552,2024-11-15 02:22:00,2024-11-15 02:25:01.352709,3.02,1,Android
4757,1552,2024-08-26 13:54:00,2024-08-26 14:08:54.047001,14.9,7,Android
4758,1553,2024-05-12 04:07:00,2024-05-12 04:21:58.750310,14.98,7,iOS
4759,1553,2024-05-17 18:17:00,2024-05-17 18:28:31.264883,11.52,5,iOS
4760,1553,2024-02-21 00:03:00,2024-02-21 00:08:31.330760,5.52,2,iOS
4761,1553,2024-04-09 16:52:00,2024-04-09 16:54:25.786323,2.43,1,iOS
4762,1554,2024-01-12 09:21:00,2024-01-12 09:39:51.843031,18.86,9,iOS
4763,1554,2024-02-05 18:32:00,2024-02-05 18:56:08.191630,24.14,12,iOS
4764,1554,2024-02-04 12:56:00,2024-02-04 13:23:18.105880,27.3,13,iOS
4765,1555,2025-09-22 04:19:00,2025-09-22 04:22:18.801934,3.31,1,Android
4766,1555,2025-12-25 04:23:00,2025-12-25 04:36:48.981962,13.82,6,Android
4767,1555,2025-12-27 10:33:00,2025-12-27 10:44:32.362266,11.54,5,Android
4768,1555,2025-12-05 11:19:00,2025-12-05 11:24:25.331950,5.42,2,Android
4769,1555,2025-10-20 19:58:00,2025-10-20 20:08:39.410227,10.66,5,Android
4770,1555,2025-10-25 07:39:00,2025-10-25 07:58:20.271273,19.34,9,Android
4771,1556,2025-01-15 23:14:00,2025-01-15 23:34:11.137894,20.19,10,iOS
4772,1556,2025-04-09 13:34:00,2025-04-09 13:50:56.047061,16.93,8,iOS
4773,1556,2025-03-14 18:13:00,2025-03-14 18:24:08.868342,11.15,5,iOS
4774,1556,2025-03-08 13:21:00,2025-03-08 13:37:46.401235,16.77,8,iOS
4775,1557,2026-02-25 13:55:00,2026-02-25 14:01:40.283617,6.67,3,iOS
4776,1558,2024-11-16 04:12:00,2024-11-16 04:46:15.528477,34.26,17,iOS
4777,1558,2024-09-04 19:23:00,2024-09-04 19:51:17.224172,28.29,14,iOS
4778,1558,2024-10-03 08:45:00,2024-10-03 09:17:53.065889,32.88,16,iOS
4779,1559,2024-11-09 00:23:00,2024-11-09 00:24:11.029363,1.18,0,Android
4780,1559,2025-02-13 14:42:00,2025-02-13 14:59:31.984038,17.53,8,Android
4781,1560,2025-04-01 08:48:00,2025-04-01 09:15:16.380019,27.27,13,Android
4782,1560,2025-05-12 18:39:00,2025-05-12 19:02:14.800670,23.25,11,Android
4783,1561,2024-09-26 10:14:00,2024-09-26 10:27:41.753991,13.7,6,iOS
4784,1562,2024-05-20 21:07:00,2024-05-20 21:12:26.314078,5.44,2,Android
4785,1562,2024-04-10 09:53:00,2024-04-10 10:09:48.887179,16.81,8,Android
4786,1562,2024-03-30 14:49:00,2024-03-30 14:50:45.572223,1.76,0,Android
4787,1562,2024-07-09 10:29:00,2024-07-09 10:45:22.116246,16.37,8,Android
4788,1562,2024-05-25 10:06:00,2024-05-25 10:19:49.763088,13.83,6,Android
4789,1562,2024-07-12 16:08:00,2024-07-12 16:13:06.983214,5.12,2,Android
4790,1562,2024-05-24 12:48:00,2024-05-24 12:53:57.898713,5.96,2,Android
4791,1562,2024-07-13 22:52:00,2024-07-13 23:01:20.539069,9.34,4,Android
4792,1562,2024-06-19 06:33:00,2024-06-19 06:44:32.790330,11.55,5,Android
4793,1563,2025-12-14 23:06:00,2025-12-14 23:23:01.321325,17.02,8,Android
4794,1564,2024-06-29 07:47:00,2024-06-29 07:53:13.250849,6.22,3,Web
4795,1565,2025-03-26 02:25:00,2025-03-26 02:34:52.487219,9.87,4,iOS
4796,1565,2025-03-29 18:40:00,2025-03-29 18:58:11.686535,18.19,9,iOS
4797,1565,2025-06-18 00:53:00,2025-06-18 01:05:47.749000,12.8,6,iOS
4798,1565,2025-04-22 08:23:00,2025-04-22 08:37:43.695088,14.73,7,iOS
4799,1565,2025-05-09 21:34:00,2025-05-09 21:42:27.181890,8.45,4,iOS
4800,1566,2025-01-21 18:57:00,2025-01-21 19:06:26.123682,9.44,4,iOS
4801,1566,2024-12-10 15:35:00,2024-12-10 15:52:50.230543,17.84,8,iOS
4802,1566,2024-11-26 08:22:00,2024-11-26 08:36:44.293192,14.74,7,iOS
4803,1566,2025-01-19 18:19:00,2025-01-19 18:29:52.875191,10.88,5,iOS
4804,1567,2025-03-11 21:51:00,2025-03-11 22:02:38.051884,11.63,5,Web
4805,1567,2025-03-14 00:07:00,2025-03-14 00:25:07.493076,18.12,9,Web
4806,1567,2025-02-13 19:07:00,2025-02-13 19:10:15.427547,3.26,1,Web
4807,1568,2025-05-17 04:25:00,2025-05-17 05:00:04.295139,35.07,17,Android
4808,1568,2025-07-10 00:15:00,2025-07-10 00:35:58.431532,20.97,10,Android
4809,1568,2025-07-05 14:35:00,2025-07-05 14:55:17.494493,20.29,10,Android
4810,1568,2025-05-13 14:13:00,2025-05-13 14:40:43.929944,27.73,13,Android
4811,1568,2025-05-27 03:14:00,2025-05-27 03:37:42.988618,23.72,11,Android
4812,1568,2025-08-13 07:32:00,2025-08-13 08:07:21.688542,35.36,17,Android
4813,1569,2024-01-28 00:51:00,2024-01-28 01:18:51.527122,27.86,13,iOS
4814,1570,2024-03-26 02:41:00,2024-03-26 03:01:40.161800,20.67,10,Android
4815,1571,2025-06-30 23:35:00,2025-06-30 23:52:34.969729,17.58,8,Android
4816,1571,2025-10-10 00:36:00,2025-10-10 00:47:24.627815,11.41,5,Android
4817,1571,2025-09-20 07:01:00,2025-09-20 07:13:40.996064,12.68,6,Android
4818,1571,2025-07-09 19:32:00,2025-07-09 19:46:34.583483,14.58,7,Android
4819,1572,2026-02-18 18:20:00,2026-02-18 18:39:47.581317,19.79,9,Android
4820,1572,2026-01-23 03:40:00,2026-01-23 03:54:43.609803,14.73,7,Android
4821,1572,2026-04-14 22:57:00,2026-04-14 23:02:35.473828,5.59,2,Android
4822,1572,2026-03-23 04:41:00,2026-03-23 04:58:04.581758,17.08,8,Android
4823,1573,2025-01-17 08:01:00,2025-01-17 08:02:11.594567,1.19,0,iOS
4824,1573,2024-12-10 12:45:00,2024-12-10 12:59:23.593692,14.39,7,iOS
4825,1573,2025-03-13 07:20:00,2025-03-13 07:23:10.959477,3.18,1,iOS
4826,1573,2024-12-19 18:36:00,2024-12-19 18:55:23.640420,19.39,9,iOS
4827,1573,2024-12-31 17:28:00,2024-12-31 17:29:49.697504,1.83,0,iOS
4828,1574,2025-05-09 18:17:00,2025-05-09 18:32:24.505436,15.41,7,Android
4829,1574,2025-03-24 21:11:00,2025-03-24 21:12:03.356296,1.06,0,Android
4830,1575,2024-12-30 20:42:00,2024-12-30 21:00:56.979630,18.95,9,Android
4831,1576,2025-11-27 13:34:00,2025-11-27 14:03:51.357125,29.86,14,Android
4832,1576,2025-12-09 23:32:00,2025-12-10 00:06:57.763308,34.96,17,Android
4833,1576,2026-01-12 09:06:00,2026-01-12 09:23:37.804332,17.63,8,Android
4834,1577,2024-10-20 12:18:00,2024-10-20 12:53:53.230135,35.89,17,Android
4835,1578,2025-01-19 03:07:00,2025-01-19 03:16:01.958670,9.03,4,Android
4836,1578,2024-11-05 06:42:00,2024-11-05 06:51:03.172366,9.05,4,Android
4837,1578,2024-11-24 08:38:00,2024-11-24 08:44:28.679685,6.48,3,Android
4838,1578,2024-12-04 16:38:00,2024-12-04 16:56:55.716544,18.93,9,Android
4839,1578,2024-10-12 03:24:00,2024-10-12 03:43:42.856257,19.71,9,Android
4840,1578,2024-12-26 16:31:00,2024-12-26 16:32:02.632680,1.04,0,Android
4841,1578,2024-11-14 10:39:00,2024-11-14 10:40:15.863312,1.26,0,Android
4842,1579,2024-07-05 08:56:00,2024-07-05 09:07:54.840004,11.91,5,Android
4843,1579,2024-04-18 11:19:00,2024-04-18 11:37:15.481938,18.26,9,Android
4844,1579,2024-05-28 14:54:00,2024-05-28 14:55:32.758926,1.55,0,Android
4845,1580,2025-12-31 08:40:00,2025-12-31 08:44:55.482660,4.92,2,iOS
4846,1580,2026-03-06 14:14:00,2026-03-06 14:28:33.570518,14.56,7,iOS
4847,1581,2024-07-15 16:40:00,2024-07-15 16:54:55.537850,14.93,7,Android
4848,1581,2024-08-16 13:39:00,2024-08-16 13:48:32.295632,9.54,4,Android
4849,1581,2024-07-31 12:19:00,2024-07-31 12:46:21.367986,27.36,13,Android
4850,1581,2024-07-30 14:25:00,2024-07-30 14:38:25.327508,13.42,6,Android
4851,1581,2024-06-26 10:50:00,2024-06-26 11:28:07.543721,38.13,19,Android
4852,1581,2024-10-19 07:22:00,2024-10-19 07:57:43.974078,35.73,17,Android
4853,1582,2025-01-03 21:40:00,2025-01-03 21:51:11.138089,11.19,5,iOS
4854,1582,2025-01-26 15:45:00,2025-01-26 15:57:42.913236,12.72,6,iOS
4855,1583,2025-05-24 04:43:00,2025-05-24 04:50:55.225419,7.92,3,Android
4856,1583,2025-07-10 01:40:00,2025-07-10 01:56:54.054153,16.9,8,Android
4857,1583,2025-05-25 21:00:00,2025-05-25 21:17:45.217067,17.75,8,Android
4858,1583,2025-05-21 05:55:00,2025-05-21 06:07:06.079471,12.1,6,Android
4859,1584,2025-04-15 16:05:00,2025-04-15 16:19:58.647729,14.98,7,Android
4860,1584,2025-05-02 22:00:00,2025-05-02 22:08:05.274302,8.09,4,Android
4861,1584,2025-05-31 16:48:00,2025-05-31 16:49:53.969146,1.9,0,Android
4862,1584,2025-03-30 01:50:00,2025-03-30 02:05:19.341584,15.32,7,Android
4863,1585,2024-05-05 22:09:00,2024-05-05 22:20:40.303126,11.67,5,Web
4864,1586,2025-05-28 09:31:00,2025-05-28 09:40:02.366120,9.04,4,Android
4865,1586,2025-04-28 21:44:00,2025-04-28 21:57:54.424011,13.91,6,Android
4866,1586,2025-05-28 13:05:00,2025-05-28 13:17:02.852696,12.05,6,Android
4867,1587,2025-03-20 01:29:00,2025-03-20 01:56:33.020400,27.55,13,Android
4868,1587,2025-04-10 11:48:00,2025-04-10 12:30:03.645078,42.06,21,Android
4869,1588,2025-09-03 17:41:00,2025-09-03 17:46:04.622014,5.08,2,iOS
4870,1588,2025-08-25 08:11:00,2025-08-25 08:12:04.694207,1.08,0,iOS
4871,1588,2025-11-16 22:35:00,2025-11-16 22:39:02.547321,4.04,2,iOS
4872,1588,2025-09-30 17:04:00,2025-09-30 17:08:06.746660,4.11,2,iOS
4873,1588,2025-10-29 07:41:00,2025-10-29 07:51:01.963592,10.03,5,iOS
4874,1588,2025-08-16 05:29:00,2025-08-16 05:31:02.981047,2.05,1,iOS
4875,1589,2025-03-06 07:07:00,2025-03-06 07:33:00.031443,26.0,13,iOS
4876,1590,2025-04-28 08:37:00,2025-04-28 08:55:33.814704,18.56,9,iOS
4877,1590,2025-02-12 11:00:00,2025-02-12 11:03:12.637458,3.21,1,iOS
4878,1591,2024-03-15 23:53:00,2024-03-15 23:57:26.612783,4.44,2,Android
4879,1591,2024-05-13 22:20:00,2024-05-13 22:38:38.165965,18.64,9,Android
4880,1591,2024-03-02 18:36:00,2024-03-02 18:55:22.936566,19.38,9,Android
4881,1591,2024-03-23 02:15:00,2024-03-23 02:22:26.062906,7.43,3,Android
4882,1592,2025-04-13 08:50:00,2025-04-13 08:55:10.920952,5.18,2,Android
4883,1592,2025-05-05 12:06:00,2025-05-05 12:07:49.363827,1.82,0,Android
4884,1592,2025-04-17 19:59:00,2025-04-17 20:02:01.047737,3.02,1,Android
4885,1592,2025-05-21 04:41:00,2025-05-21 04:48:30.383674,7.51,3,Android
4886,1592,2025-05-16 16:59:00,2025-05-16 17:07:03.016316,8.05,4,Android
4887,1592,2025-04-28 00:53:00,2025-04-28 01:07:39.624614,14.66,7,Android
4888,1593,2025-04-20 21:35:00,2025-04-20 21:46:47.628157,11.79,5,Android
4889,1593,2025-07-23 00:28:00,2025-07-23 00:38:30.089279,10.5,5,Android
4890,1594,2024-05-10 04:23:00,2024-05-10 04:39:51.030006,16.85,8,Android
4891,1594,2024-01-23 12:56:00,2024-01-23 13:14:37.976544,18.63,9,Android
4892,1595,2025-06-19 22:22:00,2025-06-19 22:30:53.797780,8.9,4,Android
4893,1595,2025-04-18 14:29:00,2025-04-18 14:48:14.797775,19.25,9,Android
4894,1595,2025-04-02 09:35:00,2025-04-02 09:37:42.922533,2.72,1,Android
4895,1595,2025-05-30 12:12:00,2025-05-30 12:17:19.719712,5.33,2,Android
4896,1595,2025-07-03 19:02:00,2025-07-03 19:07:18.106459,5.3,2,Android
4897,1596,2024-09-03 08:58:00,2024-09-03 09:40:20.811910,42.35,21,iOS
4898,1596,2024-08-26 03:44:00,2024-08-26 04:18:54.888410,34.91,17,iOS
4899,1596,2024-08-31 22:56:00,2024-08-31 23:21:19.936324,25.33,12,iOS
4900,1596,2024-06-19 20:59:00,2024-06-19 21:28:07.256638,29.12,14,iOS
4901,1596,2024-07-15 14:19:00,2024-07-15 14:28:04.601687,9.08,4,iOS
4902,1596,2024-08-03 09:59:00,2024-08-03 10:28:23.668498,29.39,14,iOS
4903,1597,2025-11-15 20:03:00,2025-11-15 20:21:20.950038,18.35,9,iOS
4904,1597,2025-10-29 06:20:00,2025-10-29 06:28:58.773420,8.98,4,iOS
4905,1597,2025-11-23 02:09:00,2025-11-23 02:16:22.375978,7.37,3,iOS
4906,1597,2025-11-10 04:50:00,2025-11-10 05:09:58.409348,19.97,9,iOS
4907,1597,2025-11-01 19:04:00,2025-11-01 19:09:53.761240,5.9,2,iOS
4908,1598,2025-08-03 00:41:00,2025-08-03 00:52:51.767902,11.86,5,Android
4909,1598,2025-06-26 00:12:00,2025-06-26 00:26:58.523953,14.98,7,Android
4910,1598,2025-07-12 17:15:00,2025-07-12 17:27:23.727125,12.4,6,Android
4911,1599,2024-09-08 00:38:00,2024-09-08 00:54:10.298708,16.17,8,iOS
4912,1599,2024-06-01 12:54:00,2024-06-01 12:58:15.256327,4.25,2,iOS
4913,1599,2024-06-22 04:46:00,2024-06-22 05:01:57.288819,15.95,7,iOS
4914,1600,2026-02-26 17:51:00,2026-02-26 18:01:29.926204,10.5,5,Web
4915,1601,2025-05-26 04:37:00,2025-05-26 04:54:00.910611,17.02,8,Web
4916,1601,2025-06-12 05:20:00,2025-06-12 05:25:46.126048,5.77,2,Web
4917,1602,2025-06-21 02:48:00,2025-06-21 03:02:50.582191,14.84,7,iOS
4918,1602,2025-07-26 18:30:00,2025-07-26 18:31:39.378676,1.66,0,iOS
4919,1602,2025-09-19 05:40:00,2025-09-19 05:54:58.531928,14.98,7,iOS
4920,1602,2025-07-08 15:15:00,2025-07-08 15:30:28.921693,15.48,7,iOS
4921,1603,2024-05-29 02:11:00,2024-05-29 02:29:21.976056,18.37,9,iOS
4922,1603,2024-07-09 07:38:00,2024-07-09 07:48:21.763301,10.36,5,iOS
4923,1604,2024-07-08 01:56:00,2024-07-08 01:57:10.530495,1.18,0,Android
4924,1604,2024-08-17 08:28:00,2024-08-17 08:30:04.664603,2.08,1,Android
4925,1605,2026-02-11 03:10:00,2026-02-11 03:12:14.659939,2.24,1,Android
4926,1605,2025-12-18 07:05:00,2025-12-18 07:16:40.959025,11.68,5,Android
4927,1605,2026-01-05 13:23:00,2026-01-05 13:42:21.170021,19.35,9,Android
4928,1605,2025-12-30 05:42:00,2025-12-30 05:56:56.209993,14.94,7,Android
4929,1605,2026-02-07 17:08:00,2026-02-07 17:12:23.851844,4.4,2,Android
4930,1606,2024-07-28 12:06:00,2024-07-28 12:10:31.434481,4.52,2,Web
4931,1606,2024-10-06 23:02:00,2024-10-06 23:05:12.226496,3.2,1,Web
4932,1606,2024-09-24 05:47:00,2024-09-24 06:01:41.067445,14.68,7,Web
4933,1607,2025-05-26 15:18:00,2025-05-26 15:23:44.514325,5.74,2,iOS
4934,1607,2025-07-03 02:40:00,2025-07-03 02:50:19.085272,10.32,5,iOS
4935,1607,2025-09-05 05:16:00,2025-09-05 05:22:13.478650,6.22,3,iOS
4936,1607,2025-07-23 01:29:00,2025-07-23 01:37:14.292377,8.24,4,iOS
4937,1607,2025-08-31 16:12:00,2025-08-31 16:15:34.806263,3.58,1,iOS
4938,1608,2024-11-06 15:01:00,2024-11-06 15:11:06.407299,10.11,5,Android
4939,1608,2025-02-11 12:57:00,2025-02-11 13:11:36.649353,14.61,7,Android
4940,1608,2024-12-08 23:23:00,2024-12-08 23:37:09.191773,14.15,7,Android
4941,1609,2025-09-13 21:53:00,2025-09-13 22:02:47.825572,9.8,4,Android
4942,1609,2025-09-02 17:32:00,2025-09-02 17:44:08.657495,12.14,6,Android
4943,1609,2025-06-29 10:41:00,2025-06-29 10:48:19.475261,7.32,3,Android
4944,1610,2024-10-04 05:36:00,2024-10-04 05:53:31.907440,17.53,8,iOS
4945,1610,2024-11-17 23:29:00,2024-11-17 23:39:34.021191,10.57,5,iOS
4946,1610,2024-09-09 13:01:00,2024-09-09 13:13:38.229687,12.64,6,iOS
4947,1610,2024-10-28 04:24:00,2024-10-28 04:39:50.385525,15.84,7,iOS
4948,1611,2025-12-30 22:33:00,2025-12-30 23:15:07.043736,42.12,21,Android
4949,1611,2026-03-09 04:00:00,2026-03-09 04:38:38.714829,38.65,19,Android
4950,1611,2026-02-07 02:18:00,2026-02-07 02:55:46.298544,37.77,18,Android
4951,1611,2026-01-02 02:19:00,2026-01-02 02:34:41.859871,15.7,7,Android
4952,1611,2026-01-16 22:47:00,2026-01-16 23:22:06.134203,35.1,17,Android
4953,1612,2025-08-13 03:48:00,2025-08-13 04:00:47.655373,12.79,6,iOS
4954,1612,2025-10-04 18:54:00,2025-10-04 18:58:37.091223,4.62,2,iOS
4955,1613,2025-03-16 05:39:00,2025-03-16 05:57:16.354043,18.27,9,Android
4956,1613,2025-01-06 16:43:00,2025-01-06 16:52:49.814426,9.83,4,Android
4957,1614,2026-01-14 21:27:00,2026-01-14 21:39:27.221199,12.45,6,Android
4958,1614,2026-02-18 06:45:00,2026-02-18 06:57:19.141601,12.32,6,Android
4959,1614,2026-01-22 03:55:00,2026-01-22 04:02:58.652997,7.98,3,Android
4960,1614,2026-01-29 02:24:00,2026-01-29 02:33:12.862833,9.21,4,Android
4961,1615,2025-08-18 23:26:00,2025-08-18 23:58:02.644163,32.04,16,iOS
4962,1615,2025-11-11 08:26:00,2025-11-11 08:41:35.207445,15.59,7,iOS
4963,1616,2025-09-23 06:27:00,2025-09-23 06:40:44.819134,13.75,6,Android
4964,1616,2025-09-09 08:33:00,2025-09-09 08:38:02.491455,5.04,2,Android
4965,1616,2025-11-06 22:09:00,2025-11-06 22:15:55.471597,6.92,3,Android
4966,1617,2025-10-31 15:25:00,2025-10-31 15:44:35.289032,19.59,9,Web
4967,1617,2025-08-04 09:53:00,2025-08-04 10:12:00.555629,19.01,9,Web
4968,1617,2025-11-03 00:19:00,2025-11-03 00:20:24.060796,1.4,0,Web
4969,1618,2025-06-14 20:59:00,2025-06-14 21:26:01.626199,27.03,13,Android
4970,1619,2025-09-08 07:30:00,2025-09-08 08:09:45.822308,39.76,19,Android
4971,1620,2024-12-27 04:40:00,2024-12-27 04:43:19.593338,3.33,1,Android
4972,1620,2024-09-12 23:12:00,2024-09-12 23:15:17.735580,3.3,1,Android
4973,1620,2024-10-13 04:09:00,2024-10-13 04:23:06.454838,14.11,7,Android
4974,1620,2024-12-11 10:37:00,2024-12-11 10:39:47.939992,2.8,1,Android
4975,1620,2024-12-17 09:39:00,2024-12-17 09:52:17.942268,13.3,6,Android
4976,1621,2024-02-21 13:38:00,2024-02-21 13:41:12.381349,3.21,1,Android
4977,1621,2024-03-19 08:29:00,2024-03-19 08:36:58.244960,7.97,3,Android
4978,1622,2025-08-26 08:35:00,2025-08-26 08:43:34.139653,8.57,4,Android
4979,1622,2025-08-04 04:49:00,2025-08-04 05:06:15.951061,17.27,8,Android
4980,1623,2025-10-30 15:08:00,2025-10-30 15:18:48.714690,10.81,5,Android
4981,1624,2025-05-08 18:58:00,2025-05-08 19:37:04.856911,39.08,19,Android
4982,1624,2025-04-19 22:56:00,2025-04-19 23:19:41.338094,23.69,11,Android
4983,1625,2024-07-21 19:33:00,2024-07-21 20:02:30.495206,29.51,14,Android
4984,1625,2024-09-06 10:37:00,2024-09-06 11:03:15.687809,26.26,13,Android
4985,1626,2026-01-10 14:14:00,2026-01-10 14:15:39.900883,1.67,0,iOS
4986,1626,2026-02-01 01:01:00,2026-02-01 01:11:58.236935,10.97,5,iOS
4987,1627,2024-05-15 14:49:00,2024-05-15 15:32:22.986870,43.38,21,iOS
4988,1628,2025-08-19 09:00:00,2025-08-19 09:11:52.470887,11.87,5,Android
4989,1628,2025-07-17 05:05:00,2025-07-17 05:22:04.308521,17.07,8,Android
4990,1629,2025-03-20 11:18:00,2025-03-20 11:36:31.187516,18.52,9,Web
4991,1629,2025-03-30 07:52:00,2025-03-30 08:01:10.671459,9.18,4,Web
4992,1629,2025-04-13 20:28:00,2025-04-13 20:32:27.915165,4.47,2,Web
4993,1630,2024-08-25 22:54:00,2024-08-25 23:11:43.719588,17.73,8,Android
4994,1630,2024-09-15 08:56:00,2024-09-15 09:08:12.307796,12.21,6,Android
4995,1631,2025-10-02 14:30:00,2025-10-02 14:31:42.521561,1.71,0,Android
4996,1631,2025-08-16 17:17:00,2025-08-16 17:18:48.007307,1.8,0,Android
4997,1632,2024-05-07 20:56:00,2024-05-07 21:12:02.876451,16.05,8,iOS
4998,1632,2024-03-11 05:36:00,2024-03-11 05:43:42.302803,7.71,3,iOS
4999,1633,2025-07-16 14:48:00,2025-07-16 14:59:48.941011,11.82,5,Android
5000,1634,2026-03-28 22:33:00,2026-03-28 22:41:32.242227,8.54,4,Android
5001,1634,2025-12-06 02:18:00,2025-12-06 02:25:42.043564,7.7,3,Android
5002,1634,2026-01-09 05:42:00,2026-01-09 06:01:59.361568,19.99,9,Android
5003,1634,2025-12-02 17:15:00,2025-12-02 17:33:08.843756,18.15,9,Android
5004,1634,2026-03-07 13:57:00,2026-03-07 14:14:16.351806,17.27,8,Android
5005,1635,2025-07-09 09:13:00,2025-07-09 09:29:13.153709,16.22,8,Android
5006,1635,2025-10-02 19:35:00,2025-10-02 19:50:02.549758,15.04,7,Android
5007,1635,2025-07-23 20:57:00,2025-07-23 21:06:34.246724,9.57,4,Android
5008,1636,2025-02-26 04:42:00,2025-02-26 04:50:08.382026,8.14,4,Web
5009,1636,2025-05-09 06:52:00,2025-05-09 07:14:57.299209,22.95,11,Web
5010,1637,2025-04-03 07:18:00,2025-04-03 07:23:47.920399,5.8,2,iOS
5011,1638,2025-02-23 17:28:00,2025-02-23 17:57:39.782114,29.66,14,Web
5012,1638,2025-03-31 02:10:00,2025-03-31 02:43:03.869167,33.06,16,Web
5013,1639,2024-07-24 04:13:00,2024-07-24 04:40:17.858270,27.3,13,Android
5014,1639,2024-05-25 11:33:00,2024-05-25 11:53:21.352824,20.36,10,Android
5015,1639,2024-05-31 03:25:00,2024-05-31 03:59:55.720529,34.93,17,Android
5016,1640,2025-11-02 22:40:00,2025-11-02 22:50:22.900258,10.38,5,Android
5017,1640,2025-11-17 10:15:00,2025-11-17 10:20:25.828271,5.43,2,Android
5018,1640,2025-12-05 01:37:00,2025-12-05 01:52:48.888649,15.81,7,Android
5019,1641,2024-08-03 14:56:00,2024-08-03 14:58:36.862214,2.61,1,Web
5020,1641,2024-07-18 07:48:00,2024-07-18 07:56:47.914620,8.8,4,Web
5021,1641,2024-06-21 14:04:00,2024-06-21 14:17:08.594917,13.14,6,Web
5022,1641,2024-05-30 07:52:00,2024-05-30 08:10:45.561807,18.76,9,Web
5023,1642,2024-08-26 22:12:00,2024-08-26 22:29:34.987961,17.58,8,iOS
5024,1642,2024-10-12 22:41:00,2024-10-12 22:45:08.658050,4.14,2,iOS
5025,1642,2024-09-07 04:33:00,2024-09-07 04:37:10.958149,4.18,2,iOS
5026,1643,2025-03-19 09:54:00,2025-03-19 10:00:12.027235,6.2,3,iOS
5027,1643,2025-03-16 02:29:00,2025-03-16 02:48:03.876343,19.06,9,iOS
5028,1643,2025-02-07 11:19:00,2025-02-07 11:30:52.995512,11.88,5,iOS
5029,1643,2025-02-11 17:14:00,2025-02-11 17:19:16.679146,5.28,2,iOS
5030,1643,2025-02-17 22:03:00,2025-02-17 22:16:51.485759,13.86,6,iOS
5031,1643,2025-03-11 05:12:00,2025-03-11 05:30:16.671502,18.28,9,iOS
5032,1643,2025-03-09 23:06:00,2025-03-09 23:21:04.208743,15.07,7,iOS
5033,1644,2025-01-19 08:53:00,2025-01-19 08:59:48.596384,6.81,3,Android
5034,1644,2024-11-27 09:27:00,2024-11-27 09:33:50.890224,6.85,3,Android
5035,1644,2025-03-08 20:09:00,2025-03-08 20:14:17.797900,5.3,2,Android
5036,1645,2025-07-18 19:23:00,2025-07-18 19:41:46.917532,18.78,9,Web
5037,1645,2025-07-22 01:39:00,2025-07-22 01:57:06.580270,18.11,9,Web
5038,1645,2025-07-30 03:25:00,2025-07-30 03:36:39.618092,11.66,5,Web
5039,1646,2025-04-19 09:05:00,2025-04-19 09:12:47.278828,7.79,3,iOS
5040,1646,2025-06-13 16:18:00,2025-06-13 16:25:47.410776,7.79,3,iOS
5041,1646,2025-04-21 04:13:00,2025-04-21 04:22:28.895127,9.48,4,iOS
5042,1646,2025-05-17 05:58:00,2025-05-17 06:00:58.573387,2.98,1,iOS
5043,1647,2025-06-07 09:50:00,2025-06-07 10:01:27.165748,11.45,5,iOS
5044,1647,2025-05-31 14:20:00,2025-05-31 15:04:10.562862,44.18,22,iOS
5045,1647,2025-04-28 23:43:00,2025-04-29 00:24:14.554613,41.24,20,iOS
5046,1648,2025-07-13 05:36:00,2025-07-13 05:55:58.471728,19.97,9,iOS
5047,1648,2025-08-05 19:54:00,2025-08-05 20:09:32.782081,15.55,7,iOS
5048,1648,2025-08-30 01:09:00,2025-08-30 01:24:54.645773,15.91,7,iOS
5049,1648,2025-07-12 19:34:00,2025-07-12 19:49:42.889859,15.71,7,iOS
5050,1649,2025-08-09 20:16:00,2025-08-09 20:28:38.836493,12.65,6,iOS
5051,1649,2025-06-25 18:28:00,2025-06-25 18:35:49.951250,7.83,3,iOS
5052,1649,2025-05-07 11:38:00,2025-05-07 11:50:25.097391,12.42,6,iOS
5053,1649,2025-08-15 17:09:00,2025-08-15 17:11:21.447943,2.36,1,iOS
5054,1650,2026-01-16 13:59:00,2026-01-16 14:09:32.921016,10.55,5,Android
5055,1650,2025-10-23 17:16:00,2025-10-23 17:37:15.374458,21.26,10,Android
5056,1651,2024-02-09 20:41:00,2024-02-09 20:43:24.071469,2.4,1,Android
5057,1651,2024-03-07 14:03:00,2024-03-07 14:14:42.651845,11.71,5,Android
5058,1651,2024-02-25 07:22:00,2024-02-25 07:25:49.529696,3.83,1,Android
5059,1651,2024-02-29 21:05:00,2024-02-29 21:15:06.922776,10.12,5,Android
5060,1652,2025-12-03 20:46:00,2025-12-03 20:51:43.051733,5.72,2,Web
5061,1652,2025-09-28 03:38:00,2025-09-28 03:52:33.679682,14.56,7,Web
5062,1653,2024-12-19 07:19:00,2024-12-19 07:37:26.144148,18.44,9,Android
5063,1653,2025-02-20 09:41:00,2025-02-20 10:13:46.157401,32.77,16,Android
5064,1653,2025-02-03 12:41:00,2025-02-03 13:03:36.530821,22.61,11,Android
5065,1654,2025-03-13 06:36:00,2025-03-13 06:37:29.992126,1.5,0,Android
5066,1654,2025-02-07 20:06:00,2025-02-07 20:17:30.796509,11.51,5,Android
5067,1654,2025-03-08 13:24:00,2025-03-08 13:42:36.269058,18.6,9,Android
5068,1654,2025-02-25 14:06:00,2025-02-25 14:16:07.000096,10.12,5,Android
5069,1654,2025-03-12 23:19:00,2025-03-12 23:21:10.819367,2.18,1,Android
5070,1655,2024-05-28 18:50:00,2024-05-28 19:04:41.449502,14.69,7,Web
5071,1655,2024-08-14 14:10:00,2024-08-14 14:15:28.135145,5.47,2,Web
5072,1655,2024-09-08 19:04:00,2024-09-08 19:11:39.556374,7.66,3,Web
5073,1655,2024-05-22 16:40:00,2024-05-22 16:41:23.826741,1.4,0,Web
5074,1655,2024-06-12 21:33:00,2024-06-12 21:40:06.967085,7.12,3,Web
5075,1656,2024-06-17 23:34:00,2024-06-17 23:38:23.425916,4.39,2,Android
5076,1657,2025-06-05 21:38:00,2025-06-05 21:52:09.400610,14.16,7,Android
5077,1657,2025-06-23 20:15:00,2025-06-23 20:53:58.285843,38.97,19,Android
5078,1657,2025-07-21 05:24:00,2025-07-21 05:38:28.213156,14.47,7,Android
5079,1658,2024-07-01 06:24:00,2024-07-01 06:43:01.326857,19.02,9,Android
5080,1658,2024-06-17 03:48:00,2024-06-17 04:04:29.637196,16.49,8,Android
5081,1659,2024-05-28 19:19:00,2024-05-28 19:38:52.678561,19.88,9,Android
5082,1659,2024-06-10 22:47:00,2024-06-10 23:04:27.371261,17.46,8,Android
5083,1659,2024-06-18 08:01:00,2024-06-18 08:13:34.999697,12.58,6,Android
5084,1659,2024-06-25 10:27:00,2024-06-25 10:32:28.380938,5.47,2,Android
5085,1659,2024-08-25 23:10:00,2024-08-25 23:27:53.078548,17.88,8,Android
5086,1659,2024-06-15 16:56:00,2024-06-15 17:15:04.245520,19.07,9,Android
5087,1659,2024-07-21 17:26:00,2024-07-21 17:45:41.156807,19.69,9,Android
5088,1659,2024-06-27 02:13:00,2024-06-27 02:23:40.348268,10.67,5,Android
5089,1660,2024-05-31 03:42:00,2024-05-31 03:57:15.938221,15.27,7,Android
5090,1660,2024-03-15 03:01:00,2024-03-15 03:12:31.874159,11.53,5,Android
5091,1660,2024-04-25 00:10:00,2024-04-25 00:12:36.606021,2.61,1,Android
5092,1660,2024-04-19 09:25:00,2024-04-19 09:26:46.110485,1.77,0,Android
5093,1660,2024-04-21 11:23:00,2024-04-21 11:38:20.376784,15.34,7,Android
5094,1661,2024-09-08 07:51:00,2024-09-08 08:07:53.416805,16.89,8,Android
5095,1661,2024-07-17 02:36:00,2024-07-17 03:07:44.588729,31.74,15,Android
5096,1661,2024-07-30 07:06:00,2024-07-30 07:20:46.916942,14.78,7,Android
5097,1661,2024-07-26 22:55:00,2024-07-26 23:32:40.091886,37.67,18,Android
5098,1662,2024-09-03 08:12:00,2024-09-03 08:39:12.068269,27.2,13,iOS
5099,1663,2025-08-02 21:54:00,2025-08-02 21:57:13.416280,3.22,1,iOS
5100,1663,2025-07-29 08:38:00,2025-07-29 08:41:52.920777,3.88,1,iOS
5101,1664,2025-10-03 11:48:00,2025-10-03 11:51:57.065375,3.95,1,Web
5102,1664,2025-08-04 13:13:00,2025-08-04 13:27:52.054611,14.87,7,Web
5103,1665,2024-01-24 05:51:00,2024-01-24 05:55:04.101068,4.07,2,Android
5104,1665,2024-02-05 10:27:00,2024-02-05 10:38:59.986331,12.0,5,Android
5105,1665,2024-03-20 01:47:00,2024-03-20 01:48:03.427653,1.06,0,Android
5106,1665,2024-04-12 07:00:00,2024-04-12 07:04:13.269363,4.22,2,Android
5107,1666,2024-08-19 02:15:00,2024-08-19 02:25:17.707042,10.3,5,Android
5108,1666,2024-06-26 05:56:00,2024-06-26 06:14:44.661147,18.74,9,Android
5109,1666,2024-06-05 20:55:00,2024-06-05 21:10:15.359191,15.26,7,Android
5110,1666,2024-06-27 09:25:00,2024-06-27 09:43:44.669517,18.74,9,Android
5111,1667,2024-05-02 22:17:00,2024-05-02 22:25:35.701308,8.6,4,Android
5112,1667,2024-07-09 01:43:00,2024-07-09 01:50:28.269692,7.47,3,Android
5113,1667,2024-05-17 20:19:00,2024-05-17 20:34:36.279880,15.6,7,Android
5114,1668,2025-02-11 02:46:00,2025-02-11 02:59:23.803076,13.4,6,Android
5115,1669,2024-12-31 23:00:00,2024-12-31 23:11:14.007461,11.23,5,Android
5116,1669,2025-01-08 13:36:00,2025-01-08 13:42:27.440475,6.46,3,Android
5117,1669,2025-02-14 08:35:00,2025-02-14 08:41:04.034401,6.07,3,Android
5118,1670,2025-09-25 13:15:00,2025-09-25 13:22:52.052268,7.87,3,Android
5119,1671,2024-08-18 17:09:00,2024-08-18 17:22:49.454562,13.82,6,iOS
5120,1671,2024-08-04 05:32:00,2024-08-04 05:45:58.517797,13.98,6,iOS
5121,1671,2024-07-06 08:42:00,2024-07-06 08:43:44.556544,1.74,0,iOS
5122,1671,2024-07-13 05:38:00,2024-07-13 05:55:21.093004,17.35,8,iOS
5123,1672,2026-02-28 10:48:00,2026-02-28 10:52:10.820763,4.18,2,iOS
5124,1672,2025-12-10 08:22:00,2025-12-10 08:23:47.199772,1.79,0,iOS
5125,1672,2025-12-15 09:30:00,2025-12-15 09:33:27.460217,3.46,1,iOS
5126,1672,2026-03-10 03:33:00,2026-03-10 03:35:18.807662,2.31,1,iOS
5127,1673,2025-12-22 05:04:00,2025-12-22 05:11:45.212244,7.75,3,iOS
5128,1673,2025-11-27 00:54:00,2025-11-27 01:11:08.560495,17.14,8,iOS
5129,1674,2025-02-01 19:58:00,2025-02-01 19:59:42.448336,1.71,0,Android
5130,1675,2025-09-17 05:31:00,2025-09-17 05:47:31.785719,16.53,8,iOS
5131,1675,2025-12-21 06:16:00,2025-12-21 06:35:32.361692,19.54,9,iOS
5132,1675,2025-11-12 10:20:00,2025-11-12 10:29:36.275121,9.6,4,iOS
5133,1676,2025-01-26 17:48:00,2025-01-26 18:22:11.146563,34.19,17,iOS
5134,1676,2024-11-17 18:59:00,2024-11-17 19:15:42.894922,16.71,8,iOS
5135,1676,2024-11-06 18:06:00,2024-11-06 18:47:19.506111,41.33,20,iOS
5136,1677,2024-07-25 04:19:00,2024-07-25 04:29:29.757685,10.5,5,Android
5137,1677,2024-07-10 12:43:00,2024-07-10 12:46:47.087983,3.78,1,Android
5138,1677,2024-06-22 10:04:00,2024-06-22 10:14:16.476467,10.27,5,Android
5139,1678,2025-09-02 03:47:00,2025-09-02 04:25:25.896339,38.43,19,Android
5140,1678,2025-08-28 09:40:00,2025-08-28 10:02:00.612781,22.01,11,Android
5141,1678,2025-08-04 14:48:00,2025-08-04 15:24:46.855684,36.78,18,Android
5142,1678,2025-09-30 15:05:00,2025-09-30 15:42:00.431556,37.01,18,Android
5143,1679,2025-09-01 20:40:00,2025-09-01 20:51:59.956387,12.0,5,iOS
5144,1679,2025-10-19 07:02:00,2025-10-19 07:10:48.499006,8.81,4,iOS
5145,1680,2024-03-14 23:05:00,2024-03-14 23:18:40.085536,13.67,6,iOS
5146,1680,2024-04-14 21:45:00,2024-04-14 22:00:35.051233,15.58,7,iOS
5147,1680,2024-03-24 23:20:00,2024-03-24 23:32:44.348018,12.74,6,iOS
5148,1681,2025-05-23 00:07:00,2025-05-23 00:25:36.823147,18.61,9,Android
5149,1681,2025-05-24 03:07:00,2025-05-24 03:09:15.345100,2.26,1,Android
5150,1681,2025-02-22 22:03:00,2025-02-22 22:14:54.198806,11.9,5,Android
5151,1682,2024-04-12 12:45:00,2024-04-12 12:51:47.469068,6.79,3,Android
5152,1682,2024-04-19 11:46:00,2024-04-19 12:03:35.167533,17.59,8,Android
5153,1683,2024-12-22 01:27:00,2024-12-22 02:02:27.499103,35.46,17,Android
5154,1683,2025-01-14 16:52:00,2025-01-14 17:14:05.458527,22.09,11,Android
5155,1683,2025-03-14 19:38:00,2025-03-14 19:53:55.146486,15.92,7,Android
5156,1683,2025-03-18 00:00:00,2025-03-18 00:09:44.167098,9.74,4,Android
5157,1683,2024-12-11 13:45:00,2024-12-11 14:12:13.816724,27.23,13,Android
5158,1684,2025-06-23 16:51:00,2025-06-23 16:57:08.307741,6.14,3,Android
5159,1684,2025-07-23 02:28:00,2025-07-23 02:43:16.713969,15.28,7,Android
5160,1684,2025-05-12 15:35:00,2025-05-12 15:43:26.911857,8.45,4,Android
5161,1685,2025-12-16 05:39:00,2025-12-16 05:55:06.565229,16.11,8,iOS
5162,1685,2026-01-17 18:02:00,2026-01-17 18:07:02.124330,5.04,2,iOS
5163,1685,2026-02-01 07:46:00,2026-02-01 07:51:39.592199,5.66,2,iOS
5164,1685,2026-01-05 05:05:00,2026-01-05 05:09:32.898407,4.55,2,iOS
5165,1685,2026-01-22 09:58:00,2026-01-22 10:04:17.141624,6.29,3,iOS
5166,1686,2026-01-09 15:39:00,2026-01-09 15:57:18.619855,18.31,9,iOS
5167,1686,2025-12-26 07:43:00,2025-12-26 07:57:30.937271,14.52,7,iOS
5168,1686,2025-11-19 04:31:00,2025-11-19 04:32:51.333370,1.86,0,iOS
5169,1686,2026-01-12 17:45:00,2026-01-12 17:54:06.291118,9.1,4,iOS
5170,1687,2024-04-18 08:25:00,2024-04-18 08:42:09.096788,17.15,8,iOS
5171,1687,2024-06-27 08:13:00,2024-06-27 08:17:48.372703,4.81,2,iOS
5172,1687,2024-07-04 19:32:00,2024-07-04 19:43:39.546997,11.66,5,iOS
5173,1688,2025-08-03 16:55:00,2025-08-03 17:10:26.511791,15.44,7,Android
5174,1688,2025-07-07 12:29:00,2025-07-07 12:38:40.226967,9.67,4,Android
5175,1688,2025-07-01 10:47:00,2025-07-01 10:48:24.928654,1.42,0,Android
5176,1689,2024-09-12 14:23:00,2024-09-12 14:42:09.363967,19.16,9,iOS
5177,1689,2024-09-27 02:04:00,2024-09-27 02:10:40.466156,6.67,3,iOS
5178,1690,2025-02-12 13:02:00,2025-02-12 13:25:46.411210,23.77,11,Android
5179,1690,2025-03-25 17:26:00,2025-03-25 18:10:53.364424,44.89,22,Android
5180,1690,2025-04-27 14:01:00,2025-04-27 14:24:08.325988,23.14,11,Android
5181,1691,2025-09-06 15:47:00,2025-09-06 16:00:38.502650,13.64,6,Android
5182,1691,2025-09-07 08:48:00,2025-09-07 08:50:19.865846,2.33,1,Android
5183,1692,2025-04-10 00:36:00,2025-04-10 00:47:23.264665,11.39,5,Android
5184,1693,2025-02-06 11:06:00,2025-02-06 11:30:05.508033,24.09,12,Android
5185,1693,2025-03-17 15:47:00,2025-03-17 16:15:52.816445,28.88,14,Android
5186,1694,2025-08-08 05:08:00,2025-08-08 05:24:18.513823,16.31,8,Android
5187,1695,2024-05-20 16:36:00,2024-05-20 16:51:48.312203,15.81,7,Android
5188,1695,2024-07-03 11:09:00,2024-07-03 11:26:52.584639,17.88,8,Android
5189,1696,2024-11-13 12:52:00,2024-11-13 13:23:30.766219,31.51,15,Web
5190,1696,2025-01-30 00:19:00,2025-01-30 00:44:18.400664,25.31,12,Web
5191,1696,2024-12-25 01:03:00,2024-12-25 01:31:33.107671,28.55,14,Web
5192,1697,2024-11-22 23:46:00,2024-11-23 00:03:18.646893,17.31,8,iOS
5193,1697,2024-10-04 17:55:00,2024-10-04 18:13:55.246366,18.92,9,iOS
5194,1697,2024-11-28 23:59:00,2024-11-29 00:09:04.669494,10.08,5,iOS
5195,1697,2024-11-08 08:18:00,2024-11-08 08:23:29.144187,5.49,2,iOS
5196,1698,2025-08-18 06:14:00,2025-08-18 06:32:09.613274,18.16,9,Android
5197,1698,2025-10-08 05:26:00,2025-10-08 05:39:42.325108,13.71,6,Android
5198,1698,2025-09-22 08:13:00,2025-09-22 08:14:28.423463,1.47,0,Android
5199,1698,2025-11-25 16:00:00,2025-11-25 16:04:19.368370,4.32,2,Android
5200,1698,2025-12-07 20:54:00,2025-12-07 21:04:52.205503,10.87,5,Android
5201,1699,2025-11-09 21:16:00,2025-11-09 21:33:54.824758,17.91,8,Android
5202,1699,2025-09-28 08:52:00,2025-09-28 08:54:24.288760,2.4,1,Android
5203,1700,2024-08-01 05:08:00,2024-08-01 05:25:14.192861,17.24,8,Android
5204,1700,2024-09-16 01:11:00,2024-09-16 01:19:05.775727,8.1,4,Android
5205,1700,2024-08-12 15:48:00,2024-08-12 16:06:37.253996,18.62,9,Android
5206,1701,2026-02-23 20:10:00,2026-02-23 20:20:59.576446,10.99,5,Android
5207,1701,2026-01-11 00:13:00,2026-01-11 00:16:22.685597,3.38,1,Android
5208,1701,2026-01-19 17:49:00,2026-01-19 17:51:10.896368,2.18,1,Android
5209,1702,2024-05-26 09:34:00,2024-05-26 09:46:27.110340,12.45,6,iOS
5210,1702,2024-09-05 14:44:00,2024-09-05 14:49:09.384872,5.16,2,iOS
5211,1702,2024-08-26 00:00:00,2024-08-26 00:05:27.002183,5.45,2,iOS
5212,1703,2025-08-22 00:41:00,2025-08-22 00:47:18.193528,6.3,3,Android
5213,1704,2024-12-08 00:09:00,2024-12-08 00:28:44.586075,19.74,9,Android
5214,1705,2025-10-15 06:32:00,2025-10-15 06:40:44.143369,8.74,4,Android
5215,1705,2025-09-09 19:44:00,2025-09-09 19:51:08.905428,7.15,3,Android
5216,1705,2025-09-09 13:40:00,2025-09-09 13:42:46.194592,2.77,1,Android
5217,1705,2025-10-13 15:47:00,2025-10-13 16:00:31.935279,13.53,6,Android
5218,1706,2024-05-11 13:12:00,2024-05-11 13:20:12.229728,8.2,4,Android
5219,1706,2024-03-27 20:33:00,2024-03-27 20:47:08.466439,14.14,7,Android
5220,1707,2025-04-22 13:57:00,2025-04-22 14:08:51.108859,11.85,5,Android
5221,1708,2024-12-17 04:42:00,2024-12-17 04:45:15.766092,3.26,1,iOS
5222,1708,2025-01-02 17:19:00,2025-01-02 17:21:33.619413,2.56,1,iOS
5223,1708,2025-01-01 02:38:00,2025-01-01 02:43:21.857086,5.36,2,iOS
5224,1708,2024-12-14 10:50:00,2024-12-14 11:03:43.051835,13.72,6,iOS
5225,1708,2024-11-11 19:05:00,2024-11-11 19:09:22.450434,4.37,2,iOS
5226,1709,2025-09-01 08:39:00,2025-09-01 08:42:34.909081,3.58,1,Android
5227,1709,2025-07-15 14:54:00,2025-07-15 15:10:14.552994,16.24,8,Android
5228,1709,2025-09-04 05:30:00,2025-09-04 05:39:47.770970,9.8,4,Android
5229,1710,2025-01-05 21:21:00,2025-01-05 21:30:52.705341,9.88,4,Web
5230,1710,2025-02-02 22:54:00,2025-02-02 22:59:06.347402,5.11,2,Web
5231,1710,2024-10-30 12:13:00,2024-10-30 12:27:15.651945,14.26,7,Web
5232,1710,2024-11-05 20:42:00,2024-11-05 20:50:16.047086,8.27,4,Web
5233,1711,2025-11-04 23:42:00,2025-11-05 00:22:08.181727,40.14,20,Web
5234,1711,2025-09-03 20:50:00,2025-09-03 21:01:57.297633,11.95,5,Web
5235,1711,2025-10-14 14:18:00,2025-10-14 14:53:36.847125,35.61,17,Web
5236,1711,2025-11-05 15:58:00,2025-11-05 16:42:24.602406,44.41,22,Web
5237,1711,2025-08-07 05:20:00,2025-08-07 05:49:23.098212,29.38,14,Web
5238,1711,2025-11-09 18:40:00,2025-11-09 19:21:13.613015,41.23,20,Web
5239,1712,2024-08-06 15:51:00,2024-08-06 16:13:00.407224,22.01,11,Android
5240,1712,2024-06-15 23:47:00,2024-06-16 00:05:56.347835,18.94,9,Android
5241,1712,2024-08-09 16:13:00,2024-08-09 16:44:26.210988,31.44,15,Android
5242,1712,2024-07-25 14:07:00,2024-07-25 14:27:24.454782,20.41,10,Android
5243,1713,2024-07-16 18:34:00,2024-07-16 18:45:16.708035,11.28,5,Android
5244,1713,2024-08-17 04:11:00,2024-08-17 04:30:44.699330,19.74,9,Android
5245,1714,2025-02-05 15:54:00,2025-02-05 16:05:33.148308,11.55,5,Android
5246,1714,2025-04-14 03:15:00,2025-04-14 03:20:19.046183,5.32,2,Android
5247,1715,2024-05-03 19:58:00,2024-05-03 20:17:37.665718,19.63,9,Android
5248,1715,2024-03-14 18:32:00,2024-03-14 18:51:52.489146,19.87,9,Android
5249,1715,2024-01-28 03:57:00,2024-01-28 04:00:42.715875,3.71,1,Android
5250,1715,2024-04-26 00:51:00,2024-04-26 01:06:52.080981,15.87,7,Android
5251,1715,2024-01-28 08:15:00,2024-01-28 08:19:18.670674,4.31,2,Android
5252,1716,2025-09-08 18:21:00,2025-09-08 18:38:48.275605,17.8,8,Android
5253,1717,2025-10-06 20:58:00,2025-10-06 21:11:04.649784,13.08,6,iOS
5254,1717,2025-11-03 13:17:00,2025-11-03 13:19:02.171679,2.04,1,iOS
5255,1717,2025-08-22 09:20:00,2025-08-22 09:36:51.889046,16.86,8,iOS
5256,1717,2025-11-06 04:13:00,2025-11-06 04:20:33.268030,7.55,3,iOS
5257,1717,2025-09-19 18:51:00,2025-09-19 19:06:48.430461,15.81,7,iOS
5258,1718,2025-02-05 10:03:00,2025-02-05 10:10:01.292903,7.02,3,iOS
5259,1719,2025-01-22 04:48:00,2025-01-22 05:02:17.228145,14.29,7,iOS
5260,1719,2025-03-03 08:39:00,2025-03-03 08:56:58.046721,17.97,8,iOS
5261,1719,2025-02-20 20:00:00,2025-02-20 20:10:43.727679,10.73,5,iOS
5262,1719,2025-03-07 18:45:00,2025-03-07 18:51:40.066555,6.67,3,iOS
5263,1720,2024-06-18 06:15:00,2024-06-18 06:50:55.360950,35.92,17,iOS
5264,1720,2024-05-27 18:04:00,2024-05-27 18:36:21.840640,32.36,16,iOS
5265,1720,2024-06-20 17:57:00,2024-06-20 18:10:25.272543,13.42,6,iOS
5266,1721,2024-08-14 10:44:00,2024-08-14 10:53:22.818778,9.38,4,Android
5267,1721,2024-10-07 11:57:00,2024-10-07 12:01:16.701525,4.28,2,Android
5268,1721,2024-09-23 13:47:00,2024-09-23 14:02:42.769817,15.71,7,Android
5269,1722,2025-08-26 19:54:00,2025-08-26 19:58:30.133976,4.5,2,Android
5270,1722,2025-08-08 06:29:00,2025-08-08 06:43:43.380318,14.72,7,Android
5271,1722,2025-08-23 01:23:00,2025-08-23 01:36:16.269480,13.27,6,Android
5272,1722,2025-08-06 18:11:00,2025-08-06 18:26:06.548152,15.11,7,Android
5273,1722,2025-08-24 21:01:00,2025-08-24 21:13:04.962009,12.08,6,Android
5274,1723,2024-08-14 04:46:00,2024-08-14 05:27:53.586306,41.89,20,Android
5275,1723,2024-08-15 00:39:00,2024-08-15 00:55:59.960682,17.0,8,Android
5276,1723,2024-09-17 22:23:00,2024-09-17 22:41:06.418073,18.11,9,Android
5277,1724,2025-08-02 02:17:00,2025-08-02 02:31:43.774653,14.73,7,iOS
5278,1724,2025-07-23 13:07:00,2025-07-23 13:12:29.947149,5.5,2,iOS
5279,1724,2025-05-13 20:55:00,2025-05-13 20:57:59.804842,3.0,1,iOS
5280,1725,2025-06-08 15:01:00,2025-06-08 15:43:07.586915,42.13,21,iOS
5281,1725,2025-05-26 11:03:00,2025-05-26 11:28:50.399044,25.84,12,iOS
5282,1725,2025-05-12 22:34:00,2025-05-12 22:53:26.394597,19.44,9,iOS
5283,1725,2025-06-11 13:15:00,2025-06-11 13:31:08.735519,16.15,8,iOS
5284,1726,2025-01-19 21:36:00,2025-01-19 21:40:27.486293,4.46,2,iOS
5285,1726,2025-02-19 19:31:00,2025-02-19 19:45:41.916272,14.7,7,iOS
5286,1726,2024-11-12 07:43:00,2024-11-12 07:48:55.999036,5.93,2,iOS
5287,1727,2025-09-12 09:48:00,2025-09-12 10:24:26.849535,36.45,18,Android
5288,1728,2025-06-09 10:10:00,2025-06-09 10:29:59.950288,20.0,9,Android
5289,1728,2025-04-02 12:08:00,2025-04-02 12:22:59.408797,14.99,7,Android
5290,1728,2025-06-09 02:36:00,2025-06-09 02:47:10.523888,11.18,5,Android
5291,1728,2025-06-11 23:25:00,2025-06-11 23:27:20.645417,2.34,1,Android
5292,1729,2025-04-12 05:28:00,2025-04-12 05:43:06.130173,15.1,7,Android
5293,1729,2025-03-02 19:54:00,2025-03-02 20:01:26.801085,7.45,3,Android
5294,1729,2025-01-05 17:10:00,2025-01-05 17:25:22.408427,15.37,7,Android
5295,1729,2025-02-06 15:38:00,2025-02-06 15:52:25.731241,14.43,7,Android
5296,1729,2025-01-06 11:07:00,2025-01-06 11:14:57.289858,7.95,3,Android
5297,1730,2025-04-28 14:50:00,2025-04-28 15:15:25.031490,25.42,12,iOS
5298,1731,2024-04-24 07:30:00,2024-04-24 07:41:45.507633,11.76,5,iOS
5299,1731,2024-02-15 12:32:00,2024-02-15 12:39:14.968644,7.25,3,iOS
5300,1731,2024-05-10 00:54:00,2024-05-10 01:09:45.836270,15.76,7,iOS
5301,1731,2024-03-16 20:54:00,2024-03-16 21:12:50.377848,18.84,9,iOS
5302,1732,2026-01-11 06:48:00,2026-01-11 07:29:54.516040,41.91,20,Android
5303,1732,2025-12-30 10:19:00,2025-12-30 10:57:50.492823,38.84,19,Android
5304,1732,2026-01-12 21:03:00,2026-01-12 21:23:14.580740,20.24,10,Android
5305,1733,2024-10-11 03:21:00,2024-10-11 03:45:38.679223,24.64,12,Android
5306,1733,2024-10-10 11:41:00,2024-10-10 12:11:03.810984,30.06,15,Android
5307,1733,2024-09-02 17:18:00,2024-09-02 17:27:14.590216,9.24,4,Android
5308,1734,2024-10-27 03:50:00,2024-10-27 03:59:29.022015,9.48,4,Android
5309,1734,2024-09-26 12:13:00,2024-09-26 12:16:25.949587,3.43,1,Android
5310,1734,2024-09-28 12:41:00,2024-09-28 12:47:51.567278,6.86,3,Android
5311,1735,2025-10-10 14:03:00,2025-10-10 14:12:15.235853,9.25,4,iOS
5312,1735,2025-10-18 03:34:00,2025-10-18 03:38:30.239078,4.5,2,iOS
5313,1735,2025-07-18 15:17:00,2025-07-18 15:35:41.701693,18.7,9,iOS
5314,1735,2025-10-17 04:00:00,2025-10-17 04:11:54.861785,11.91,5,iOS
5315,1736,2025-10-05 10:34:00,2025-10-05 10:52:08.077919,18.13,9,iOS
5316,1737,2025-08-20 17:28:00,2025-08-20 17:40:38.822170,12.65,6,Android
5317,1737,2025-09-08 10:06:00,2025-09-08 10:15:38.685851,9.64,4,Android
5318,1738,2025-09-06 03:30:00,2025-09-06 03:39:23.288413,9.39,4,Android
5319,1738,2025-09-25 03:45:00,2025-09-25 03:58:45.518080,13.76,6,Android
5320,1738,2025-09-15 01:51:00,2025-09-15 02:10:25.503939,19.43,9,Android
5321,1739,2025-02-01 15:11:00,2025-02-01 15:53:47.430889,42.79,21,Android
5322,1739,2025-02-27 20:04:00,2025-02-27 20:18:21.558552,14.36,7,Android
5323,1740,2024-08-29 15:57:00,2024-08-29 16:11:18.676236,14.31,7,Android
5324,1740,2024-11-15 14:46:00,2024-11-15 14:54:30.997941,8.52,4,Android
5325,1740,2024-11-07 19:48:00,2024-11-07 20:07:10.155103,19.17,9,Android
5326,1741,2025-07-23 19:49:00,2025-07-23 19:57:30.374630,8.51,4,Android
5327,1741,2025-08-05 21:50:00,2025-08-05 22:00:13.420672,10.22,5,Android
5328,1742,2024-04-14 22:31:00,2024-04-14 22:42:33.793879,11.56,5,iOS
5329,1742,2024-04-07 14:00:00,2024-04-07 14:19:00.689314,19.01,9,iOS
5330,1742,2024-04-04 13:01:00,2024-04-04 13:20:30.912575,19.52,9,iOS
5331,1743,2025-05-04 00:38:00,2025-05-04 00:40:46.490566,2.77,1,Android
5332,1743,2025-03-16 18:32:00,2025-03-16 18:34:32.073316,2.53,1,Android
5333,1743,2025-04-13 12:33:00,2025-04-13 12:40:19.304720,7.32,3,Android
5334,1744,2025-07-08 03:50:00,2025-07-08 04:10:19.649029,20.33,10,Web
5335,1744,2025-06-06 00:11:00,2025-06-06 00:43:47.685202,32.79,16,Web
5336,1744,2025-08-27 17:00:00,2025-08-27 17:24:52.403684,24.87,12,Web
5337,1745,2025-05-05 15:24:00,2025-05-05 15:36:31.751945,12.53,6,iOS
5338,1745,2025-07-02 16:48:00,2025-07-02 17:23:49.827833,35.83,17,iOS
5339,1746,2024-07-25 21:17:00,2024-07-25 21:30:44.518868,13.74,6,Android
5340,1747,2024-08-01 03:00:00,2024-08-01 03:15:24.192440,15.4,7,Android
5341,1747,2024-08-03 02:49:00,2024-08-03 02:51:33.703900,2.56,1,Android
5342,1748,2024-09-12 21:40:00,2024-09-12 21:56:44.590182,16.74,8,Android
5343,1748,2024-12-04 22:09:00,2024-12-04 22:12:11.201406,3.19,1,Android
5344,1748,2024-09-30 11:57:00,2024-09-30 12:01:07.578908,4.13,2,Android
5345,1748,2024-08-31 19:19:00,2024-08-31 19:23:13.144809,4.22,2,Android
5346,1749,2025-06-30 00:09:00,2025-06-30 00:48:40.128520,39.67,19,Android
5347,1749,2025-05-07 09:51:00,2025-05-07 10:15:02.937126,24.05,12,Android
5348,1749,2025-05-21 12:05:00,2025-05-21 12:39:43.740368,34.73,17,Android
5349,1749,2025-07-04 13:38:00,2025-07-04 13:46:34.418136,8.57,4,Android
5350,1749,2025-07-13 13:27:00,2025-07-13 14:00:07.866090,33.13,16,Android
5351,1749,2025-08-08 01:43:00,2025-08-08 02:25:20.431857,42.34,21,Android
5352,1750,2025-01-04 01:15:00,2025-01-04 01:31:22.315486,16.37,8,iOS
5353,1750,2024-11-10 06:09:00,2024-11-10 06:23:00.313461,14.01,7,iOS
5354,1751,2026-01-20 09:57:00,2026-01-20 10:11:56.099706,14.93,7,Android
5355,1752,2025-08-09 14:44:00,2025-08-09 14:49:39.263421,5.65,2,iOS
5356,1752,2025-06-30 00:20:00,2025-06-30 00:27:59.477341,7.99,3,iOS
5357,1752,2025-09-27 08:00:00,2025-09-27 08:17:51.053838,17.85,8,iOS
5358,1752,2025-07-02 10:28:00,2025-07-02 10:38:07.921744,10.13,5,iOS
5359,1752,2025-10-07 16:18:00,2025-10-07 16:26:28.385243,8.47,4,iOS
5360,1752,2025-09-17 07:13:00,2025-09-17 07:15:01.699642,2.03,1,iOS
5361,1753,2024-04-01 22:11:00,2024-04-01 22:16:59.835583,6.0,2,Android
5362,1754,2025-04-12 21:39:00,2025-04-12 21:53:19.403133,14.32,7,Android
5363,1754,2025-05-07 17:39:00,2025-05-07 17:50:24.025993,11.4,5,Android
5364,1754,2025-06-18 13:13:00,2025-06-18 13:19:58.099605,6.97,3,Android
5365,1754,2025-06-12 03:49:00,2025-06-12 03:50:11.263386,1.19,0,Android
5366,1754,2025-05-13 23:31:00,2025-05-13 23:45:53.542644,14.89,7,Android
5367,1754,2025-05-25 22:01:00,2025-05-25 22:20:27.119046,19.45,9,Android
5368,1755,2025-01-29 09:22:00,2025-01-29 09:57:07.965937,35.13,17,Android
5369,1756,2025-11-15 18:29:00,2025-11-15 18:41:22.117096,12.37,6,Android
5370,1757,2024-04-24 22:09:00,2024-04-24 22:24:19.090369,15.32,7,iOS
5371,1757,2024-07-18 18:56:00,2024-07-18 18:58:48.252867,2.8,1,iOS
5372,1758,2024-06-10 15:52:00,2024-06-10 16:12:43.441535,20.72,10,Web
5373,1758,2024-08-10 02:31:00,2024-08-10 02:47:53.525188,16.89,8,Web
5374,1758,2024-07-15 21:49:00,2024-07-15 22:02:21.583745,13.36,6,Web
5375,1758,2024-06-17 07:48:00,2024-06-17 08:25:09.054254,37.15,18,Web
5376,1759,2024-05-05 15:57:00,2024-05-05 16:05:43.936217,8.73,4,iOS
5377,1760,2024-08-05 03:48:00,2024-08-05 04:07:02.755509,19.05,9,Web
5378,1761,2024-04-18 02:11:00,2024-04-18 02:20:11.193967,9.19,4,iOS
5379,1761,2024-06-05 00:21:00,2024-06-05 00:22:40.304536,1.67,0,iOS
5380,1762,2025-06-27 00:49:00,2025-06-27 00:50:57.642990,1.96,0,Android
5381,1762,2025-05-29 22:49:00,2025-05-29 22:50:25.831543,1.43,0,Android
5382,1762,2025-04-22 06:41:00,2025-04-22 06:52:38.862481,11.65,5,Android
5383,1762,2025-07-04 02:39:00,2025-07-04 02:54:03.882213,15.06,7,Android
5384,1762,2025-07-12 00:38:00,2025-07-12 00:47:46.156744,9.77,4,Android
5385,1763,2024-04-04 01:26:00,2024-04-04 01:35:52.904541,9.88,4,Web
5386,1763,2024-03-26 09:36:00,2024-03-26 09:37:24.294888,1.4,0,Web
5387,1763,2024-02-13 20:49:00,2024-02-13 20:55:56.565106,6.94,3,Web
5388,1763,2024-04-28 05:07:00,2024-04-28 05:08:45.732508,1.76,0,Web
5389,1763,2024-05-13 15:26:00,2024-05-13 15:30:23.189417,4.39,2,Web
5390,1764,2024-04-13 19:05:00,2024-04-13 19:45:52.857439,40.88,20,Android
5391,1764,2024-01-31 09:11:00,2024-01-31 09:50:15.857383,39.26,19,Android
5392,1765,2025-09-23 03:03:00,2025-09-23 03:06:01.620934,3.03,1,Android
5393,1765,2025-11-13 18:59:00,2025-11-13 19:04:14.192783,5.24,2,Android
5394,1765,2025-08-06 19:00:00,2025-08-06 19:08:01.958377,8.03,4,Android
5395,1765,2025-10-12 12:20:00,2025-10-12 12:28:07.248331,8.12,4,Android
5396,1766,2026-01-14 21:36:00,2026-01-14 21:41:10.220634,5.17,2,iOS
5397,1766,2026-01-04 17:11:00,2026-01-04 17:16:08.529750,5.14,2,iOS
5398,1766,2026-01-16 05:29:00,2026-01-16 05:33:14.317064,4.24,2,iOS
5399,1767,2025-12-05 18:07:00,2025-12-05 18:10:46.336485,3.77,1,Android
5400,1767,2026-01-20 04:41:00,2026-01-20 04:45:40.854863,4.68,2,Android
5401,1767,2026-01-01 13:12:00,2026-01-01 13:22:19.111733,10.32,5,Android
5402,1767,2025-12-24 00:15:00,2025-12-24 00:21:05.248992,6.09,3,Android
5403,1768,2026-01-27 03:29:00,2026-01-27 03:35:58.449976,6.97,3,iOS
5404,1768,2025-11-02 13:01:00,2025-11-02 13:08:20.175203,7.34,3,iOS
5405,1768,2025-12-16 14:19:00,2025-12-16 14:28:05.989694,9.1,4,iOS
5406,1768,2025-10-20 23:45:00,2025-10-20 23:46:39.276122,1.65,0,iOS
5407,1768,2025-11-20 15:49:00,2025-11-20 15:57:58.895239,8.98,4,iOS
5408,1768,2025-10-17 12:06:00,2025-10-17 12:25:49.876460,19.83,9,iOS
5409,1769,2025-07-13 03:54:00,2025-07-13 04:03:57.347081,9.96,4,iOS
5410,1770,2025-10-12 21:24:00,2025-10-12 21:33:20.753267,9.35,4,iOS
5411,1771,2025-06-07 17:42:00,2025-06-07 18:20:56.819959,38.95,19,Android
5412,1771,2025-03-06 03:02:00,2025-03-06 03:28:22.501261,26.38,13,Android
5413,1771,2025-05-01 10:55:00,2025-05-01 11:12:06.893957,17.11,8,Android
5414,1771,2025-03-12 03:23:00,2025-03-12 03:50:23.173546,27.39,13,Android
5415,1771,2025-05-06 17:28:00,2025-05-06 18:07:40.699399,39.68,19,Android
5416,1772,2024-10-29 13:11:00,2024-10-29 13:25:41.229583,14.69,7,iOS
5417,1772,2024-11-18 23:40:00,2024-11-18 23:47:07.440246,7.12,3,iOS
5418,1772,2024-11-23 10:53:00,2024-11-23 11:02:46.013305,9.77,4,iOS
5419,1772,2024-08-13 11:08:00,2024-08-13 11:23:20.165964,15.34,7,iOS
5420,1772,2024-08-15 21:46:00,2024-08-15 22:04:29.248073,18.49,9,iOS
5421,1773,2024-07-30 13:49:00,2024-07-30 13:54:03.359887,5.06,2,Android
5422,1773,2024-07-17 12:52:00,2024-07-17 12:58:44.154225,6.74,3,Android
5423,1773,2024-07-12 07:24:00,2024-07-12 07:25:31.946860,1.53,0,Android
5424,1774,2024-12-05 19:35:00,2024-12-05 19:54:43.817920,19.73,9,Android
5425,1774,2024-12-17 23:28:00,2024-12-17 23:30:37.145636,2.62,1,Android
5426,1774,2024-12-01 20:54:00,2024-12-01 21:06:46.265935,12.77,6,Android
5427,1774,2025-03-04 08:27:00,2025-03-04 08:45:26.415409,18.44,9,Android
5428,1775,2024-12-01 08:50:00,2024-12-01 09:01:59.010486,11.98,5,Web
5429,1775,2024-12-13 02:28:00,2024-12-13 02:45:08.192429,17.14,8,Web
5430,1775,2025-02-25 16:41:00,2025-02-25 17:15:46.079420,34.77,17,Web
5431,1775,2025-02-06 23:52:00,2025-02-07 00:29:14.043868,37.23,18,Web
5432,1775,2024-12-25 17:59:00,2024-12-25 18:13:06.613226,14.11,7,Web
5433,1775,2025-03-20 05:50:00,2025-03-20 06:01:36.799333,11.61,5,Web
5434,1775,2024-12-17 22:42:00,2024-12-17 23:05:44.843708,23.75,11,Web
5435,1775,2025-02-18 07:40:00,2025-02-18 07:48:37.667290,8.63,4,Web
5436,1776,2025-02-14 21:49:00,2025-02-14 21:57:55.529586,8.93,4,Web
5437,1776,2024-12-05 14:58:00,2024-12-05 15:17:52.524039,19.88,9,Web
5438,1777,2025-12-29 11:31:00,2025-12-29 11:47:30.071532,16.5,8,iOS
5439,1777,2026-01-21 18:23:00,2026-01-21 18:40:33.485074,17.56,8,iOS
5440,1777,2025-11-19 03:09:00,2025-11-19 03:18:55.216336,9.92,4,iOS
5441,1777,2025-12-15 03:23:00,2025-12-15 03:38:01.202102,15.02,7,iOS
5442,1777,2025-10-07 10:27:00,2025-10-07 10:42:16.373593,15.27,7,iOS
5443,1778,2025-04-09 07:29:00,2025-04-09 07:33:45.024169,4.75,2,Android
5444,1778,2025-06-13 09:21:00,2025-06-13 09:24:52.784948,3.88,1,Android
5445,1779,2024-07-18 04:28:00,2024-07-18 04:34:15.581871,6.26,3,Web
5446,1779,2024-08-02 11:00:00,2024-08-02 11:02:13.233785,2.22,1,Web
5447,1779,2024-07-14 12:14:00,2024-07-14 12:30:56.718748,16.95,8,Web
5448,1780,2026-02-07 22:07:00,2026-02-07 22:12:25.123754,5.42,2,Android
5449,1780,2025-12-17 19:43:00,2025-12-17 19:57:19.427895,14.32,7,Android
5450,1780,2026-01-07 23:41:00,2026-01-07 23:47:21.374334,6.36,3,Android
5451,1780,2026-02-04 07:53:00,2026-02-04 07:54:11.402179,1.19,0,Android
5452,1780,2025-10-29 06:02:00,2025-10-29 06:08:41.280470,6.69,3,Android
5453,1781,2026-03-13 15:06:00,2026-03-13 15:07:56.383313,1.94,0,iOS
5454,1782,2024-07-01 19:45:00,2024-07-01 20:05:44.473183,20.74,10,Web
5455,1782,2024-09-22 00:33:00,2024-09-22 01:01:57.557377,28.96,14,Web
5456,1783,2024-12-17 11:20:00,2024-12-17 11:34:48.855595,14.81,7,Android
5457,1783,2025-03-12 22:34:00,2025-03-12 22:40:09.511206,6.16,3,Android
5458,1783,2024-12-14 05:30:00,2024-12-14 05:36:56.149978,6.94,3,Android
5459,1783,2024-12-26 10:05:00,2024-12-26 10:14:17.756838,9.3,4,Android
5460,1784,2025-08-24 01:01:00,2025-08-24 01:20:52.090705,19.87,9,Android
5461,1784,2025-10-11 19:40:00,2025-10-11 19:59:10.128472,19.17,9,Android
5462,1784,2025-07-13 10:26:00,2025-07-13 10:40:23.240809,14.39,7,Android
5463,1785,2024-03-20 02:57:00,2024-03-20 03:02:14.500048,5.24,2,Web
5464,1785,2024-02-18 19:20:00,2024-02-18 19:38:04.823961,18.08,9,Web
5465,1786,2024-06-14 05:33:00,2024-06-14 06:10:19.148461,37.32,18,Android
5466,1786,2024-06-23 21:58:00,2024-06-23 22:29:50.366819,31.84,15,Android
5467,1786,2024-06-30 12:40:00,2024-06-30 13:22:03.181100,42.05,21,Android
5468,1787,2024-10-09 23:47:00,2024-10-09 23:50:46.249068,3.77,1,Android
5469,1787,2024-09-28 03:12:00,2024-09-28 03:19:44.185329,7.74,3,Android
5470,1787,2024-08-24 20:57:00,2024-08-24 21:10:54.210991,13.9,6,Android
5471,1788,2024-12-05 03:10:00,2024-12-05 03:19:29.192400,9.49,4,Android
5472,1788,2024-11-01 19:52:00,2024-11-01 19:58:15.440496,6.26,3,Android
5473,1789,2024-02-19 06:22:00,2024-02-19 06:36:34.443218,14.57,7,Android
5474,1789,2024-01-17 11:34:00,2024-01-17 11:35:06.935799,1.12,0,Android
5475,1789,2024-05-05 12:00:00,2024-05-05 12:13:43.726397,13.73,6,Android
5476,1790,2025-12-27 01:10:00,2025-12-27 01:46:53.388195,36.89,18,Android
5477,1790,2026-02-27 02:56:00,2026-02-27 03:33:09.844499,37.16,18,Android
5478,1791,2024-08-10 01:09:00,2024-08-10 01:12:28.141223,3.47,1,Android
5479,1791,2024-11-05 05:09:00,2024-11-05 05:10:42.515938,1.71,0,Android
5480,1792,2025-08-12 13:14:00,2025-08-12 13:32:46.953135,18.78,9,iOS
5481,1792,2025-09-04 12:42:00,2025-09-04 12:50:34.738575,8.58,4,iOS
5482,1792,2025-09-10 00:00:00,2025-09-10 00:16:50.578646,16.84,8,iOS
5483,1793,2025-05-19 03:08:00,2025-05-19 03:44:58.095717,36.97,18,iOS
5484,1794,2024-08-06 20:57:00,2024-08-06 21:13:28.773432,16.48,8,Web
5485,1795,2025-04-19 23:41:00,2025-04-19 23:56:43.821264,15.73,7,Web
5486,1795,2025-04-18 18:46:00,2025-04-18 19:04:13.228692,18.22,9,Web
5487,1796,2025-05-26 13:47:00,2025-05-26 14:09:25.875170,22.43,11,Android
5488,1796,2025-08-09 06:27:00,2025-08-09 06:49:18.481078,22.31,11,Android
5489,1797,2025-01-20 10:49:00,2025-01-20 11:05:33.813518,16.56,8,Android
5490,1797,2025-01-29 17:27:00,2025-01-29 17:36:35.920301,9.6,4,Android
5491,1798,2024-05-01 07:28:00,2024-05-01 07:47:30.663525,19.51,9,Android
5492,1798,2024-03-08 11:44:00,2024-03-08 12:00:12.311567,16.21,8,Android
5493,1798,2024-05-19 15:29:00,2024-05-19 15:30:54.220301,1.9,0,Android
5494,1798,2024-05-23 13:45:00,2024-05-23 13:48:52.310713,3.87,1,Android
5495,1799,2025-08-19 15:21:00,2025-08-19 15:34:34.157710,13.57,6,iOS
5496,1799,2025-11-19 03:58:00,2025-11-19 04:11:09.047117,13.15,6,iOS
5497,1799,2025-10-08 15:53:00,2025-10-08 15:58:16.408420,5.27,2,iOS
5498,1800,2024-03-13 13:13:00,2024-03-13 13:14:20.375838,1.34,0,Android
5499,1800,2024-02-02 11:26:00,2024-02-02 11:42:07.391085,16.12,8,Android
5500,1800,2024-02-29 05:14:00,2024-02-29 05:28:57.003293,14.95,7,Android
5501,1801,2024-01-29 05:55:00,2024-01-29 06:04:52.717084,9.88,4,Android
5502,1802,2025-12-18 17:54:00,2025-12-18 18:30:54.163528,36.9,18,Android
5503,1802,2026-02-03 19:19:00,2026-02-03 19:46:39.734040,27.66,13,Android
5504,1802,2025-12-17 21:07:00,2025-12-17 21:48:23.687540,41.39,20,Android
5505,1803,2024-11-27 11:26:00,2024-11-27 11:39:48.596400,13.81,6,Android
5506,1803,2025-01-02 15:10:00,2025-01-02 15:28:12.903944,18.22,9,Android
5507,1804,2025-12-22 19:49:00,2025-12-22 20:07:20.194364,18.34,9,Android
5508,1804,2025-12-08 14:08:00,2025-12-08 14:13:33.189738,5.55,2,Android
5509,1805,2024-07-20 16:02:00,2024-07-20 16:13:13.271069,11.22,5,Android
5510,1806,2024-07-27 15:25:00,2024-07-27 15:37:53.342383,12.89,6,iOS
5511,1807,2026-01-10 08:33:00,2026-01-10 08:34:37.391469,1.62,0,iOS
5512,1807,2026-02-13 21:03:00,2026-02-13 21:04:13.553177,1.23,0,iOS
5513,1808,2026-02-20 04:57:00,2026-02-20 05:15:15.892126,18.26,9,Android
5514,1808,2026-03-08 15:59:00,2026-03-08 16:12:12.232248,13.2,6,Android
5515,1809,2025-10-30 10:38:00,2025-10-30 10:45:50.229775,7.84,3,Web
5516,1809,2025-10-29 04:05:00,2025-10-29 04:24:33.613695,19.56,9,Web
5517,1809,2025-09-12 12:17:00,2025-09-12 12:36:19.055329,19.32,9,Web
5518,1810,2024-07-14 09:13:00,2024-07-14 09:24:53.663814,11.89,5,Android
5519,1810,2024-06-06 07:34:00,2024-06-06 07:47:43.807767,13.73,6,Android
5520,1810,2024-04-16 14:34:00,2024-04-16 14:39:36.191142,5.6,2,Android
5521,1811,2024-06-03 19:18:00,2024-06-03 19:28:08.122979,10.14,5,iOS
5522,1811,2024-07-03 12:41:00,2024-07-03 12:55:56.536435,14.94,7,iOS
5523,1811,2024-05-09 22:29:00,2024-05-09 22:45:29.333371,16.49,8,iOS
5524,1812,2025-07-04 16:49:00,2025-07-04 16:54:20.003123,5.33,2,iOS
5525,1812,2025-09-02 09:44:00,2025-09-02 09:51:33.826076,7.56,3,iOS
5526,1812,2025-08-29 22:48:00,2025-08-29 22:55:09.584445,7.16,3,iOS
5527,1812,2025-06-27 10:43:00,2025-06-27 11:00:09.983467,17.17,8,iOS
5528,1812,2025-06-15 07:39:00,2025-06-15 07:44:07.296133,5.12,2,iOS
5529,1813,2025-09-13 19:25:00,2025-09-13 19:35:11.304393,10.19,5,iOS
5530,1813,2025-08-17 14:15:00,2025-08-17 14:33:59.580083,18.99,9,iOS
5531,1813,2025-09-02 04:23:00,2025-09-02 04:34:50.620020,11.84,5,iOS
5532,1813,2025-09-29 03:51:00,2025-09-29 04:08:28.808792,17.48,8,iOS
5533,1814,2025-02-10 07:51:00,2025-02-10 07:58:53.827788,7.9,3,Android
5534,1814,2025-04-03 14:31:00,2025-04-03 14:42:32.901476,11.55,5,Android
5535,1814,2025-05-11 10:12:00,2025-05-11 10:25:26.191916,13.44,6,Android
5536,1814,2025-03-18 10:33:00,2025-03-18 10:47:04.618516,14.08,7,Android
5537,1815,2024-12-12 03:48:00,2024-12-12 03:50:39.288943,2.65,1,iOS
5538,1815,2024-12-23 00:12:00,2024-12-23 00:16:58.490361,4.97,2,iOS
5539,1815,2025-03-14 13:16:00,2025-03-14 13:28:13.393894,12.22,6,iOS
5540,1816,2025-08-01 04:39:00,2025-08-01 05:07:25.076625,28.42,14,iOS
5541,1816,2025-10-29 20:57:00,2025-10-29 21:06:49.184379,9.82,4,iOS
5542,1817,2025-05-11 02:20:00,2025-05-11 03:02:27.673088,42.46,21,Web
5543,1818,2024-06-29 22:44:00,2024-06-29 22:50:48.014649,6.8,3,Web
5544,1818,2024-04-26 11:22:00,2024-04-26 11:32:15.425540,10.26,5,Web
5545,1818,2024-04-27 05:50:00,2024-04-27 05:53:05.456504,3.09,1,Web
5546,1818,2024-05-08 20:32:00,2024-05-08 20:50:38.758387,18.65,9,Web
5547,1819,2024-01-16 00:39:00,2024-01-16 00:42:11.242078,3.19,1,Web
5548,1819,2024-03-29 17:54:00,2024-03-29 18:06:08.945174,12.15,6,Web
5549,1819,2024-01-22 12:53:00,2024-01-22 12:57:07.371411,4.12,2,Web
5550,1820,2024-10-18 08:49:00,2024-10-18 09:08:13.063514,19.22,9,iOS
5551,1820,2024-10-06 08:18:00,2024-10-06 08:19:00.174761,1.0,0,iOS
5552,1820,2024-11-07 17:36:00,2024-11-07 17:47:55.264589,11.92,5,iOS
5553,1820,2024-10-16 04:41:00,2024-10-16 04:55:05.909379,14.1,7,iOS
5554,1821,2025-05-27 00:30:00,2025-05-27 00:42:56.828002,12.95,6,Android
5555,1821,2025-06-13 11:27:00,2025-06-13 11:37:03.824700,10.06,5,Android
5556,1821,2025-06-25 06:23:00,2025-06-25 06:35:11.890833,12.2,6,Android
5557,1822,2024-11-25 08:55:00,2024-11-25 09:03:35.208087,8.59,4,iOS
5558,1822,2024-11-12 00:41:00,2024-11-12 00:59:29.484262,18.49,9,iOS
5559,1823,2024-08-03 06:11:00,2024-08-03 06:13:20.248420,2.34,1,Android
5560,1823,2024-08-15 12:25:00,2024-08-15 12:36:13.108810,11.22,5,Android
5561,1823,2024-08-29 14:31:00,2024-08-29 14:39:37.505103,8.63,4,Android
5562,1823,2024-07-01 17:32:00,2024-07-01 17:37:02.875760,5.05,2,Android
5563,1823,2024-06-17 16:32:00,2024-06-17 16:49:20.367438,17.34,8,Android
5564,1824,2025-05-17 22:01:00,2025-05-17 22:05:19.220917,4.32,2,Web
5565,1824,2025-08-03 08:57:00,2025-08-03 09:13:50.772848,16.85,8,Web
5566,1825,2025-02-05 02:16:00,2025-02-05 02:28:52.764662,12.88,6,iOS
5567,1825,2025-02-27 23:55:00,2025-02-27 23:56:42.251969,1.7,0,iOS
5568,1825,2025-01-22 13:29:00,2025-01-22 13:44:19.823697,15.33,7,iOS
5569,1826,2024-05-22 14:51:00,2024-05-22 15:26:14.976733,35.25,17,Android
5570,1826,2024-03-03 03:15:00,2024-03-03 03:48:10.910756,33.18,16,Android
5571,1826,2024-05-10 04:06:00,2024-05-10 04:44:54.948832,38.92,19,Android
5572,1827,2026-01-02 18:41:00,2026-01-02 18:42:51.905455,1.87,0,Android
5573,1827,2025-10-06 02:29:00,2025-10-06 02:31:19.906583,2.33,1,Android
5574,1828,2025-09-08 20:55:00,2025-09-08 21:14:55.994975,19.93,9,Android
5575,1828,2025-07-21 23:49:00,2025-07-22 00:02:40.827217,13.68,6,Android
5576,1829,2025-04-28 11:17:00,2025-04-28 11:21:56.214436,4.94,2,Android
5577,1829,2025-07-09 01:18:00,2025-07-09 01:34:45.596875,16.76,8,Android
5578,1830,2025-07-28 23:36:00,2025-07-28 23:38:12.489565,2.21,1,Android
5579,1830,2025-07-08 10:56:00,2025-07-08 11:05:22.113876,9.37,4,Android
5580,1831,2025-08-20 10:35:00,2025-08-20 10:49:28.351591,14.47,7,iOS
5581,1831,2025-10-03 19:17:00,2025-10-03 19:20:41.575444,3.69,1,iOS
5582,1831,2025-07-19 14:26:00,2025-07-19 14:30:38.268875,4.64,2,iOS
5583,1831,2025-07-28 01:59:00,2025-07-28 02:11:22.944807,12.38,6,iOS
5584,1832,2025-11-28 20:30:00,2025-11-28 20:43:28.254146,13.47,6,Android
5585,1832,2025-10-03 20:06:00,2025-10-03 20:26:56.855856,20.95,10,Android
5586,1833,2026-02-20 16:23:00,2026-02-20 16:35:42.767570,12.71,6,Android
5587,1833,2025-12-02 10:43:00,2025-12-02 11:02:13.424032,19.22,9,Android
5588,1833,2026-02-12 08:55:00,2026-02-12 09:03:23.324859,8.39,4,Android
5589,1834,2025-09-05 00:27:00,2025-09-05 00:59:59.274179,32.99,16,Web
5590,1835,2024-10-05 00:39:00,2024-10-05 01:01:11.780510,22.2,11,Web
5591,1836,2024-09-03 22:56:00,2024-09-03 23:04:25.949849,8.43,4,Android
5592,1836,2024-10-11 13:25:00,2024-10-11 13:43:01.728992,18.03,9,Android
5593,1836,2024-10-11 19:46:00,2024-10-11 20:09:40.820663,23.68,11,Android
5594,1837,2025-01-21 09:32:00,2025-01-21 09:37:41.404416,5.69,2,Android
5595,1838,2024-12-12 04:43:00,2024-12-12 04:44:54.347251,1.91,0,iOS
5596,1838,2024-12-13 19:27:00,2024-12-13 19:43:52.348388,16.87,8,iOS
5597,1838,2025-01-31 18:18:00,2025-01-31 18:27:15.314803,9.26,4,iOS
5598,1838,2025-03-04 19:55:00,2025-03-04 20:12:36.384988,17.61,8,iOS
5599,1839,2024-09-02 10:27:00,2024-09-02 10:46:33.635158,19.56,9,Android
5600,1839,2024-08-31 11:20:00,2024-08-31 11:34:12.758905,14.21,7,Android
5601,1839,2024-12-02 23:57:00,2024-12-03 00:08:37.093590,11.62,5,Android
5602,1839,2024-11-24 15:16:00,2024-11-24 15:21:43.148929,5.72,2,Android
5603,1840,2024-05-16 03:12:00,2024-05-16 03:21:01.502716,9.03,4,Android
5604,1840,2024-05-28 22:26:00,2024-05-28 22:40:20.014736,14.33,7,Android
5605,1840,2024-05-16 22:13:00,2024-05-16 22:18:11.794032,5.2,2,Android
5606,1841,2024-12-18 04:05:00,2024-12-18 04:08:36.239133,3.6,1,Android
5607,1841,2024-12-24 22:59:00,2024-12-24 23:10:57.656755,11.96,5,Android
5608,1841,2025-01-30 23:10:00,2025-01-30 23:17:04.919206,7.08,3,Android
5609,1842,2025-08-07 22:49:00,2025-08-07 22:52:39.031008,3.65,1,Web
5610,1843,2024-12-09 23:09:00,2024-12-09 23:13:25.167961,4.42,2,iOS
5611,1843,2024-12-16 07:59:00,2024-12-16 08:02:16.167605,3.27,1,iOS
5612,1844,2025-04-22 15:34:00,2025-04-22 15:43:50.707457,9.85,4,Android
5613,1844,2025-05-14 17:12:00,2025-05-14 17:14:49.986550,2.83,1,Android
5614,1844,2025-01-29 06:01:00,2025-01-29 06:15:18.944949,14.32,7,Android
5615,1844,2025-04-30 06:46:00,2025-04-30 06:55:45.031152,9.75,4,Android
5616,1845,2024-06-14 17:56:00,2024-06-14 18:10:32.531600,14.54,7,Android
5617,1845,2024-04-30 20:03:00,2024-04-30 20:10:59.341257,7.99,3,Android
5618,1845,2024-07-05 23:58:00,2024-07-06 00:16:56.730717,18.95,9,Android
5619,1846,2024-04-24 17:05:00,2024-04-24 17:10:31.171420,5.52,2,Android
5620,1846,2024-07-31 09:06:00,2024-07-31 09:18:49.182659,12.82,6,Android
5621,1847,2025-09-30 14:50:00,2025-09-30 15:00:54.786913,10.91,5,Android
5622,1847,2025-11-03 13:21:00,2025-11-03 13:24:32.963639,3.55,1,Android
5623,1847,2025-10-19 13:44:00,2025-10-19 14:02:26.325670,18.44,9,Android
5624,1848,2024-05-14 03:56:00,2024-05-14 04:07:06.556609,11.11,5,iOS
5625,1848,2024-07-15 15:52:00,2024-07-15 16:10:14.797053,18.25,9,iOS
5626,1848,2024-06-01 11:53:00,2024-06-01 11:59:13.743256,6.23,3,iOS
5627,1848,2024-07-24 11:04:00,2024-07-24 11:16:27.058790,12.45,6,iOS
5628,1848,2024-05-23 02:17:00,2024-05-23 02:30:52.552097,13.88,6,iOS
5629,1849,2024-07-31 13:09:00,2024-07-31 13:23:29.126277,14.49,7,Android
5630,1850,2024-08-30 13:31:00,2024-08-30 13:55:36.590301,24.61,12,iOS
5631,1850,2024-09-09 07:21:00,2024-09-09 08:01:55.633256,40.93,20,iOS
5632,1850,2024-11-25 12:54:00,2024-11-25 13:07:29.025119,13.48,6,iOS
5633,1851,2024-03-28 00:31:00,2024-03-28 00:40:44.903514,9.75,4,Android
5634,1851,2024-02-12 06:40:00,2024-02-12 06:46:09.512023,6.16,3,Android
5635,1851,2024-02-11 09:44:00,2024-02-11 09:52:59.977528,9.0,4,Android
5636,1852,2025-11-02 21:59:00,2025-11-02 22:09:22.866830,10.38,5,Android
5637,1852,2025-12-13 12:14:00,2025-12-13 12:30:57.241841,16.95,8,Android
5638,1852,2025-12-27 22:17:00,2025-12-27 22:34:10.105908,17.17,8,Android
5639,1853,2025-01-03 00:33:00,2025-01-03 00:36:24.633788,3.41,1,Android
5640,1854,2024-03-21 12:52:00,2024-03-21 12:54:19.931911,2.33,1,iOS
5641,1855,2025-08-29 01:22:00,2025-08-29 01:33:21.965348,11.37,5,Web
5642,1855,2025-09-24 07:28:00,2025-09-24 07:36:22.603466,8.38,4,Web
5643,1856,2025-05-10 07:44:00,2025-05-10 07:45:34.556010,1.58,0,iOS
5644,1856,2025-06-03 00:53:00,2025-06-03 00:58:31.926524,5.53,2,iOS
5645,1856,2025-04-15 06:29:00,2025-04-15 06:39:42.830952,10.71,5,iOS
5646,1856,2025-08-03 23:59:00,2025-08-04 00:11:33.958217,12.57,6,iOS
5647,1857,2024-03-21 07:03:00,2024-03-21 07:05:40.099741,2.67,1,iOS
5648,1857,2024-01-26 11:14:00,2024-01-26 11:21:45.940303,7.77,3,iOS
5649,1857,2024-04-08 11:41:00,2024-04-08 11:58:24.583407,17.41,8,iOS
5650,1857,2024-03-29 20:01:00,2024-03-29 20:02:25.375201,1.42,0,iOS
5651,1857,2024-04-10 20:20:00,2024-04-10 20:32:43.411164,12.72,6,iOS
5652,1857,2024-04-09 08:04:00,2024-04-09 08:19:33.284173,15.55,7,iOS
5653,1857,2024-04-01 01:37:00,2024-04-01 01:47:34.765394,10.58,5,iOS
5654,1858,2025-04-11 16:29:00,2025-04-11 16:39:01.971118,10.03,5,Android
5655,1858,2025-03-27 06:28:00,2025-03-27 06:34:15.672445,6.26,3,Android
5656,1859,2026-01-06 12:12:00,2026-01-06 12:21:32.177314,9.54,4,Android
5657,1859,2025-10-15 15:50:00,2025-10-15 16:08:32.826559,18.55,9,Android
5658,1860,2024-09-14 14:57:00,2024-09-14 15:26:30.164609,29.5,14,Android
5659,1860,2024-10-07 18:07:00,2024-10-07 18:34:05.868473,27.1,13,Android
5660,1860,2024-08-22 02:57:00,2024-08-22 03:29:28.438411,32.47,16,Android
5661,1861,2024-05-22 20:25:00,2024-05-22 20:40:59.523890,15.99,7,Android
5662,1861,2024-04-23 11:14:00,2024-04-23 11:24:32.470381,10.54,5,Android
5663,1861,2024-06-05 10:13:00,2024-06-05 10:32:16.851671,19.28,9,Android
5664,1861,2024-03-11 19:54:00,2024-03-11 20:10:06.511341,16.11,8,Android
5665,1861,2024-03-20 07:48:00,2024-03-20 07:50:53.393835,2.89,1,Android
5666,1862,2025-06-21 01:05:00,2025-06-21 01:49:59.287106,44.99,22,Web
5667,1862,2025-06-23 09:43:00,2025-06-23 10:23:03.182212,40.05,20,Web
5668,1862,2025-10-01 15:46:00,2025-10-01 16:27:11.751561,41.2,20,Web
5669,1863,2025-07-20 23:45:00,2025-07-20 23:48:26.148369,3.44,1,Android
5670,1863,2025-08-08 10:17:00,2025-08-08 10:33:39.424210,16.66,8,Android
5671,1863,2025-08-20 05:30:00,2025-08-20 05:38:44.332256,8.74,4,Android
5672,1864,2025-10-07 16:36:00,2025-10-07 16:47:31.916194,11.53,5,iOS
5673,1865,2025-08-30 18:31:00,2025-08-30 18:45:26.814995,14.45,7,Android
5674,1865,2025-09-08 09:02:00,2025-09-08 09:04:22.020833,2.37,1,Android
5675,1865,2025-10-01 12:38:00,2025-10-01 12:57:22.703754,19.38,9,Android
5676,1865,2025-10-12 08:30:00,2025-10-12 08:46:19.572728,16.33,8,Android
5677,1865,2025-10-08 10:01:00,2025-10-08 10:12:06.451918,11.11,5,Android
5678,1865,2025-10-28 11:35:00,2025-10-28 11:38:37.997877,3.63,1,Android
5679,1865,2025-08-28 10:44:00,2025-08-28 10:48:02.428359,4.04,2,Android
5680,1866,2024-11-22 20:09:00,2024-11-22 20:18:02.197274,9.04,4,Web
5681,1866,2024-10-14 06:51:00,2024-10-14 06:59:56.804917,8.95,4,Web
5682,1866,2024-12-12 07:50:00,2024-12-12 08:04:55.916755,14.93,7,Web
5683,1866,2024-09-24 06:55:00,2024-09-24 07:01:51.303937,6.86,3,Web
5684,1867,2026-01-03 05:48:00,2026-01-03 05:50:11.159518,2.19,1,Android
5685,1867,2025-12-18 09:49:00,2025-12-18 10:08:47.894996,19.8,9,Android
5686,1867,2026-02-11 02:59:00,2026-02-11 03:02:34.849527,3.58,1,Android
5687,1868,2025-04-02 22:03:00,2025-04-02 22:07:21.286640,4.35,2,Web
5688,1868,2025-07-27 04:32:00,2025-07-27 04:46:16.128854,14.27,7,Web
5689,1869,2024-04-12 10:16:00,2024-04-12 10:26:57.818071,10.96,5,Android
5690,1869,2024-03-10 03:40:00,2024-03-10 03:54:54.644797,14.91,7,Android
5691,1869,2024-02-25 13:09:00,2024-02-25 13:25:58.180893,16.97,8,Android
5692,1869,2024-04-18 20:24:00,2024-04-18 20:28:55.717393,4.93,2,Android
5693,1869,2024-05-05 13:03:00,2024-05-05 13:11:32.744497,8.55,4,Android
5694,1870,2024-09-08 20:32:00,2024-09-08 20:34:01.658161,2.03,1,Android
5695,1870,2024-08-20 08:45:00,2024-08-20 08:49:33.993682,4.57,2,Android
5696,1870,2024-08-11 04:37:00,2024-08-11 04:50:56.755205,13.95,6,Android
5697,1870,2024-11-16 13:12:00,2024-11-16 13:17:22.568255,5.38,2,Android
5698,1871,2025-12-25 14:31:00,2025-12-25 14:35:36.095307,4.6,2,Android
5699,1872,2024-04-16 23:48:00,2024-04-17 00:07:45.475263,19.76,9,iOS
5700,1872,2024-05-17 07:10:00,2024-05-17 07:19:18.118378,9.3,4,iOS
5701,1872,2024-03-28 05:59:00,2024-03-28 06:04:18.315553,5.31,2,iOS
5702,1872,2024-07-09 16:02:00,2024-07-09 16:06:02.554440,4.04,2,iOS
5703,1873,2024-03-12 18:52:00,2024-03-12 19:19:11.377485,27.19,13,iOS
5704,1874,2025-07-10 02:53:00,2025-07-10 03:08:59.065100,15.98,7,iOS
5705,1874,2025-06-20 18:50:00,2025-06-20 19:08:47.903453,18.8,9,iOS
5706,1875,2025-01-31 17:04:00,2025-01-31 17:21:15.518213,17.26,8,Android
5707,1875,2024-12-21 02:27:00,2024-12-21 02:29:14.819238,2.25,1,Android
5708,1876,2025-04-22 21:30:00,2025-04-22 21:55:35.134174,25.59,12,Android
5709,1876,2025-02-16 20:54:00,2025-02-16 21:05:06.010144,11.1,5,Android
5710,1877,2024-04-16 11:10:00,2024-04-16 11:29:22.756469,19.38,9,Android
5711,1877,2024-04-24 01:51:00,2024-04-24 02:03:01.554584,12.03,6,Android
5712,1878,2024-12-25 06:34:00,2024-12-25 06:50:51.875281,16.86,8,Web
5713,1878,2024-10-20 22:18:00,2024-10-20 22:19:55.881418,1.93,0,Web
5714,1878,2024-11-16 23:36:00,2024-11-16 23:51:04.768796,15.08,7,Web
5715,1878,2024-12-05 12:54:00,2024-12-05 13:04:05.830810,10.1,5,Web
5716,1878,2024-11-01 05:34:00,2024-11-01 05:49:40.354385,15.67,7,Web
5717,1879,2025-09-05 15:01:00,2025-09-05 15:19:03.208013,18.05,9,Web
5718,1879,2025-08-27 12:19:00,2025-08-27 12:34:55.348397,15.92,7,Web
5719,1879,2025-10-17 17:07:00,2025-10-17 17:23:09.372133,16.16,8,Web
5720,1880,2025-09-22 15:50:00,2025-09-22 16:00:00.152749,10.0,5,iOS
5721,1880,2025-08-30 08:29:00,2025-08-30 08:37:15.299423,8.25,4,iOS
5722,1881,2025-01-30 21:25:00,2025-01-30 22:06:10.907908,41.18,20,Web
5723,1881,2024-11-08 20:27:00,2024-11-08 20:42:48.629791,15.81,7,Web
5724,1882,2025-09-14 11:49:00,2025-09-14 12:01:31.915527,12.53,6,Web
5725,1882,2025-09-30 20:47:00,2025-09-30 20:48:06.834360,1.11,0,Web
5726,1882,2025-11-11 16:44:00,2025-11-11 16:59:39.159070,15.65,7,Web
5727,1883,2025-12-02 12:35:00,2025-12-02 12:39:32.512072,4.54,2,iOS
5728,1883,2026-01-16 16:59:00,2026-01-16 17:03:57.502905,4.96,2,iOS
5729,1883,2026-01-05 09:10:00,2026-01-05 09:14:19.214225,4.32,2,iOS
5730,1884,2024-07-05 06:37:00,2024-07-05 06:51:16.880652,14.28,7,Web
5731,1884,2024-05-14 14:16:00,2024-05-14 14:26:11.732069,10.2,5,Web
5732,1884,2024-08-10 07:03:00,2024-08-10 07:12:44.162416,9.74,4,Web
5733,1884,2024-07-30 03:17:00,2024-07-30 03:22:41.466398,5.69,2,Web
5734,1885,2024-07-01 21:17:00,2024-07-01 21:32:23.890340,15.4,7,Android
5735,1885,2024-07-05 13:52:00,2024-07-05 13:56:53.147765,4.89,2,Android
5736,1885,2024-05-03 19:35:00,2024-05-03 19:47:32.414131,12.54,6,Android
5737,1885,2024-04-06 00:52:00,2024-04-06 01:05:34.362524,13.57,6,Android
5738,1885,2024-07-15 21:55:00,2024-07-15 22:09:04.107830,14.07,7,Android
5739,1885,2024-07-01 22:48:00,2024-07-01 23:01:18.588368,13.31,6,Android
5740,1886,2025-06-28 06:57:00,2025-06-28 07:13:08.411275,16.14,8,iOS
5741,1886,2025-04-05 13:34:00,2025-04-05 14:04:43.973477,30.73,15,iOS
5742,1886,2025-05-02 13:13:00,2025-05-02 13:54:59.746996,42.0,20,iOS
5743,1887,2025-03-10 12:10:00,2025-03-10 12:14:20.148628,4.34,2,iOS
5744,1887,2025-03-06 21:46:00,2025-03-06 21:53:26.780163,7.45,3,iOS
5745,1887,2024-12-25 16:33:00,2024-12-25 16:36:20.732795,3.35,1,iOS
5746,1887,2024-12-03 17:38:00,2024-12-03 17:53:30.890975,15.51,7,iOS
5747,1888,2025-09-04 23:20:00,2025-09-04 23:45:21.969051,25.37,12,Android
5748,1888,2025-09-26 03:01:00,2025-09-26 03:31:36.911700,30.62,15,Android
5749,1888,2025-07-19 17:17:00,2025-07-19 17:51:39.230562,34.65,17,Android
5750,1889,2024-04-10 00:17:00,2024-04-10 00:30:33.751249,13.56,6,iOS
5751,1889,2024-01-24 21:21:00,2024-01-24 21:29:36.332335,8.61,4,iOS
5752,1889,2024-02-29 09:32:00,2024-02-29 09:35:51.619936,3.86,1,iOS
5753,1890,2024-04-16 10:05:00,2024-04-16 10:13:26.771167,8.45,4,Android
5754,1890,2024-05-12 11:54:00,2024-05-12 12:10:58.527019,16.98,8,Android
5755,1890,2024-04-10 08:18:00,2024-04-10 08:22:31.361817,4.52,2,Android
5756,1890,2024-02-15 12:15:00,2024-02-15 12:30:19.426023,15.32,7,Android
5757,1890,2024-03-09 01:40:00,2024-03-09 01:52:13.181895,12.22,6,Android
5758,1891,2024-06-26 04:22:00,2024-06-26 04:23:42.118937,1.7,0,Android
5759,1891,2024-05-07 16:12:00,2024-05-07 16:27:24.030984,15.4,7,Android
5760,1892,2025-09-04 08:09:00,2025-09-04 08:15:22.429079,6.37,3,Android
5761,1892,2025-10-22 01:00:00,2025-10-22 01:08:17.202294,8.29,4,Android
5762,1893,2024-08-14 10:56:00,2024-08-14 11:23:10.201762,27.17,13,Android
5763,1893,2024-11-02 09:34:00,2024-11-02 09:46:41.287217,12.69,6,Android
5764,1893,2024-08-24 20:06:00,2024-08-24 20:22:13.349161,16.22,8,Android
5765,1893,2024-11-17 22:37:00,2024-11-17 23:02:52.099621,25.87,12,Android
5766,1894,2025-05-19 22:36:00,2025-05-19 22:41:56.342058,5.94,2,Android
5767,1894,2025-08-04 10:19:00,2025-08-04 10:34:53.169215,15.89,7,Android
5768,1894,2025-08-10 19:53:00,2025-08-10 20:00:57.857742,7.96,3,Android
5769,1894,2025-07-05 11:42:00,2025-07-05 11:46:39.594007,4.66,2,Android
5770,1894,2025-05-07 02:22:00,2025-05-07 02:40:27.711027,18.46,9,Android
5771,1894,2025-05-24 01:59:00,2025-05-24 02:12:13.834965,13.23,6,Android
5772,1895,2024-07-30 11:27:00,2024-07-30 11:40:15.002540,13.25,6,Android
5773,1895,2024-06-27 09:50:00,2024-06-27 10:12:37.837432,22.63,11,Android
5774,1895,2024-05-25 09:20:00,2024-05-25 09:51:18.739994,31.31,15,Android
5775,1895,2024-08-23 04:48:00,2024-08-23 05:01:41.069815,13.68,6,Android
5776,1895,2024-05-24 08:11:00,2024-05-24 08:50:19.148719,39.32,19,Android
5777,1896,2025-08-02 10:08:00,2025-08-02 10:23:53.373043,15.89,7,Android
5778,1897,2024-12-31 04:33:00,2024-12-31 04:44:48.033409,11.8,5,Android
5779,1897,2024-09-12 19:53:00,2024-09-12 20:03:18.099488,10.3,5,Android
5780,1898,2024-08-27 16:14:00,2024-08-27 16:23:58.823295,9.98,4,iOS
5781,1898,2024-05-27 12:50:00,2024-05-27 13:07:37.596401,17.63,8,iOS
5782,1898,2024-07-10 11:47:00,2024-07-10 11:56:00.754250,9.01,4,iOS
5783,1898,2024-08-10 21:06:00,2024-08-10 21:13:30.622695,7.51,3,iOS
5784,1898,2024-06-15 18:10:00,2024-06-15 18:24:32.721408,14.55,7,iOS
5785,1899,2025-12-24 20:49:00,2025-12-24 21:30:19.100605,41.32,20,Web
5786,1900,2024-04-22 09:58:00,2024-04-22 10:16:00.855037,18.01,9,Android
5787,1900,2024-07-04 21:38:00,2024-07-04 21:57:32.682813,19.54,9,Android
5788,1900,2024-05-08 05:50:00,2024-05-08 05:56:02.188967,6.04,3,Android
5789,1901,2025-07-27 14:09:00,2025-07-27 14:26:40.567621,17.68,8,Android
5790,1901,2025-09-22 07:49:00,2025-09-22 07:56:28.867816,7.48,3,Android
5791,1901,2025-09-07 04:23:00,2025-09-07 04:24:04.462607,1.07,0,Android
5792,1901,2025-09-15 23:12:00,2025-09-15 23:14:52.187072,2.87,1,Android
5793,1902,2024-11-10 17:41:00,2024-11-10 17:44:35.827030,3.6,1,Web
5794,1902,2024-11-18 05:04:00,2024-11-18 05:19:14.206407,15.24,7,Web
5795,1902,2025-01-03 08:08:00,2025-01-03 08:22:02.776360,14.05,7,Web
5796,1902,2025-01-17 10:34:00,2025-01-17 10:52:29.433548,18.49,9,Web
5797,1903,2024-10-24 14:23:00,2024-10-24 14:34:16.727907,11.28,5,iOS
5798,1903,2025-01-26 07:05:00,2025-01-26 07:29:50.288394,24.84,12,iOS
5799,1904,2024-09-23 10:02:00,2024-09-23 10:04:38.920037,2.65,1,iOS
5800,1905,2024-02-19 07:39:00,2024-02-19 07:51:51.194207,12.85,6,Android
5801,1905,2024-03-21 13:49:00,2024-03-21 13:51:15.422915,2.26,1,Android
5802,1905,2024-05-12 14:49:00,2024-05-12 14:52:45.200934,3.75,1,Android
5803,1906,2025-07-03 20:45:00,2025-07-03 20:46:35.139225,1.59,0,iOS
5804,1906,2025-07-16 11:13:00,2025-07-16 11:14:17.799177,1.3,0,iOS
5805,1907,2025-12-20 18:20:00,2025-12-20 18:32:43.786902,12.73,6,Web
5806,1907,2025-12-22 08:24:00,2025-12-22 08:26:38.838196,2.65,1,Web
5807,1907,2025-09-23 22:19:00,2025-09-23 22:24:27.543255,5.46,2,Web
5808,1907,2025-11-14 05:48:00,2025-11-14 05:54:18.946492,6.32,3,Web
5809,1907,2025-10-27 19:41:00,2025-10-27 19:55:44.012032,14.73,7,Web
5810,1907,2025-11-16 12:53:00,2025-11-16 13:07:36.509724,14.61,7,Web
5811,1907,2025-11-14 16:33:00,2025-11-14 16:42:41.162164,9.69,4,Web
5812,1907,2025-12-17 12:46:00,2025-12-17 12:49:40.328325,3.67,1,Web
5813,1908,2024-03-03 05:09:00,2024-03-03 05:21:23.321077,12.39,6,iOS
5814,1909,2025-04-24 22:43:00,2025-04-24 23:20:47.531862,37.79,18,Android
5815,1910,2024-02-19 08:11:00,2024-02-19 08:29:58.720238,18.98,9,iOS
5816,1910,2024-02-26 09:45:00,2024-02-26 09:52:01.980291,7.03,3,iOS
5817,1911,2025-10-06 07:31:00,2025-10-06 07:40:35.919093,9.6,4,iOS
5818,1911,2025-12-11 15:59:00,2025-12-11 16:16:41.604186,17.69,8,iOS
5819,1911,2025-10-15 00:52:00,2025-10-15 00:56:11.556786,4.19,2,iOS
5820,1912,2024-05-21 09:17:00,2024-05-21 09:32:20.009697,15.33,7,iOS
5821,1913,2025-04-06 22:51:00,2025-04-06 22:58:14.791488,7.25,3,Android
5822,1913,2025-01-22 21:38:00,2025-01-22 21:39:47.613610,1.79,0,Android
5823,1914,2024-07-31 13:19:00,2024-07-31 13:32:03.820168,13.06,6,Android
5824,1914,2024-07-14 03:56:00,2024-07-14 04:06:20.385124,10.34,5,Android
5825,1915,2024-05-17 11:26:00,2024-05-17 11:33:03.906502,7.07,3,Android
5826,1915,2024-04-10 14:07:00,2024-04-10 14:21:14.711430,14.25,7,Android
5827,1915,2024-07-15 13:22:00,2024-07-15 13:26:25.974796,4.43,2,Android
5828,1916,2026-03-13 05:56:00,2026-03-13 06:00:44.842619,4.75,2,iOS
5829,1917,2025-09-08 06:49:00,2025-09-08 06:53:12.319857,4.21,2,Android
5830,1917,2025-07-27 08:52:00,2025-07-27 09:02:51.094343,10.85,5,Android
5831,1917,2025-10-31 07:25:00,2025-10-31 07:42:40.969258,17.68,8,Android
5832,1918,2025-03-17 01:15:00,2025-03-17 01:21:38.145623,6.64,3,iOS
5833,1919,2024-05-29 19:53:00,2024-05-29 20:08:46.612409,15.78,7,Android
5834,1919,2024-07-01 14:22:00,2024-07-01 14:36:40.118302,14.67,7,Android
5835,1919,2024-07-02 07:52:00,2024-07-02 08:02:12.967385,10.22,5,Android
5836,1919,2024-06-25 04:51:00,2024-06-25 05:04:15.954776,13.27,6,Android
5837,1919,2024-05-26 19:46:00,2024-05-26 19:49:49.833948,3.83,1,Android
5838,1920,2025-06-17 06:15:00,2025-06-17 06:39:30.828049,24.51,12,Android
5839,1920,2025-06-26 15:36:00,2025-06-26 16:05:46.374416,29.77,14,Android
5840,1921,2026-02-14 02:51:00,2026-02-14 03:06:50.151892,15.84,7,iOS
5841,1921,2025-12-14 11:59:00,2025-12-14 12:04:51.287308,5.85,2,iOS
5842,1921,2026-01-26 17:43:00,2026-01-26 17:44:29.572171,1.49,0,iOS
5843,1922,2025-04-29 21:55:00,2025-04-29 22:10:52.220251,15.87,7,Android
5844,1922,2025-06-22 08:42:00,2025-06-22 08:48:51.396385,6.86,3,Android
5845,1923,2025-01-16 20:13:00,2025-01-16 20:25:32.012142,12.53,6,Android
5846,1924,2024-06-25 05:20:00,2024-06-25 05:33:53.967596,13.9,6,Android
5847,1924,2024-07-02 12:25:00,2024-07-02 12:40:57.666849,15.96,7,Android
5848,1924,2024-07-28 21:05:00,2024-07-28 21:09:44.092017,4.73,2,Android
5849,1924,2024-04-09 08:35:00,2024-04-09 08:42:21.955110,7.37,3,Android
5850,1924,2024-07-21 16:36:00,2024-07-21 16:49:33.150938,13.55,6,Android
5851,1925,2025-05-20 00:11:00,2025-05-20 00:37:01.532396,26.03,13,iOS
5852,1926,2025-08-11 01:34:00,2025-08-11 01:52:13.402110,18.22,9,Android
5853,1926,2025-08-01 21:27:00,2025-08-01 21:46:17.579769,19.29,9,Android
5854,1926,2025-09-13 20:18:00,2025-09-13 20:19:37.025037,1.62,0,Android
5855,1926,2025-08-24 03:11:00,2025-08-24 03:16:30.608014,5.51,2,Android
5856,1926,2025-11-07 16:55:00,2025-11-07 17:12:47.242127,17.79,8,Android
5857,1927,2025-09-30 06:20:00,2025-09-30 06:30:57.140577,10.95,5,Android
5858,1927,2025-10-21 21:30:00,2025-10-21 21:38:46.227008,8.77,4,Android
5859,1927,2025-11-28 14:51:00,2025-11-28 14:52:54.906272,1.92,0,Android
5860,1927,2025-08-13 10:02:00,2025-08-13 10:09:32.912771,7.55,3,Android
5861,1927,2025-11-16 16:25:00,2025-11-16 16:28:45.622711,3.76,1,Android
5862,1928,2026-02-16 09:03:00,2026-02-16 09:15:32.310074,12.54,6,iOS
5863,1928,2025-12-20 13:11:00,2025-12-20 13:25:46.007297,14.77,7,iOS
5864,1928,2026-01-30 03:35:00,2026-01-30 03:38:32.379306,3.54,1,iOS
5865,1928,2026-01-04 03:31:00,2026-01-04 03:34:33.263488,3.55,1,iOS
5866,1929,2024-05-14 02:50:00,2024-05-14 02:56:48.672359,6.81,3,iOS
5867,1929,2024-05-21 02:09:00,2024-05-21 02:22:03.112769,13.05,6,iOS
5868,1929,2024-07-01 23:03:00,2024-07-01 23:13:47.109321,10.79,5,iOS
5869,1930,2025-03-31 19:33:00,2025-03-31 19:44:19.508919,11.33,5,Android
5870,1930,2025-03-03 06:35:00,2025-03-03 06:49:38.802433,14.65,7,Android
5871,1930,2025-05-18 08:39:00,2025-05-18 08:40:24.744767,1.41,0,Android
5872,1931,2024-05-17 07:42:00,2024-05-17 07:57:07.915404,15.13,7,iOS
5873,1931,2024-04-05 07:21:00,2024-04-05 07:43:36.905062,22.62,11,iOS
5874,1931,2024-04-25 05:42:00,2024-04-25 06:25:49.217672,43.82,21,iOS
5875,1931,2024-02-21 08:15:00,2024-02-21 08:59:01.556564,44.03,22,iOS
5876,1931,2024-05-07 07:21:00,2024-05-07 07:50:18.148210,29.3,14,iOS
5877,1932,2025-11-14 05:59:00,2025-11-14 06:09:08.859265,10.15,5,Android
5878,1933,2025-04-06 16:11:00,2025-04-06 16:30:18.710362,19.31,9,Android
5879,1933,2025-03-18 09:23:00,2025-03-18 09:42:21.634256,19.36,9,Android
5880,1934,2025-10-18 15:55:00,2025-10-18 16:14:51.695561,19.86,9,Android
5881,1934,2025-09-09 21:52:00,2025-09-09 22:01:06.613273,9.11,4,Android
5882,1934,2025-11-11 01:11:00,2025-11-11 01:28:40.021445,17.67,8,Android
5883,1934,2025-10-16 07:07:00,2025-10-16 07:18:13.093489,11.22,5,Android
5884,1934,2025-08-27 03:42:00,2025-08-27 03:46:27.832141,4.46,2,Android
5885,1935,2024-08-18 11:07:00,2024-08-18 11:38:05.111918,31.09,15,iOS
5886,1936,2024-06-10 16:15:00,2024-06-10 16:19:44.354348,4.74,2,Android
5887,1936,2024-06-05 06:29:00,2024-06-05 06:39:44.650995,10.74,5,Android
5888,1936,2024-06-21 22:06:00,2024-06-21 22:09:47.486605,3.79,1,Android
5889,1937,2025-10-26 15:55:00,2025-10-26 16:05:49.866555,10.83,5,Android
5890,1937,2025-09-06 06:35:00,2025-09-06 06:39:09.343041,4.16,2,Android
5891,1937,2025-07-28 06:40:00,2025-07-28 06:41:35.962130,1.6,0,Android
5892,1938,2024-04-06 14:33:00,2024-04-06 14:49:52.371961,16.87,8,Android
5893,1938,2024-04-11 22:08:00,2024-04-11 22:20:30.519457,12.51,6,Android
5894,1938,2024-04-16 16:20:00,2024-04-16 16:43:07.918818,23.13,11,Android
5895,1938,2024-06-22 02:14:00,2024-06-22 02:45:23.688205,31.39,15,Android
5896,1939,2025-12-31 21:00:00,2025-12-31 21:09:03.311073,9.06,4,Android
5897,1940,2024-06-27 17:13:00,2024-06-27 17:25:26.161609,12.44,6,iOS
5898,1940,2024-03-26 18:54:00,2024-03-26 18:59:03.608089,5.06,2,iOS
5899,1940,2024-04-16 13:13:00,2024-04-16 13:21:29.573336,8.49,4,iOS
5900,1941,2025-06-07 19:14:00,2025-06-07 19:24:07.986500,10.13,5,Web
5901,1941,2025-03-20 01:49:00,2025-03-20 01:52:19.783401,3.33,1,Web
5902,1941,2025-05-03 10:41:00,2025-05-03 10:49:42.086079,8.7,4,Web
5903,1941,2025-06-21 04:19:00,2025-06-21 04:25:37.174128,6.62,3,Web
5904,1941,2025-05-30 09:10:00,2025-05-30 09:16:13.713791,6.23,3,Web
5905,1941,2025-03-08 05:25:00,2025-03-08 05:31:53.802182,6.9,3,Web
5906,1942,2026-02-18 11:40:00,2026-02-18 11:59:05.201048,19.09,9,Android
5907,1942,2026-03-11 01:13:00,2026-03-11 01:15:26.762094,2.45,1,Android
5908,1942,2025-12-08 20:00:00,2025-12-08 20:19:29.952900,19.5,9,Android
5909,1943,2024-10-24 20:37:00,2024-10-24 20:38:26.864686,1.45,0,iOS
5910,1944,2025-04-21 04:34:00,2025-04-21 04:47:58.421976,13.97,6,Android
5911,1944,2025-05-03 02:42:00,2025-05-03 02:48:37.234855,6.62,3,Android
5912,1944,2025-04-22 19:37:00,2025-04-22 19:56:15.656827,19.26,9,Android
5913,1944,2025-03-16 13:49:00,2025-03-16 13:58:25.668215,9.43,4,Android
5914,1944,2025-03-20 13:01:00,2025-03-20 13:20:36.447570,19.61,9,Android
5915,1944,2025-01-24 13:55:00,2025-01-24 14:04:20.932869,9.35,4,Android
5916,1945,2025-01-13 05:45:00,2025-01-13 05:48:59.088680,3.98,1,Web
5917,1945,2025-03-15 20:34:00,2025-03-15 20:47:27.607309,13.46,6,Web
5918,1946,2025-01-01 04:12:00,2025-01-01 04:17:07.652097,5.13,2,Web
5919,1946,2024-12-05 01:11:00,2024-12-05 01:21:21.998391,10.37,5,Web
5920,1946,2024-11-24 03:45:00,2024-11-24 03:54:24.035554,9.4,4,Web
5921,1946,2025-01-20 04:32:00,2025-01-20 04:44:04.632306,12.08,6,Web
5922,1947,2025-01-16 22:36:00,2025-01-16 22:54:40.033737,18.67,9,Web
5923,1947,2025-01-13 21:35:00,2025-01-13 21:46:38.494224,11.64,5,Web
5924,1947,2025-04-25 13:06:00,2025-04-25 13:25:45.435935,19.76,9,Web
5925,1947,2025-03-06 09:02:00,2025-03-06 09:18:43.827261,16.73,8,Web
5926,1947,2025-04-06 04:20:00,2025-04-06 04:22:13.707616,2.23,1,Web
5927,1948,2024-04-17 11:10:00,2024-04-17 11:16:19.009930,6.32,3,Android
5928,1949,2024-08-17 02:37:00,2024-08-17 02:38:35.615576,1.59,0,Web
5929,1949,2024-07-30 15:27:00,2024-07-30 15:37:13.254072,10.22,5,Web
5930,1949,2024-08-23 10:43:00,2024-08-23 10:49:03.874203,6.06,3,Web
5931,1949,2024-09-01 10:15:00,2024-09-01 10:26:43.566539,11.73,5,Web
5932,1950,2024-10-10 05:28:00,2024-10-10 05:29:00.281484,1.0,0,Web
5933,1950,2024-12-23 06:59:00,2024-12-23 07:16:40.424347,17.67,8,Web
5934,1951,2024-03-20 00:59:00,2024-03-20 01:12:50.917622,13.85,6,Android
5935,1951,2024-01-29 08:14:00,2024-01-29 08:28:53.616682,14.89,7,Android
5936,1951,2024-02-07 18:01:00,2024-02-07 18:16:45.087782,15.75,7,Android
5937,1951,2024-03-24 06:25:00,2024-03-24 06:32:40.374346,7.67,3,Android
5938,1951,2024-04-08 13:16:00,2024-04-08 13:21:47.389781,5.79,2,Android
5939,1951,2024-04-02 19:59:00,2024-04-02 20:03:23.268686,4.39,2,Android
5940,1951,2024-02-11 11:48:00,2024-02-11 12:04:15.015903,16.25,8,Android
5941,1952,2025-01-10 19:45:00,2025-01-10 19:56:13.539008,11.23,5,Android
5942,1952,2024-11-18 02:15:00,2024-11-18 02:28:44.280575,13.74,6,Android
5943,1953,2025-03-20 22:05:00,2025-03-20 22:07:59.025085,2.98,1,Android
5944,1954,2024-09-15 02:42:00,2024-09-15 02:54:00.968468,12.02,6,Web
5945,1954,2024-07-21 06:36:00,2024-07-21 06:48:12.299371,12.2,6,Web
5946,1954,2024-11-05 04:50:00,2024-11-05 05:03:16.902516,13.28,6,Web
5947,1954,2024-09-26 04:33:00,2024-09-26 04:49:22.577706,16.38,8,Web
5948,1955,2025-07-30 15:40:00,2025-07-30 15:56:17.072856,16.28,8,iOS
5949,1955,2025-07-02 02:02:00,2025-07-02 02:10:49.641968,8.83,4,iOS
5950,1955,2025-05-25 16:22:00,2025-05-25 16:34:58.632243,12.98,6,iOS
5951,1955,2025-07-26 19:23:00,2025-07-26 19:35:37.984889,12.63,6,iOS
5952,1956,2024-05-11 07:42:00,2024-05-11 07:55:32.733936,13.55,6,Android
5953,1956,2024-04-04 19:37:00,2024-04-04 19:49:21.539672,12.36,6,Android
5954,1956,2024-07-10 13:10:00,2024-07-10 13:15:43.893898,5.73,2,Android
5955,1956,2024-04-12 15:21:00,2024-04-12 15:23:03.880683,2.06,1,Android
5956,1956,2024-04-20 01:21:00,2024-04-20 01:26:46.875029,5.78,2,Android
5957,1956,2024-04-17 06:55:00,2024-04-17 07:13:22.101110,18.37,9,Android
5958,1957,2024-03-02 19:53:00,2024-03-02 20:02:36.601338,9.61,4,iOS
5959,1957,2024-03-05 08:53:00,2024-03-05 09:00:16.193063,7.27,3,iOS
5960,1957,2024-02-25 11:09:00,2024-02-25 11:22:27.679332,13.46,6,iOS
5961,1958,2024-09-25 15:09:00,2024-09-25 15:17:38.340473,8.64,4,Android
5962,1958,2024-09-24 03:11:00,2024-09-24 03:32:23.818837,21.4,10,Android
5963,1958,2024-11-17 20:33:00,2024-11-17 21:08:18.434524,35.31,17,Android
5964,1959,2026-02-21 15:12:00,2026-02-21 15:17:25.784043,5.43,2,Web
5965,1959,2026-02-20 09:47:00,2026-02-20 09:50:50.354008,3.84,1,Web
5966,1959,2026-02-26 18:40:00,2026-02-26 18:54:09.134867,14.15,7,Web
5967,1960,2024-05-06 20:48:00,2024-05-06 20:51:51.192670,3.85,1,iOS
5968,1961,2024-05-13 06:57:00,2024-05-13 07:01:02.805598,4.05,2,iOS
5969,1961,2024-04-26 00:34:00,2024-04-26 00:44:25.353131,10.42,5,iOS
5970,1962,2025-12-28 09:59:00,2025-12-28 10:05:28.361476,6.47,3,Android
5971,1962,2025-10-31 01:54:00,2025-10-31 01:55:17.599060,1.29,0,Android
5972,1962,2025-12-23 14:28:00,2025-12-23 14:33:43.583567,5.73,2,Android
5973,1963,2025-11-22 14:24:00,2025-11-22 14:39:20.110285,15.34,7,Android
5974,1963,2025-10-08 11:20:00,2025-10-08 11:34:45.852415,14.76,7,Android
5975,1963,2025-12-14 13:45:00,2025-12-14 13:49:09.066560,4.15,2,Android
5976,1963,2025-11-03 22:18:00,2025-11-03 22:36:51.708044,18.86,9,Android
5977,1964,2025-10-18 20:05:00,2025-10-18 20:09:29.406557,4.49,2,iOS
5978,1965,2025-10-31 17:37:00,2025-10-31 17:54:31.565399,17.53,8,iOS
5979,1965,2025-09-13 21:39:00,2025-09-13 21:40:54.524953,1.91,0,iOS
5980,1965,2025-11-02 18:09:00,2025-11-02 18:20:49.360613,11.82,5,iOS
5981,1965,2025-07-14 07:21:00,2025-07-14 07:26:02.984907,5.05,2,iOS
5982,1966,2025-03-18 06:14:00,2025-03-18 06:29:17.218560,15.29,7,Android
5983,1966,2025-01-30 04:51:00,2025-01-30 04:52:55.096511,1.92,0,Android
5984,1966,2025-01-23 06:50:00,2025-01-23 06:53:26.537957,3.44,1,Android
5985,1966,2025-02-28 03:50:00,2025-02-28 03:59:35.452507,9.59,4,Android
5986,1967,2024-02-02 01:23:00,2024-02-02 01:41:37.087305,18.62,9,iOS
5987,1967,2024-03-13 05:42:00,2024-03-13 05:53:49.947181,11.83,5,iOS
5988,1967,2024-04-13 05:30:00,2024-04-13 05:38:23.905039,8.4,4,iOS
5989,1968,2025-12-03 13:44:00,2025-12-03 13:58:05.776409,14.1,7,Web
5990,1968,2026-01-10 17:56:00,2026-01-10 17:58:30.972285,2.52,1,Web
5991,1969,2025-04-05 14:30:00,2025-04-05 14:33:32.257670,3.54,1,Android
5992,1969,2025-03-15 04:51:00,2025-03-15 05:02:21.563035,11.36,5,Android
5993,1970,2025-06-14 03:22:00,2025-06-14 03:32:44.308231,10.74,5,Web
5994,1970,2025-05-17 12:56:00,2025-05-17 13:02:19.408406,6.32,3,Web
5995,1971,2024-05-13 16:52:00,2024-05-13 17:10:23.212962,18.39,9,Android
5996,1971,2024-05-03 17:17:00,2024-05-03 17:31:57.767126,14.96,7,Android
5997,1971,2024-06-14 21:09:00,2024-06-14 21:17:47.705959,8.8,4,Android
5998,1972,2025-06-30 05:41:00,2025-06-30 05:52:12.162680,11.2,5,iOS
5999,1973,2024-12-21 10:51:00,2024-12-21 10:57:11.992117,6.2,3,Android
6000,1973,2024-11-19 02:18:00,2024-11-19 02:33:25.148356,15.42,7,Android
6001,1974,2025-07-02 08:03:00,2025-07-02 08:11:06.166480,8.1,4,Android
6002,1974,2025-07-19 07:03:00,2025-07-19 07:09:58.888512,6.98,3,Android
6003,1974,2025-08-11 21:53:00,2025-08-11 22:04:22.175417,11.37,5,Android
6004,1974,2025-05-19 22:10:00,2025-05-19 22:27:16.117905,17.27,8,Android
6005,1974,2025-08-07 16:03:00,2025-08-07 16:20:34.535068,17.58,8,Android
6006,1974,2025-07-20 15:26:00,2025-07-20 15:30:20.488336,4.34,2,Android
6007,1975,2025-09-09 00:03:00,2025-09-09 00:19:43.010514,16.72,8,iOS
6008,1975,2025-09-18 11:46:00,2025-09-18 12:00:54.923408,14.92,7,iOS
6009,1975,2025-08-30 17:53:00,2025-08-30 18:05:33.818270,12.56,6,iOS
6010,1975,2025-09-01 14:56:00,2025-09-01 15:31:02.858081,35.05,17,iOS
6011,1975,2025-06-16 23:39:00,2025-06-17 00:02:43.730365,23.73,11,iOS
6012,1975,2025-06-29 11:24:00,2025-06-29 11:34:49.061863,10.82,5,iOS
6013,1975,2025-09-01 15:14:00,2025-09-01 15:25:44.450526,11.74,5,iOS
6014,1975,2025-07-11 20:27:00,2025-07-11 20:35:03.845640,8.06,4,iOS
6015,1976,2024-11-19 09:22:00,2024-11-19 09:26:43.568812,4.73,2,Android
6016,1977,2024-02-13 12:30:00,2024-02-13 12:36:49.107913,6.82,3,Android
6017,1978,2024-05-15 11:10:00,2024-05-15 11:25:04.345277,15.07,7,iOS
6018,1979,2025-04-16 11:44:00,2025-04-16 11:56:43.665006,12.73,6,Android
6019,1979,2025-03-16 06:13:00,2025-03-16 06:24:50.352716,11.84,5,Android
6020,1979,2025-02-07 02:03:00,2025-02-07 02:11:07.714371,8.13,4,Android
6021,1980,2025-08-22 18:09:00,2025-08-22 18:26:33.015455,17.55,8,Android
6022,1980,2025-10-19 09:57:00,2025-10-19 10:10:33.889862,13.56,6,Android
6023,1981,2025-03-15 11:52:00,2025-03-15 12:36:57.079178,44.95,22,Android
6024,1982,2025-11-02 00:04:00,2025-11-02 00:09:15.561653,5.26,2,Android
6025,1982,2025-10-12 13:06:00,2025-10-12 13:09:19.028098,3.32,1,Android
6026,1982,2025-08-07 20:49:00,2025-08-07 21:04:20.544046,15.34,7,Android
6027,1982,2025-09-12 14:03:00,2025-09-12 14:18:43.379434,15.72,7,Android
6028,1982,2025-09-02 16:03:00,2025-09-02 16:22:04.972952,19.08,9,Android
6029,1982,2025-07-26 14:53:00,2025-07-26 15:11:29.699005,18.49,9,Android
6030,1983,2025-07-26 13:06:00,2025-07-26 13:13:56.988079,7.95,3,Android
6031,1983,2025-07-28 21:01:00,2025-07-28 21:08:38.196455,7.64,3,Android
6032,1984,2025-04-18 05:43:00,2025-04-18 05:54:19.133130,11.32,5,iOS
6033,1984,2025-04-06 06:35:00,2025-04-06 06:42:54.202617,7.9,3,iOS
6034,1984,2025-06-03 12:11:00,2025-06-03 12:12:33.453465,1.56,0,iOS
6035,1985,2025-12-18 23:01:00,2025-12-18 23:09:43.012855,8.72,4,Android
6036,1986,2025-04-27 11:13:00,2025-04-27 11:30:40.145612,17.67,8,Web
6037,1986,2025-03-21 03:15:00,2025-03-21 03:24:44.772916,9.75,4,Web
6038,1986,2025-04-15 00:51:00,2025-04-15 01:07:55.373156,16.92,8,Web
6039,1986,2025-05-06 16:34:00,2025-05-06 16:51:59.661480,17.99,8,Web
6040,1986,2025-04-12 17:00:00,2025-04-12 17:13:51.742568,13.86,6,Web
6041,1987,2024-05-03 18:58:00,2024-05-03 19:11:22.371944,13.37,6,iOS
6042,1987,2024-05-02 18:18:00,2024-05-02 18:25:10.580182,7.18,3,iOS
6043,1988,2024-04-02 09:01:00,2024-04-02 09:36:44.113231,35.74,17,Android
6044,1988,2024-02-22 09:19:00,2024-02-22 09:35:35.655043,16.59,8,Android
6045,1988,2024-03-21 03:17:00,2024-03-21 03:48:39.536612,31.66,15,Android
6046,1988,2024-01-23 10:00:00,2024-01-23 10:36:32.257209,36.54,18,Android
6047,1988,2024-03-16 09:33:00,2024-03-16 10:07:37.592121,34.63,17,Android
6048,1988,2024-03-14 07:01:00,2024-03-14 07:37:10.292883,36.17,18,Android
6049,1989,2026-03-16 19:21:00,2026-03-16 19:22:25.254262,1.42,0,Android
6050,1989,2025-12-08 03:42:00,2025-12-08 03:51:59.254178,9.99,4,Android
6051,1990,2025-03-18 02:50:00,2025-03-18 02:53:09.617468,3.16,1,Android
6052,1990,2025-02-09 23:53:00,2025-02-10 00:00:14.430733,7.24,3,Android
6053,1990,2025-03-27 12:16:00,2025-03-27 12:17:28.386064,1.47,0,Android
6054,1990,2025-03-18 05:06:00,2025-03-18 05:16:48.204971,10.8,5,Android
6055,1991,2024-06-15 06:38:00,2024-06-15 06:46:57.938495,8.97,4,iOS
6056,1992,2025-02-12 20:38:00,2025-02-12 20:39:26.846894,1.45,0,Android
6057,1992,2025-04-29 04:06:00,2025-04-29 04:13:35.168986,7.59,3,Android
6058,1992,2025-03-20 11:00:00,2025-03-20 11:03:22.936479,3.38,1,Android
6059,1992,2025-05-07 01:28:00,2025-05-07 01:32:09.295311,4.15,2,Android
6060,1993,2025-05-24 16:22:00,2025-05-24 16:35:28.392518,13.47,6,iOS
6061,1993,2025-07-19 07:48:00,2025-07-19 08:02:33.245262,14.55,7,iOS
6062,1993,2025-08-26 19:52:00,2025-08-26 20:07:35.334330,15.59,7,iOS
6063,1994,2025-05-05 21:04:00,2025-05-05 21:16:13.710843,12.23,6,Android
6064,1995,2024-08-14 09:29:00,2024-08-14 09:44:48.631924,15.81,7,Android
6065,1996,2024-08-19 22:24:00,2024-08-19 22:27:38.462895,3.64,1,Android
6066,1997,2025-02-19 09:57:00,2025-02-19 10:11:51.114944,14.85,7,Android
6067,1997,2025-01-22 14:48:00,2025-01-22 14:55:42.207793,7.7,3,Android
6068,1997,2024-11-19 06:37:00,2024-11-19 06:52:03.259326,15.05,7,Android
6069,1997,2025-01-19 07:13:00,2025-01-19 07:14:42.151151,1.7,0,Android
6070,1997,2024-11-17 18:32:00,2024-11-17 18:41:26.873782,9.45,4,Android
6071,1997,2025-03-02 19:16:00,2025-03-02 19:27:15.080387,11.25,5,Android
6072,1998,2024-10-11 01:04:00,2024-10-11 01:17:10.995138,13.18,6,Android
6073,1998,2024-08-03 00:33:00,2024-08-03 01:14:16.826498,41.28,20,Android
6074,1999,2024-05-15 16:09:00,2024-05-15 16:47:33.362231,38.56,19,Web
6075,2000,2025-06-27 03:33:00,2025-06-27 04:15:58.044919,42.97,21,Android
6076,2000,2025-05-02 06:05:00,2025-05-02 06:35:58.643267,30.98,15,Android
6077,2000,2025-06-12 15:23:00,2025-06-12 15:50:20.195435,27.34,13,Android
6078,2000,2025-06-02 03:50:00,2025-06-02 04:01:05.982513,11.1,5,Android
6079,2000,2025-05-06 18:41:00,2025-05-06 18:49:30.415663,8.51,4,Android
